source_row_id,matched_standardizedItemId,confidence,decision,reason
870,KVI-HARD-0015,0.9211,match,"The competitor product 'Ziploc Storage Bag Gallon 15pcs' exactly matches the master list entry with the same brand 'Ziploc', model 'Storage', pack size of 15pcs, and units. The comparison is confirmed with a high similarity score."
214,KVI-HARD-0030,0.963,match,"The competitor product 'Clorox Disinfecting Wipes 75pcs' matches the master list item 'Clorox Disinfecting Wipes 75pcs' in terms of brand (Clorox), model (Original), quantity (75pcs), and units (pcs). Thus, this confirms a match."
1720,KVI-HARD-0010,0.8946,match,"The competitor product '3M Microfibr Cloth Yellow 2pcs' matches the master KVI entry '3M Microfiber Cloth Yellow 2pcs' exactly in brand, model, pack size, and unit. The only difference is a typo in the description; 'Microfibr' is likely a misspelling of 'Microfiber'. Thus, they are considered a match."
1934,,0.0,no_match,"The competitor product 'Plastic flower pot 6 inch' does not match any items in the master KVI candidates, which include watering cans and a sponge. None of the attributes such as product type, brand, and size correspond."
1433,KVI-FMCG-0093,0.97,match,"The competitor product matches exactly with the master list entry: both have the brand 'Colgate', model 'Total', size '100g', and unit 'g'."
692,KVI-HARD-0014,0.9384,match,"The competitor item 'Glad Trash Bag Black 30 Gallon 30pcs' matches the master item 'Glad Trash Bag Black 30 Gallon 30pcs' in terms of brand (Glad), model (Strong), size (30 Gallon), quantity (30pcs), and unit (pcs). All identifiers are identical."
1368,KVI-FMCG-0010,0.9,match,"The competitor product entry 'Sprite Lemon-Lime 325.' is an exact match for the master list item with a standardized item ID 'KVI-FMCG-0010'. Both the brand 'Sprite', model 'Classic', and size '325ml' are consistent and match exactly, confirming a true match."
1847,,0.0,no_match,"The competitor product 'Yoga mat 6mm thick blue' does not match any available master KVI candidates. No brand, model, or product type align with those in the master list."
1913,,0.0,no_match,"The competitor product is a plastic flower pot 6 inch, which has no matching brand, model, or category with any of the KVI master list candidates. All candidates are watering cans or dish sponges, indicating a different product type."
1612,KVI-FMCG-0023,0.9406,match,"The competitor product 'Heineken Lager 620ML' matches the master product 'Heineken Lager 620ml' in brand ('Heineken'), model ('Original'), size (620ml), and unit (ml). Therefore, it is considered a match."
1987,,0.0,no_match,"The competitor product 'Random unbranded keychain 5pcs' does not match any items from the master KVI candidates due to differences in brand identifiers, product name, and incompatible category (keychain vs. electronic products)."
1385,KVI-FMCG-0031,0.9479,match,"The competitor product 'Sprinkle Drinking Water 330ML' exactly matches the master product 'Sprinkle Drinking Water 330ml' in brand ('Sprinkle'), model ('Water'), size (330 ml), and units (ml). The only difference is the capitalization of 'ml', which does not affect the match."
451,KVI-FMCG-0039,0.922,match,"The competitor product 'Redbull Red Bull Energy Drink 150ml' exactly matches the master KVI candidate 'Red Bull Energy Drink 150ml' in terms of the brand ('Red Bull'), model ('Classic'), size (150ml), and units (ml)."
1329,KVI-FMCG-0053,1.0,match,"The competitor product 'Pringles Original 147g' exactly matches the master KVI candidate 'Pringles Original 147g' in brand ('Pringles'), model ('Original'), size (147g), and unit ('g')."
1003,KVI-FMCG-0076,0.9,match,"The competitor product, ""ดัชมิลล์ Dutch Mill UHT Milk 180ml Hot Deal"", matches exactly with the master list item ""Dutch Mill UHT Milk 180ml"" in terms of brand (Dutch Mill), model (UHT), pack size (180ml), and unit (ml). The only difference is the additional words 'Hot Deal' in the competitor product which is not part of the identified attributes."
386,KVI-ELEC-0022,0.95,match,"The competitor product 'Duracell Plus Power AA 8pcs' matches exactly with the master KVI candidate 'Duracell Plus Power AA 8pcs' in terms of brand 'Duracell', model 'Plus', pack size '8', and units 'pcs'."
122,KVI-FMCG-0083,0.95,match,"The competitor product 'Pantene Shampoo Smo. Silky 300ml' matches exactly with the KVI product 'Pantene Shampoo Smooth Silky 300ml'. Both items are from the brand 'Pantene', have the same model 'Smooth', and the pack size is exactly 300ml."
41,KVI-FMCG-0067,0.8486,match,"The competitor product 'Yum Yum Chickn Noodle 60g' matches exactly with the master list item 'Yum Yum Chicken Noodle 60g' in terms of brand 'Yum Yum', model 'Chicken', size 60g, and unit 'g'."
1503,KVI-FMCG-0037,0.8598,match,"The competitor product 'M-150 Energy Drink 150ml BUNDLE' matches with the master product 'M-150 Energy Drink 150ml' in brand 'M-150', model 'Original', pack size '150ml', and units as 'ml'. Although the competitor title includes 'BUNDLE', we consider it a match due to all other identifiers being consistent."
1379,KVI-FMCG-0106,1.0,match,"The competitor product 'Downy Concentrate Lavender 600ml' matches exactly with the master KVI candidate 'Downy Concentrate Lavender 600ml' in terms of brand 'Downy', model 'Lavender', pack size '600ml', and physical metric unit 'ml'."
10,KVI-ELEC-0006,0.735,match,"The competitor product 'Anker PowerLine USB-C 1.8m GIFT SET' matches the master list entry 'Anker PowerLine USB-C 1.8m' regarding brand (Anker), model (A8187), size (1.8), and unit (m). The only difference is the addition of 'GIFT SET', which does not affect the core product identification."
1096,KVI-FMCG-0098,0.99,match,"The competitor product 'นีเวีย Nivea Body Lotion Whitening 200ml' matches exactly with the master candidate 'Nivea Body Lotion Whitening 200ml'. Both have the same brand 'Nivea', model 'Whitening', size quantity of 200ml, and physical unit 'ml'."
262,KVI-FMCG-0041,0.9124,match,"Both competitor product and master product share the same brand 'Lipton', identical model 'Lemon', and they have the exact same pack size of 250ml."
1812,,0.0,no_match,The competitor product 'Random unbranded keychain 5pcs' does not match any items from the master list. The competitor product is unbranded and describes a different product type than the electronic items listed in the master KVI candidates.
1864,,0.0,no_match,"The competitor product is an iPhone 8, whereas the KVI master candidates are memory cards (SanDisk and Kingston). None of the brand, model, or product categories match, and the size descriptions are entirely different."
997,KVI-HARD-0031,0.928,match,"The competitor product 'Windex Glass Cleaner 500ml' matches exactly with the master KVI candidate 'Windex Glass Cleaner 500ml' in brand (Windex), size (500ml), and no other variants (color or flavor) are mentioned."
1797,,0.0,no_match,"The competitor product 'Plastic flower pot 6 inch' does not match any of the master KVI candidates. All available candidates are watering cans with different models, brands, and sizes. The description of the competitor product indicates a flower pot, not matching any elements of size, brand, or type with the candidates."
186,KVI-FMCG-0080,0.8375,match,"The competitor product 'Anchor Butter Slted 227g' matches the master KVI candidate 'Anchor Butter Salted 227g'. Brand 'Anchor' matches, model 'Salted' matches, and the pack size is 227g, which also matches exactly."
1646,KVI-HARD-0007,1.0,match,"The competitor product, 'บ๊อช Bosch Drill GSB 550 1pcs ใหม่!', exactly matches the master product 'Bosch Drill GSB 550 1pcs' in terms of brand (Bosch), model (GSB550), size (1pcs), and unit (pcs). There are no discrepancies in flavor, size, or variant, confirming a true match."
576,KVI-FMCG-0014,0.9515,match,"The competitor product 'Fanta Orange 1.25L' matches exactly with the master product 'Fanta Orange 1.25L' in terms of brand ('Fanta'), model ('Orange'), size (1.25), and unit ('L')."
1818,,0.0,no_match,Filtered by local retrieval layer: Similarity score fell well below minimum structural threshold.
936,KVI-ELEC-0021,1.0,match,"The competitor product 'Duracell Plus Power AA 4pcs' exactly matches the KVI master entry 'Duracell Plus Power AA 4pcs' in terms of brand (Duracell), model (Plus), size (4pcs), and unit (pcs). All attributes match exactly."
446,KVI-FMCG-0023,1.0,match,"The competitor product 'Heineken Lger 620ml' matches the master KVI candidate 'Heineken Lager 620ml' in all aspects: brand is 'Heineken', product name corresponds directly when correcting 'Lger' to 'Lager', size is 620ml, and unit is ml."
425,KVI-FMCG-0102,1.0,match,"The competitor product 'Tide Powder Detergent 3kg' matches exactly with a master entry 'Tide Powder Detergent 3kg' in terms of brand 'Tide', model 'Original', size quantity '3kg', and physical metric units."
458,KVI-ELEC-0030,0.9,match,"The competitor product 'Kingston DataTraveler 64GB 1pcs x12 PACK' matches exactly in brand 'Kingston', model 'DT100', and size '64GB 1pcs'. Although the competitor mentions a pack of 12, it does not alter the core product details such as size and brand, confirming it as a match."
1183,KVI-FMCG-0108,0.95,match,"The competitor product 'Downy Concentrate Lavender 2.8L BIG SALE' matches exactly with the master product 'Downy Concentrate Lavender 2.8L' in brand ('Downy'), model ('Lavender'), size (2.8L), and unit (L). There are no discrepancies in flavor or variant. Therefore, it is a confirmed match."
1962,,0.0,no_match,"The competitor product 'Cute cat ear hairband' does not match any items in the canonical master list. None of the candidates (Logitech Wireless Mouse, JBL Tune Wireless Earbuds, Magic Mop Spin 360) share the same brand, model, size, or category."
525,KVI-FMCG-0037,0.9715,match,"The competitor product 'M-150 Energy Drink 150ml Limited!' matches the master item with ID 'KVI-FMCG-0037' as they share the same brand 'M-150', product name 'M-150 Energy Drink 150ml', size '150ml', and all physical metric units match exactly."
944,KVI-FMCG-0010,1.0,match,"The competitor product 'Sprite Lemon-Lime 325ml' matches exactly with the master entry 'Sprite Lemon-Lime 325ml'. Both have the same brand 'Sprite', size '325ml', and there are no discrepancies in the flavor or variant."
1141,KVI-FMCG-0002,0.95,match,"The competitor product 'Coca-Cola Original Taste 500. x12 PACK' matches the KVI master list item 'Coca-Cola Original Taste 500ml'. The brand is 'Coca-Cola', the model is 'Classic', and the size is 500ml. The competitor's description indicates a pack of 12, which does not alter the product's identity."
815,KVI-FMCG-0070,0.9581,match,"The competitor product 'Foremost Fresh Milk 450ML' matches exactly with the master KVI candidate 'Foremost Fresh Milk 450ml' in terms of brand ('Foremost'), model ('Fresh'), pack size (450.0 ml), and units (ml). The only difference is case in the unit (ml vs ML), which does not affect the match."
1975,,0.0,no_match,"The competitor product 'DIY craft glue gun mini' does not match any items in the master KVI candidates based on brand, model, and product type. The available candidates are all glue products from 'Loctite' with specific sizes (3g and 5g), while the competitor's product is a glue gun and not a glue container, hence no match."
855,KVI-FMCG-0083,0.95,match,"The competitor product 'แพนทีน Pntene Shampoo Smooth Silky 300ml' matches the master product 'Pantene Shampoo Smooth Silky 300ml' in terms of brand (Pantene), model (Smooth), and size (300ml). All details are consistent and aligned."
824,KVI-HARD-0003,0.9612,match,"The competitor product '3M Duct Tape Silver 48mm' matches exactly with the master item '3M Duct Tape Silver 48mm' in brand, model, size (48mm), and unit (mm)."
70,KVI-HARD-0042,0.9546,match,"The competitor product 'Watering Can Plastic 10L' matches the master KVI candidate 'Watering Can Plastic 10L' with identical size (10L), brand (Generic), model (Plastic), and packaging specifications."
115,KVI-ELEC-0039,0.8188,match,"The competitor product 'Samsung Gal. Buds 2 1pcs x12 PACK' matches with the master list item 'Samsung Galaxy Buds 2 1pcs'. Both have the same brand 'Samsung', model 'Buds2', pack size of 1.0 pcs. The only variation is the competitor entry denotes a '12 PACK', which is not present in the master list, but since the core product and its identifiers match, the product is deemed a match."
294,KVI-FMCG-0066,1.0,match,"The competitor product 'WaiWai Ori. 90g' matches exactly with the master product 'WaiWai Original 90g' in terms of brand (WaiWai), model (Original), size (90g), and unit (g). Thus, the comparison confirms a true match."
1711,KVI-FMCG-0076,1.0,match,"The competitor product 'Dutch Mill UHT Milk 180ml GIFT SET' matches the master list item 'Dutch Mill UHT Milk 180ml'. Both have the same brand 'Dutch Mill', model 'UHT', size of 180ml, and appropriate units. No differences in flavor, variant, or size noted."
1783,,0.0,no_match,"The competitor product 'Plastic flower pot 6 inch' does not match any items in the master KVI candidates. The available candidates are watering cans and a dish sponge, which are different products and do not match the brand, product type, or size."
565,KVI-FMCG-0063,0.9174,match,"The competitor product 'MAMA Pork Flavor 55g' exactly matches the master list item with standardizedItemId 'KVI-FMCG-0063' on all attributes: brand 'MAMA', model 'Pork', size 55g."
1038,KVI-FMCG-0030,0.8938,match,"The competitor product 'Crystal Drinking Water 1.5L' matches exactly with the master item 'Crystal Drinking Water 1.5L'. Both have the same brand 'Crystal', model 'Water', package size of 1.5L, and the unit of measurement as liters. No discrepancies in flavor, size, or other attributes were found."
1209,KVI-FMCG-0084,1.0,match,"The competitor product 'Pantene Shampoo Smooth Silky 480ml' matches exactly with the master list item 'Pantene Shampoo Smooth Silky 480ml' in terms of brand (Pantene), model (Smooth), size (480ml), and units (ml)."
1164,KVI-FMCG-0097,0.9,match,"The competitor product, 'นีเวีย Nivea Body Lotion Whi. 100ml', matches the master list item 'Nivea Body Lotion Whitening 100ml' because both products share the same brand 'Nivea', the same model 'Whitening', the same size of '100ml', and the unit is 'ml'. No discrepancies in flavor, variant, or unlisted product are found."
986,KVI-HARD-0027,0.9578,match,"The competitor product 'Rubber Gloves Yellow 1pcs' matches exactly with the master candidate 'Rubber Gloves Yellow 1pcs' in terms of name, size (1pcs), and unit (pcs). Brand identifiers are not the same (Competitor does not specify a brand, while master is Scotch-Brite), but the model and product description align."
808,KVI-FMCG-0003,0.786,match,"The competitor product 'โค้ก Coca-Cola Original Taste 1.25L' matches exactly with the master product 'Coca-Cola Original Taste 1.25L' in terms of brand (Coca-Cola), model (Classic), size (1.25L), and unit (L). The competitor product does not indicate a different flavor or variant."
1724,KVI-FMCG-0082,0.9,match,"The competitor product 'Pantene Shampoo Smooth Silky 170' has the same brand 'Pantene', model 'Smooth', size quantity '170', and unit 'ml' as the master KVI candidate product 'Pantene Shampoo Smooth Silky 170ml'. The only difference is the title formatting, which does not affect the match."
1374,KVI-FMCG-0042,0.8187,match,"The competitor product 'Lipton Lemon Tea 450ml Hot Deal' matches the master entry 'Lipton Lemon Tea 450ml' in terms of brand 'Lipton', model 'Lemon', and pack size of 450ml. The phrase 'Hot Deal' does not affect the matching criteria."
1665,KVI-FMCG-0090,0.9736,match,"The competitor product 'Dove Body Wash Original 500ML' matches exactly with the master KVI candidate 'Dove Body Wash Original 500ml' in brand, model, pack size (500ML = 500ml), and unit (ml). Therefore, this is a confirmed match."
241,KVI-FMCG-0065,0.9344,match,"The competitor product 'WaiWai Original 60g' matches exactly with the master product 'WaiWai Original 60g' in terms of brand, model, and pack size (60g)."
31,KVI-ELEC-0012,0.704,match,"The competitor product 'Anker PowerCore 10000 1pcs' matches exactly with the KVI master product with standardizedItemId 'KVI-ELEC-0012' in terms of brand (Anker), model (A1263), pack size (1.0 pcs), and product name. The description and identifiers align precisely."
1713,KVI-ELEC-0015,0.8579,match,"The competitor product 'เอเนอร์ไจเซอร์ Energizer Max AA 2pcs' matches exactly with the master list entry 'Energizer Max AA 2pcs' in brand, model, size (2pcs), and unit (pcs)."
133,KVI-ELEC-0019,0.9,match,"The competitor product 'Energizer Mx AAA 4pcs' matches the master KVI candidate 'Energizer Max AAA 4pcs' based on the identical brand 'Energizer', model 'Max', pack size '4pcs', and unit 'pcs' without any discrepancies in the flavor or product variant."
288,KVI-HARD-0026,0.968,match,"The competitor product 'Scotch-Brite Dish Sponge 6pcs' matches exactly with the master KVI item 'Scotch-Brite Dish Sponge 6pcs'. The brand 'Scotch-Brite' is the same, and both products have a pack size of 6.0 pcs, fully matching in terms of size, unit, and brand presence."
921,KVI-FMCG-0034,1.0,match,"The competitor product 'Nestle Pure Life Water 330ml' has the same brand 'Nestle', the same model 'Pure Life', the same size '330ml', and the same physical metric unit 'ml' as the master list item with ID 'KVI-FMCG-0034'. All identifiers match exactly."
1988,,0.0,no_match,"The competitor product 'Yoga mat 6mm thick blue' does not match any items from the master list in terms of brand, model, or product category. The master KVI candidates are all 3M Microfiber Cloths and Duct Tape, which are entirely different products."
1298,KVI-FMCG-0049,1.0,match,"The competitor product 'Lay's Sour Cream Onion 28g ใหม่!' matches exactly with the master list item 'Lay's Sour Cream Onion 28g'. Both have the same brand 'Lay's', model 'Sour Cream', pack size of 28g in the correct unit, and no differing flavor or variant."
1650,KVI-ELEC-0027,0.9469,match,"The competitor product 'Osram LED Bulb 12W Cool 1pcs' matches exactly with the master KVI candidate 'Osram LED Bulb 12W Cool 1pcs' based on brand, model name, pack size, and unit. All identifiers are consistent."
1147,KVI-HARD-0014,1.0,match,"The competitor product 'Glad Trash Bag Black 30 Gallon 30pcs' matches exactly with the master product 'Glad Trash Bag Black 30 Gallon 30pcs' in brand, model, size quantity (30 pcs), and units (pcs)."
1491,KVI-FMCG-0103,0.95,match,"The competitor product 'Comfor Comfort Fabric Softener Pink 600ml' matches with the master product 'Comfort Fabric Softener Pink 600ml'. The brand 'Comfort' matches, model 'Pink' matches, size '600ml' matches and the unit 'ml' matches exactly."
62,KVI-HARD-0012,0.9199,match,"The competitor product 'Magic Mop Spin 360 1pcs' matches exactly with the master list item: brand 'Magic', model 'Spin360', size '1 pcs' with a unit of 'pcs', confirming the match criteria."
721,KVI-FMCG-0104,0.8073,match,"The competitor product 'คอมฟอร์ท Comfort Fabric Softener Pink 1.4L' matches exactly with the master list item 'Comfort Fabric Softener Pink 1.4L' in terms of brand ('Comfort'), model ('Pink'), pack size (1.4L), and unit ('L')."
1905,,0.0,no_match,"The competitor product 'Cooking apron floral pattern' does not match any item from the master list based on brand, model, size, or unit criteria."
607,KVI-FMCG-0082,0.9,match,"The competitor product 'Pantene Sha. Smooth Silky 170ml' matches the master item 'Pantene Shampoo Smooth Silky 170ml' by the same brand (Pantene), model (Smooth), exact size (170ml), and no differences in flavor or variant."
270,KVI-FMCG-0047,0.8112,match,"The competitor product 'เลย์ Lay's Classic Salted 75g BUNDLE' and the master KVI item 'Lay's Classic Salted 75g' match on brand 'Lay's', model 'Classic', size '75g', and unit 'g'. The presence of 'BUNDLE' is not a variation in product specifications, and they effectively refer to the same product."
1270,KVI-FMCG-0028,0.8667,match,"The competitor product 'Crystl Drinking Water 350ML' matches the master product 'Crystal Drinking Water 350ml' in brand (Crystal), model (Water), size (350ML), and unit (ml). The only difference is the spelling of the brand 'Crystl' vs 'Crystal', which is considered as a typographical error."
106,KVI-FMCG-0093,0.95,match,"The competitor product 'Colgate Toothpaste Total 100g' matches exactly with the master list item 'Colgate Toothpaste Total 100g' in brand, model, size (100g), and unit (g). The similarity score of 0.949 indicates a strong match."
239,KVI-FMCG-0043,0.9,match,"The competitor product 'Nescfe Original 180ml' matches the master KVI item 'Nescafe Original 180ml' on brand (Nescafe), model (Original), pack size (180ml), and unit (ml). The similarity in titles, along with the exact matching size, verifies the match."
648,KVI-HARD-0028,0.9541,match,"The competitor product 'Rubber Gloves Yellow 2pcs' matches with the master list item 'Rubber Gloves Yellow 2pcs' from Scotch-Brite. Both have the same brand (Scotch-Brite), model (Heavy), size (2pcs), and unit (pcs), confirming an exact match."
1174,KVI-FMCG-0050,0.9186,match,"The competitor product 'Lays Lay's Sour Cream Onion 50g' matches exactly with the KVI master list entry 'Lay's Sour Cream Onion 50g'. Both share the same brand 'Lay's', model 'Sour Cream', pack size '50g', and unit 'g'."
1790,,0.0,no_match,Filtered by local retrieval layer: Similarity score fell well below minimum structural threshold.
1056,KVI-FMCG-0108,0.9444,match,"The competitor product 'Downy Concentrate Lavender 2.8L' matches exactly with the master candidate 'Downy Concentrate Lavender 2.8L'. Brand 'Downy', model 'Lavender', size '2.8L', and unit 'L' are all identical."
1121,KVI-HARD-0030,0.95,match,"The competitor product matches the brand 'Clorox', product name 'Disinfecting Wipes', size '75pcs', and unit 'pcs' exactly as per the KVI master entry."
1396,KVI-FMCG-0052,0.9,match,"The competitor product 'Pringles Original 110g' matches exactly with the master KVI entry 'Pringles Original 110g' in terms of brand, model, size (110g), and unit (g)."
242,KVI-HARD-0022,1.0,match,"The competitor product 'IKEA SAMLA Box Clear 11L' exactly matches the KVI master item 'IKEA SAMLA Box Clear 11L' in brand 'IKEA', model 'SAMLA', size '11L', and units 'L'."
980,KVI-ELEC-0021,0.9538,match,"The competitor product 'Duracell Plus Power AA 4pcs' matches exactly with the master entry 'Duracell Plus Power AA 4pcs' in brand, model, pack size, and unit."
1169,KVI-FMCG-0115,0.8831,match,"The competitor product 'Magiclean Bathroom Spray 500' matches with the master entry 'Magiclean Bathroom Spray 500ml'. Both have the same brand 'Magiclean', model name is implicitly the same as 'Original' for the bathroom spray, and pack size of 500 matches 500ml."
1894,,0.0,no_match,"The competitor product 'Cooking apron floral pattern' does not match any items from the master list which are fabric softeners or sponges. There are no brand, model, size, or unit matches."
67,KVI-HARD-0033,0.9579,match,"The competitor product 'Glade Air Freshener Lavender 250ml' matches exactly with the master entry 'Glade Air Freshener Lavender 250ml' on brand, model, size quantity (250ml), and unit (ml)."
1910,,0.0,no_match,"The competitor product 'Cute cat ear hairband' does not match any of the master KVI candidates in terms of brand, model, size, or category."
564,KVI-HARD-0023,0.9483,match,"The competitor product is 'IKEA SAMLA Box Clear 22L', which matches exactly with the master list item 'IKEA SAMLA Box Clear 22L' in terms of brand (IKEA), model (SAMLA), size (22L), and unit (L)."
352,KVI-HARD-0042,0.8712,match,"The competitor product matches the master list item in brand (Generic), model (Plastic), size (10L), and unit (L). The only difference is the presence of 'BIG SALE' in the competitor's title which does not alter the product identification."
1551,KVI-FMCG-0073,0.8689,match,"The competitor product 'Meiji Fresh Milk 200ML BIG SALE' matches with the KVI master item 'Meiji Fresh Milk 200ml'. Both items share the same brand 'Meiji', model 'Fresh', and size '200ml'. The units are also consistent, thus confirming an exact match."
388,KVI-HARD-0028,0.9541,no_match,"The competitor product 'Rubber Gloves Yellow 2pcs' does not match the master item because the brand is not identical; the master item is from 'Scotch-Brite', whereas the competitor's brand is unspecified."
1771,,0.0,no_match,"The competitor product title 'DIY craft glue gun mini' does not match any of the master KVI candidates. The master candidates are all different products related to adhesive glues and a drill, which do not contain any mention of a glue gun, indicating a different type of product altogether."
1062,KVI-FMCG-0094,0.99,match,"The competitor product 'คอลเกต Colgate Toothpaste Total 150g' exactly matches the master item 'Colgate Toothpaste Total 150g' in brand (Colgate), model (Total), pack size (150g), and unit (g). No discrepancies detected."
1795,,0.0,no_match,"The competitor product 'Cooking apron floral pattern' does not match any available items from the master KVI candidates in terms of brand, model, or product category. All candidates are fabric softeners or sponges, while the competitor product is an apron."
1496,KVI-ELEC-0021,0.9182,match,"The competitor product 'Duracell Plus Pow. AA 4pcs' matches the master entry 'Duracell Plus Power AA 4pcs' in brand (Duracell), model (Plus), pack size (4pcs), and unit (pcs), confirming it is the same product."
167,KVI-ELEC-0004,0.9,match,"Brand 'Apple' matches, model 'MX0K2' corresponds to 'USB-C to Lightning 2m', size is 2m which is equivalent as both items state the same dimension, and the product descriptor aligns correctly without any flavor or variant discrepancies."
203,KVI-FMCG-0005,0.9551,match,"The competitor product 'Coca-Cola Original Taste 2L' matches the master list entry 'Coca-Cola Original Taste 2L' based on brand 'Coca-Cola', size '2L', and physical unit 'L'. All identifiers align correctly."
1015,KVI-FMCG-0098,0.963,match,"The competitor product 'Nivea Body Lotion Whitening 200ml' matches exactly with the master product 'Nivea Body Lotion Whitening 200ml' in terms of brand (Nivea), model (Whitening), pack size (200ml), and unit (ml). Thus, they are identified as a match."
1220,KVI-ELEC-0034,0.7513,match,"The competitor product 'Anker HDMI Cable 1.8m GIFT SET' matches the master product 'Anker HDMI Cable 1.8m' in terms of brand (Anker), model presence, size (1.8m), and unit (m). All critical identifiers are consistent, confirming a true match."
908,KVI-FMCG-0010,0.9,match,"The brand 'Sprite' matches. The model is 'Classic' and the product name contains 'Lemon-Lime', which is inferred from 'Lem.' in the title. The size is 325ML, which converts to 325.0 ml, and the unit corresponds perfectly. Therefore, this is a match."
534,KVI-FMCG-0068,0.8874,match,"The competitor product 'Yum Yum Chicken Noodle 90g' matches exactly with the master KVI candidate with standardizedItemId 'KVI-FMCG-0068' in terms of brand ('Yum Yum'), model ('Chicken'), size (90g), and unit (g)."
1924,,0.0,no_match,"The competitor product 'Plastic flower pot 6 inch' does not match any of the available master candidates. None of the KVI candidates have a similar product type or size to the competitor, which specifically describes a flower pot, while all available candidates are watering cans or dish sponges."
937,KVI-ELEC-0031,0.9413,match,"The competitor product 'Apple AirPods Pro 2nd Gen 1pcs' matches the master list item 'Apple AirPods Pro 2nd Gen 1pcs' based on the identical product name, brand ('Apple'), and size ('1pcs')."
72,KVI-ELEC-0034,0.8491,match,"The competitor product 'Anker HDMI Cable 1.8m' matches the master product 'Anker HDMI Cable 1.8m' in terms of brand (Anker), model (A8602), size (1.8m), and unit (m) exactly."
1738,KVI-HARD-0013,0.8455,match,"The competitor product 'Glad Trash Bag Black 30 Gallon 15p' matches the master product 'Glad Trash Bag Black 30 Gallon 15pcs' in brand (Glad), model (Strong), size (30 Gallon), and quantity (15pcs). The minor variation in '15p' compared to '15pcs' is acceptable as they refer to the same quantity of pieces."
344,KVI-FMCG-0095,0.9642,match,"The competitor product 'Sensodyne Toothpaste Original 75g' matches the master list entry with the exact brand 'Sensodyne', model 'Original', size 75g in units of grams. Both titles and other product attributes are equivalent, confirming a true match."
1380,KVI-FMCG-0091,0.97,match,"The competitor product 'Dove Body Wash Original 1L' matches exactly with the master KVI candidate: 'Dove Body Wash Original 1L'. Both have the same brand 'Dove', the same model 'Original', and the size of 1L matches the expected pack size of 1.0L."
1634,KVI-HARD-0012,0.92,match,"The competitor product 'Magic Mop Spin 360 1pcs' matches exactly with the master candidate 'Magic Mop Spin 360 1pcs' in terms of brand, model name, size (1pcs), and physical unit (pcs). The confidence score is high at 0.92, indicating a strong match."
1789,,0.0,no_match,"The competitor product is a 'Cooking apron floral pattern', which does not match any of the master KVI candidates, which are all fabric softeners and dish sponges. Therefore, no match can be made."
1613,KVI-ELEC-0001,0.8501,match,"The competitor product is 'Apple Lightning USB Cable 1m', which matches the brand 'Apple', model 'MD818', size '1m', and units 'm' exactly with the master entry."
1944,,0.0,no_match,"The competitor product 'Cooking apron floral pattern' does not match any items in the master list due to different product category (apron vs fabric softener) and lack of matching identifiers like brand, model, and size."
703,KVI-ELEC-0031,0.8843,match,"The competitor product 'Apple AirPods Pro 2nd Gen 1pcs' matches the master list entry 'Apple AirPods Pro 2nd Gen 1pcs'. Brand is 'Apple', model is 'A2698', size is '1 pcs', and the units match exactly."
1733,KVI-HARD-0026,0.9681,match,"The competitor product 'Scotch-Brite Dish Sponge 6pcs PACK 12' matches with the master list entry 'Scotch-Brite Dish Sponge 6pcs' in terms of brand (Scotch-Brite), model (Soft), size (6pcs), and unit (pcs). No discrepancies in flavor or variant were identified, confirming it as a true match."
1153,KVI-ELEC-0003,0.8729,match,"The competitor product 'Apple USB-C to Lightning 1m' matches exactly with the master KVI entry 'Apple USB-C to Lightning 1m'. The brand 'Apple', model 'MX0K2', size 1m and unit 'm' all align perfectly, confirming it as a match."
1858,,0.0,no_match,"The competitor product is 'Yoga mat 6mm thick blue', which is a yoga mat. The KVI candidates are all various products related to microfiber cloths and duct tape, which do not match in brand, model, size, or category. Therefore, there is no match."
1767,,0.0,no_match,"The competitor product is a DIY craft glue gun mini, which does not match any item from the KVI master list based on brand, model, or product type."
1263,KVI-ELEC-0013,0.95,match,"The competitor product 'Xiaomi Mi Power Bank 20000 1pcs x12 PACK' matches the master list item with ID KVI-ELEC-0013, which is 'Xiaomi Mi Power Bank 20000 1pcs'. Both have the same brand 'Xiaomi', the model components match since model 'PLM18ZM' is equivalent to the power bank model mentioned, and size/quantity of 1pcs is consistent with the master listing."
1995,,0.0,no_match,"The competitor product 'Random unbranded keychain 5pcs' does not match any item in the master list. The brand identifiers and product description do not align with the provided candidates, which include electronic items from specific brands (Anker and Kingston), along with different product types and pack sizes (1pcs). Therefore, this is considered a 'no_match'."
330,KVI-ELEC-0029,1.0,match,"The product matches exactly on brand 'SanDisk', model 'Ultra', size '128GB', quantity '1', and unit 'pcs'."
1670,KVI-FMCG-0080,0.9229,match,"The competitor product 'Anchor Butter Salted 227g' exactly matches the master product 'Anchor Butter Salted 227g' in brand, model, size, and unit."
132,KVI-FMCG-0085,0.8806,match,"The brand 'Pantene' matches exactly, the model name 'Smooth' matches the competitor title, the size of '650ml' matches perfectly, and the product description aligns with the item from the master list. No discrepancies in size, flavor, or variant."
654,KVI-ELEC-0024,0.8936,match,"The competitor product 'Pan. Eneloop AA 4pcs' matches exactly with the master product 'Panasonic Eneloop AA 4pcs' in terms of brand ('Panasonic'), model ('Eneloop'), pack size (4 pcs), and unit ('pcs')."
1388,KVI-HARD-0001,0.8779,match,"The competitor product '3M Scotch Magic Tape 19mm Free Delivery' matches the master KVI entry '3M Scotch Magic Tape 19mm'. Brand '3M' matches, model 'Magic' matches, and size '19mm' matches exactly."
823,KVI-FMCG-0081,0.925,match,"The competitor product 'Anchor Butter Salted 454g' matches exactly with the master list item 'Anchor Butter Salted 454g'. The brand is 'Anchor', model is 'Salted', size is 454 grams, and unit is 'g', which are all identical."
746,KVI-FMCG-0017,0.894,match,"The competitor product is 'Singha Beer 630ML', which matches our master entry 'Singha Beer 630ml' exactly in terms of brand ('Singha'), model ('Lager'), and size (630ml). The key identifiers align correctly, confirming a match."
1580,KVI-ELEC-0022,1.0,match,"The competitor product 'Duracell Plus Power AA 8pcs' matches exactly with the KVI product 'Duracell Plus Power AA 8pcs' in terms of brand identifiers (Duracell), model names (Plus), size quantities (8), and physical metric units (pcs)."
335,KVI-ELEC-0034,0.7164,match,"The competitor product 'Anker HDMI Cab. 1.8m' matches the master list item 'Anker HDMI Cable 1.8m' based on brand (Anker), model (A8602), size (1.8m), and unit (m) which are all identical."
1983,,0.0,no_match,Filtered by local retrieval layer: Similarity score fell well below minimum structural threshold.
99,KVI-FMCG-0102,0.7383,match,"The competitor product 'ไทด์ Tide Powder Detergent 3kg Save 20฿' matches exactly with the master product 'Tide Powder Detergent 3kg'. Both have the same brand 'Tide', the same size '3kg', and the same model 'Original'."
1869,,0.0,no_match,"The competitor product is a plastic flower pot, while the KVI candidates are watering cans and a dish sponge. The brand identifiers, model names, and product categories do not match, and the product description indicates a different type of item."
1439,KVI-HARD-0031,0.928,match,"The competitor product 'Windex Glass Cleaner 500ml' matches with the master list product 'Windex Glass Cleaner 500ml' with the same brand 'Windex', model 'Original', size '500ml', and unit 'ml'. All elements match exactly."
382,KVI-FMCG-0042,0.9195,match,"The competitor product 'Lipton Lemon Tea 450ml' matches exactly with the master item 'Lipton Lemon Tea 450ml' in terms of brand (Lipton), model (Lemon), size (450ml), and physical metric unit (ml). The only difference is that the competitor entry includes the word 'PROMOTION', which does not affect the matching criteria."
37,KVI-FMCG-0012,0.9287,match,"The competitor product 'Sprite Lemon-Lime 1.5L' matches the master list item 'Sprite Lemon-Lime 1.5L'. The brand 'Sprite' is the same, the model is equivalent, the size is exactly 1.5L, and the unit is also correctly matched. Therefore, it's a confirmed match."
304,KVI-HARD-0030,0.95,match,"The competitor product is 'Clorox Disinfecting Wipes 75p', which matches the master list item 'Clorox Disinfecting Wipes 75pcs'. Both items are from the same brand 'Clorox', the model can be inferred as 'Original' (common for this line), and the pack size of 75 is equivalent to 75pcs. The unit is consistently in 'pcs'. Thus, this is a direct match."
1200,KVI-FMCG-0021,0.9188,match,"The competitor product 'Heinekn Heineken Lager 330ml' matches exactly with the master KVI candidate 'Heineken Lager 330ml' in brand ('Heineken'), product name ('Heineken Lager'), size (330ml), and unit (ml). All elements match perfectly."
1330,KVI-HARD-0026,0.95,match,"The competitor product 'Scotch-Brite Dish Sponge 6pcs' matches the master entry 'Scotch-Brite Dish Sponge 6pcs' exactly in brand, model, pack size (6pcs), and unit (pcs). There are no discrepancies in flavor, size, or variant."
968,KVI-FMCG-0065,0.783,match,"The competitor product 'Wai. Original 60g GIFT SET' matches the master KVI product 'WaiWai Original 60g' exactly in brand ('WaiWai'), model ('Original'), size (60g), and unit ('g')."
1732,KVI-FMCG-0063,0.9174,match,"The competitor product 'MAMA Pork Flavor 55g' exactly matches the KVI master item 'MAMA Pork Flavor 55g'. All attributes such as brand ('MAMA'), model ('Pork'), size (55g), and units (g) match exactly."
259,KVI-FMCG-0016,0.9501,match,"The competitor product 'Singha Beer 490ML' matches exactly with the master product 'Singha Beer 490ml' in terms of brand (Singha), model (Lager), and pack size (490 ml)."
572,KVI-FMCG-0098,0.95,match,"Verified that the brand 'Nivea', model 'Whitening', and size '200ml' match exactly. The competitor product describes a pack of 200ml x12, which corresponds to the same product as the single 200ml entry in our master list. The units (ml) are also consistent."
1195,KVI-FMCG-0024,0.95,match,"The competitor product 'Singha Drinking Wat. 330ml SET 6 ขวด' matches the master product 'Singha Drinking Water 330ml' exactly in brand (Singha), model (Water), size (330ml), and measurements (ml). The issue of packaging (SET 6) does not affect the match since we consider the base product."
468,KVI-ELEC-0007,0.95,match,"The competitor product 'Anker PowerLine USB-C 3m ใหม่!' matches the master list item 'Anker PowerLine USB-C 3m' based on exact brand identifier 'Anker', matching model name 'A8187', identical size quantity of 3.0 and unit 'm'."
1400,KVI-FMCG-0047,1.0,match,"The competitor product 'เลย์ Lay's Classic Salted 75g' matches exactly with the master KVI product 'Lay's Classic Salted 75g'. Both products have the same brand 'Lay's', model 'Classic', size '75g', and unit 'g'."
1787,,0.0,no_match,"Competitor product 'Random unbranded keychain 5pcs' does not match any available master KVI candidates due to significant differences in product type (keychain vs electronics), brand (unbranded vs Anker/Kingston), and characteristics (not matching in model, category or pack size)."
1617,KVI-FMCG-0039,1.0,match,"The competitor product 'Red Bull Energy Drink 150ml' matches exactly with the master KVI candidate 'Red Bull Energy Drink 150ml' in terms of brand ('Red Bull'), model ('Classic'), size quantity (150.0), and unit ('ml'). All identifiers are consistent."
759,KVI-ELEC-0018,0.8748,match,"The competitor product 'Energizer Max AAA 2pcs BUY1GET1!!!' has brand 'Energizer', model 'Max', and size '2pcs' which exactly matches the master entry 'Energizer Max AAA 2pcs'. The units are also consistent (pcs). Therefore, this is a match."
1349,KVI-FMCG-0025,0.9,match,"Brand 'Singha' matches, model 'Water' matches, size '600ml' matches, and physical unit 'ml' matches exactly with the competitor product."
1863,,0.0,no_match,Filtered by local retrieval layer: Similarity score fell well below minimum structural threshold.
1855,,0.0,no_match,"The competitor product 'Cute cat ear hairband' does not match any entries in the master list. There are no items in the KVI candidates that relate to hairbands, indicating a different product category. Hence, it does not correspond to any of the available products based on brand, model, or product type."
292,KVI-HARD-0021,0.9023,match,"Both competitor and master item are from Tupperware with the same model 'Modular Mate', size of 1.7L, and the brand matches exactly."
1275,KVI-FMCG-0074,0.9594,match,"The competitor product 'Meiji Fresh Milk 450ml' matches exactly with the master KVI candidate 'Meiji Fresh Milk 450ml' in terms of brand 'Meiji', model 'Fresh', pack size 450 ml, and unit 'ml'."
310,KVI-ELEC-0037,0.74,match,"The competitor product 'Log. Wireless Mouse 1pcs ใหม่!' has a brand identifier 'Logitech' which matches the master list entry for 'Logitech Wireless Mouse 1pcs'. The model is not specified in the competitor entry but it aligns with the details from the master item, which confirms it is an exact match by name, size (1pcs), and unit ('pcs'). No differences in flavor, size, or variant are indicated."
512,KVI-ELEC-0005,0.9,match,"The competitor product 'Anker PowerLine USB-C 0,9m' matches with the master product 'Anker PowerLine USB-C 0.9m'. Both have the same brand 'Anker', and the model aligns as well. The size is 0.9m in both products, and physical metric units are consistent."
80,KVI-FMCG-0112,0.735,match,"The competitor product 'Vixol Toilet Cle. 450ml ใหม่!' matches the master product 'Vixol Toilet Cleaner 450ml' based on the brand 'Vixol', model 'Original', pack size '450ml', and units 'ml'."
1104,KVI-ELEC-0005,0.7686,match,"The competitor product 'Anker PowerLine USB. 0.9m' matches the master list entry for 'Anker PowerLine USB-C 0.9m' in brand 'Anker', model 'A8187', pack size '0.9' meters, and unit 'm'. There are no discrepancies in these identifiers."
1698,KVI-FMCG-0108,0.95,match,"The competitor product 'Downy Concentrate Lavender 2,8L' matches the master list entry 'Downy Concentrate Lavender 2.8L' in brand, model, and size. Note that '2,8L' is equivalent to '2.8L' in numerical representation, confirming that the size matches. All identifiers align perfectly."
482,KVI-FMCG-0022,0.95,match,"The competitor product 'ไฮเนเก้น Hei. Lager 500ML' matches with the master KVI candidate 'Heineken Lager 500ml' as they have the same brand name 'Heineken', the same model 'Original', and a matching pack size of 500ml."
263,KVI-ELEC-0022,1.0,match,"The competitor product 'Duracell Plus Power AA 8pcs' matches exactly with the KVI master product 'Duracell Plus Power AA 8pcs'. Both have the same brand 'Duracell', model 'Plus', pack size of 8.0 and unit 'pcs'."
752,KVI-ELEC-0004,0.95,match,"The competitor product matches the master KVI entry on brand (Apple), product name (USB-C to Lightning 2m), size quantity (2m), and unit (m). The model name is different, but the essential attributes required for a match are consistent."
699,KVI-ELEC-0008,0.8665,match,"The competitor product 'Anker USB-C 20W Chrger 1pcs' matches the master product 'Anker USB-C 20W Charger 1pcs' in brand (Anker), size (1pcs), units (pcs), and the product name is essentially the same, with only a minor spelling error (Charger vs Chrger). The model is not provided but based on brand and overall attributes, a match is confirmed."
712,KVI-HARD-0007,0.8524,match,"The competitor product 'บ๊อช Bosch Drill GSB 550 1pcs' matches the master KVI product 'Bosch Drill GSB 550 1pcs' in brand ('Bosch'), model ('GSB550'), size (1pcs), and unit ('pcs'). All identifiers match exactly."
636,KVI-ELEC-0025,0.9056,match,"The competitor product 'Philips LED Bulb 9W Warm White 1pcs BUNDLE' matches the canonical master list item 'Philips LED Bulb 9W Warm White 1pcs' in terms of brand (Philips), model (Essential), size (9W), quantity (1 piece), and unit (pcs). The only difference is the term 'BUNDLE' which does not affect the product details."
776,KVI-HARD-0011,0.9215,match,"The competitor product '3M Microfiber Cloth Yellow 4pcs BUNDLE' matches the master list item '3M Microfiber Cloth Yellow 4pcs'. Both share the same brand '3M', model 'Microfiber', package size 4pcs, and unit 'pcs'. No discrepancies in flavor, size, or variant were found."
1320,,0.0,no_match,"The competitor product 'Bel. Surge Protector 6-Outlet 1pcs' explicitly uses the brand 'Bel.' which does not match 'Belkin' from the master list. Additionally, there are no matching flavor, size, or variant identifiers with the candidates provided."
1832,,0.0,no_match,"The competitor product is a cooking apron with a floral pattern, while the master list includes fabric softeners and dish sponges. There is no brand, model, or size match with the entries in the master list."
1747,KVI-FMCG-0020,0.9112,match,"Product brand is 'Chang', model is 'Classic', size is 620ml, and the title matches exactly with the canonical master list product."
716,KVI-FMCG-0034,0.99,match,"The competitor product 'Nestle Pure Life Water 330ml x12 PACK' matches the master product 'Nestle Pure Life Water 330ml' as both have the same brand 'Nestle', model 'Pure Life', size '330ml', and are both presented in packs acknowledging the unit consistency."
1463,KVI-FMCG-0090,0.95,match,"The competitor product 'Dove Body Wash Original 500ml' matches exactly with the master item 'Dove Body Wash Original 500ml' in brand ('Dove'), model ('Original'), size (500ml), and unit (ml). No discrepancies in flavor, size, or variant were found."
1228,KVI-ELEC-0030,0.8833,match,Matching brand: Kingston; model: DT100; size: 64GB; quantity: 1pcs; unit: pcs.
1373,KVI-ELEC-0004,0.85,match,"The match is confirmed as the competitor product 'Apple USB-C to Lightning 2m' matches exactly with the standardized item in brand 'Apple', model 'MX0K2', size '2m', and unit 'm'. There are no discrepancies in product description, flavor, size, or variant."
1363,KVI-FMCG-0105,0.95,match,"The competitor product 'Comfort Fabric Softener Pink 3.2L' matches the standardized product 'Comfort Fabric Softener Pink 3.2L' in brand (Comfort), model (Pink), size (3.2L), and units (L) without any discrepancies."
412,KVI-ELEC-0017,0.95,match,"The competitor product 'เอเนอร์ไจเซอร์ Ene, Max AA 8pcs' has the same brand 'Energizer', model 'Max', and matches the pack size of 8 pieces (pcs) exactly with the master KVI candidate 'Energizer Max AA 8pcs'."
845,KVI-HARD-0037,1.0,match,"The competitor product 'Baygon Insect Spray Multi 600ml' matches exactly with the master KVI entry for 'Baygon Insect Spray Multi 600ml' in terms of brand ('Baygon'), model ('Multi'), pack size (600ml), and unit (ml)."
590,KVI-ELEC-0023,1.0,match,"The competitor product 'Panasonic Eneloop AA 2pcs' matches exactly with the master KVI candidate 'Panasonic Eneloop AA 2pcs' in terms of brand 'Panasonic', model 'Eneloop', size '2pcs', and unit 'pcs', confirming it as a true match."
1334,KVI-ELEC-0021,0.95,match,"The competitor product 'Duracell Plus Power AA 4pcs Limited!' matches exactly with the master list product 'Duracell Plus Power AA 4pcs'. Both have the same brand 'Duracell', model 'Plus', pack size of 4, and unit is 'pcs'. No discrepancies found."
1071,KVI-ELEC-0004,0.9,match,"The competitor product has the brand 'Apple', model 'USB-C to Lightning', size '2m', which matches exactly with the standardized item 'Apple USB-C to Lightning 2m' from the master list. No discrepancies in brand, model, size, or unit."
463,KVI-HARD-0035,0.8481,no_match,The competitor product 'Bay. Mosquito Coil 10pcs' does not match the master product 'Baygon Mosquito Coil 10pcs' due to the brand discrepancy: 'Bay' vs 'Baygon'.
1782,,0.0,no_match,"The competitor product 'Cute cat ear hairband' does not match any item from the master list. The brand, model, and product type do not align with the available candidates."
81,KVI-ELEC-0026,0.96,match,"The competitor product matches the master KVI candidate in brand 'Philips', model 'Essential', size '3pcs', and it is the same flavor/variant ('Warm White'). The attributes are consistent across both entries."
686,KVI-ELEC-0012,0.7846,match,"The competitor product 'Anker PowerCore 10000 1pcs' matches exactly with the master KVI item 'Anker PowerCore 10000 1pcs' in terms of brand ('Anker'), model ('A1263'), pack size (1.0), and unit ('pcs'). Both descriptions are identical."
1338,KVI-ELEC-0004,0.9,match,"The competitor product is 'Apple USB-C to Lightning 2m', and it matches exactly with the master KVI product 'Apple USB-C to Lightning 2m' in terms of brand ('Apple'), model ('MX0K2'), size ('2m'), and unit ('m'). The description does not mention any different flavor, size, or variant."
741,KVI-ELEC-0030,0.9065,match,"The competitor product 'Kingston DataTraveler 64GB 1pcs BUNDLE' matches the KVI master item 'Kingston DataTraveler 64GB 1pcs' in brand (Kingston), model (DT100), size (64GB), quantity (1pcs), and unit (pcs). The only difference is the additional 'BUNDLE' descriptor in the competitor product title, which does not change the essential product characteristics."
673,KVI-HARD-0031,0.8543,match,"The competitor product 'Windex Glass Cleaner 500ml' exactly matches the brand 'Windex', model name 'Original', size '500ml', and unit 'ml' of the master item. Therefore, it is considered a match."
1447,KVI-FMCG-0016,0.7736,match,"The competitor product 'Singh Singha Beer 490ml Hot Deal' matches the master candidate 'Singha Beer 490ml' in brand 'Singha', size '490ml', and type 'Lager'. All identifiers are consistent."
684,KVI-FMCG-0031,0.869,match,"The competitor product 'Sprinkle Drinking Water 330ML BIG SALE' matches the master list item 'Sprinkle Drinking Water 330ml'. Both have the same brand 'Sprinkle', model 'Water', and pack size 330ml, which are exact matches in brand identifiers, model names, sizes, and physical metric units."
87,KVI-FMCG-0067,0.8816,match,"The competitor product 'Yum Yum Chicken Noodle 60g' matches exactly with the master product 'Yum Yum Chicken Noodle 60g' in terms of brand (Yum Yum), model (Chicken), size (60g), and unit (g)."
14,KVI-FMCG-0101,0.95,match,"The competitor product 'ไทด์ Tid Powder Detergent 1,7kg' matches the master item 'Tide Powder Detergent 1.7kg' in brand (Tide), model (Original), size (1.7kg), and unit (kg). There are no discrepancies in flavor, size, or variant."
1515,KVI-ELEC-0009,0.95,match,"Matched product with identical brand (Apple), model (MHJE3), size (1pcs), and unit (pcs). The only discrepancy noted was the incomplete title 'Pow. Adapter' where 'Power Adapter' was fully spelled in the master entry, but it is a common abbreviation and does not affect matching."
1246,KVI-FMCG-0024,0.845,match,"The competitor product 'Singh Singha Drinking Water 330ml' matches exactly with the master candidate 'Singha Drinking Water 330ml' in terms of brand 'Singha', model 'Water', size '330ml', and physical metric unit 'ml'."
1142,KVI-FMCG-0113,0.959,match,"The competitor product 'Vixol Toilet Cleaner 700ml' matches the master list entry with Brand: Vixol, Model: Original, Size: 700ml. All identifiers match exactly."
17,KVI-FMCG-0085,0.95,match,"The competitor product 'แพนทีน Pan. Shampoo Smooth Silky 650ml' exactly matches the master list product 'Pantene Shampoo Smooth Silky 650ml' in brand ('Pantene'), model ('Smooth'), size (650 ml), and units (ml). All identifiers are consistent, confirming it as a true match."
231,KVI-FMCG-0086,1.0,match,"The competitor product 'Sunsilk Shampoo Black Shine 180ml SET 6 ขวด' matches with the master product 'Sunsilk Shampoo Black Shine 180ml' in brand, model, size (180ml), and unit (ml). The only difference is the packaging details added in the competitor's description which does not affect the actual product match."
566,KVI-FMCG-0037,0.9715,match,"Brand ""M-150"" matches; Model ""Original"" is specified but not directly mentioned in competitor product, pack size of 150.0 ml matches exactly, units match (ml), product name matches exactly."
1264,KVI-FMCG-0109,0.8,match,"The competitor product 'เดทตอล Dettol Antibcterial Liquid 250ml' matches exactly with the master KVI candidate's name 'Dettol Antibacterial Liquid 250ml'. The brand 'Dettol' is the same, and the pack size is 250ml, which matches both the quantity and the unit. There are no discrepancies in flavor or variants."
305,KVI-ELEC-0007,0.95,match,"The competitor product 'Anker PowerLine USB. 3m' matches with the master KVI entry 'Anker PowerLine USB-C 3m'. Both have the same brand (Anker), model (A8187), size (3m), and unit (m). Therefore, the competitor product is a match."
1175,KVI-FMCG-0074,0.744,match,"The competitor product 'เมจิ Mei. Fresh Milk 450ml' matches the master KVI candidate 'Meiji Fresh Milk 450ml'. Both have the same brand 'Meiji', model 'Fresh', size of 450ml, and physical metric units. No discrepancies in flavor or variant were noted."
983,KVI-HARD-0043,0.8712,match,"The competitor product has a cleaned title of 'Bosch Drill Bit Set 5pcs' which matches exactly with the master candidate's product name 'Bosch Drill Bit Set 5pcs'. Both share the same brand 'Bosch', have the same pack size of 5pcs, and are in the correct units. Therefore, it is confirmed as a match."
157,KVI-FMCG-0091,1.0,match,"The competitor product 'โดฟ Dove Body Wsh Original 1L SUPER SAVE' exactly matches the master product 'Dove Body Wash Original 1L' in brand, model, size (1L), and unit. All identifiers are consistent with the KVI master list."
347,KVI-HARD-0008,0.957,match,"The competitor product 'Scotch-Brite Sponge Multi-Purpose 3pcs' matches with the master KVI candidate 'Scotch-Brite Sponge Multi-Purpose 3pcs' in brand 'Scotch-Brite', model 'Heavy', pack size '3.0', and unit 'pcs', with all specifications verifying correctly."
1328,KVI-FMCG-0017,0.95,match,"The competitor product 'Singha Beer 630ml' matches the top available master KVI candidate exactly in terms of brand identifier 'Singha', model name 'Lager', size quantity '630ml', and physical metric units 'ml'. No discrepancies in flavor, size, or variant."
1429,KVI-FMCG-0102,0.9,match,"The competitor product 'Tide Powder Detergent 3kg' matches exactly with the master list item 'Tide Powder Detergent 3kg' in terms of brand name 'Tide', model name 'Original', pack size '3kg', and unit 'kg'."
144,,0.0,no_match,The competitor product 'Bel. Surge Protector 6-Outlet 1pcs' does not match any item from the canonical master list due to brand mismatch (Bel vs Belkin).
1653,KVI-FMCG-0026,0.95,match,"The competitor product title 'Singh Singha Drinking Wat. 1.5L' matches the master KVI candidate 'Singha Drinking Water 1.5L'. Both have the brand 'Singha', model 'Water', size of 1.5L, and the same physical metric units (L). There are no discrepancies in flavor, size, or variant."
223,KVI-HARD-0024,0.9649,match,"The competitor product 'Scotch-Brite Dish Sponge 2pcs SET 6 ขวด' matches our master list product 'Scotch-Brite Dish Sponge 2pcs' exactly in brand ('Scotch-Brite'), model is not mentioned but based on the named product it is likely the same soft model, and the pack size of 2pcs matches exactly."
787,KVI-HARD-0011,0.8869,match,"The competitor product '3M Microfiber Cloth Yellow 4pcs Hot Deal' matches the master list item '3M Microfiber Cloth Yellow 4pcs' on brand '3M', model 'Microfiber', size 4pcs, and unit 'pcs' exactly."
148,KVI-FMCG-0013,0.95,match,"Competitor product 'Fnta Orange 325ml' exactly matches the master product 'Fanta Orange 325ml'. Brand identifiers match (Fanta), model names match (Orange), the size quantity matches (325ml), and the unit matches (ml). No discrepancies in flavor, size, or variant."
158,KVI-HARD-0023,0.948,match,"The competitor product 'IKEA SAMLA Box Clear 22L' matches exactly with the master item 'IKEA SAMLA Box Clear 22L' in brand (IKEA), model (SAMLA), size (22L), and unit (L). All attributes are consistent with no discrepancies."
601,KVI-FMCG-0035,0.85,match,"The competitor product 'Nes. Pure Life Water 600ml' matches exactly with the KVI candidate 'Nestle Pure Life Water 600ml'. Both have the same brand 'Nestle', model 'Pure Life', size 600ml, and unit 'ml'."
1359,KVI-FMCG-0059,0.8288,match,"The competitor product 'Bento Squid Snack 24g' matches exactly with the master product entry 'Bento Squid Snack 24g' in terms of brand 'Bento', model 'Squid', size '24g', and matched physical metric unit. The price does not affect the match decision."
711,KVI-FMCG-0079,0.95,match,"The product from the competitor is 'Anchor Butter Salted 100g', which matches exactly with the master list item 'Anchor Butter Salted 100g' in terms of brand, model, size (100g), and unit (g)."
1115,KVI-ELEC-0008,0.9,match,"The competitor product 'แอนเกอร์ Ank. USB-C 20W Charger 1pcs' matches with master product 'Anker USB-C 20W Charger 1pcs' on brand (Anker), model (A2633), pack size (1.0), and units (pcs). The similarity in titles indicates they refer to the same product without differing variants."
941,KVI-FMCG-0062,0.9,match,"The competitor product 'MAMA Tom Yum Goo. 90g' matches the KVI master list product 'MAMA Tom Yum Goong 90g' in brand ('MAMA'), model ('Tom Yum'), size (90g), and unit (g). The slight difference in wording 'Goong' vs 'Goo' does not affect the core match on product specifications."
1566,KVI-FMCG-0075,0.7675,no_match,"The competitor item 'Miji Fresh Milk 830ml BUNDLE' does not match the master item 'Meiji Fresh Milk 830ml' because the brand 'Miji' is not the same as 'Meiji', a different flavor/variant is indicated, thus confirming no match."
85,KVI-HARD-0006,1.0,match,"The cleaned title 'Stanley Screwdriver Set 6pcs ใหม่!' matches exactly with the product name 'Stanley Screwdriver Set 6pcs'. The brand 'Stanley' is consistent with the KVI master entry, and the size quantity of 6pcs aligns with the packSize in the master list."
644,KVI-FMCG-0082,1.0,match,"The competitor product 'Pantene Shampoo Smooth Silky 170ml' exactly matches the master list item 'Pantene Shampoo Smooth Silky 170ml' with identical brand 'Pantene', model 'Smooth', size quantity '170ml', and correct units 'ml'."
1536,KVI-FMCG-0099,0.9,match,"The competitor product 'นีเวีย Nivea Body Lotion Whitening 400' matches with the master entry 'Nivea Body Lotion Whitening 400ml'. The brand 'Nivea' is the same in both entries. The model 'Whitening' is also identical. The pack size of 400 for the competitor product corresponds with the master entry that has 400ml. The units for both match as well (ml). Hence, it is confirmed as a match."
915,KVI-ELEC-0017,0.8595,match,"The competitor product 'เอเนอร์ไจเซอร์ Energizer Max AA 8pcs' matches exactly with the master product 'Energizer Max AA 8pcs' in brand, model, size, and units."
1801,,0.0,no_match,"The competitor product 'Cooking apron floral pattern' does not match any of the master KVI candidates, which are all cleaning-related items. No brand, model, or physical characteristics overlap."
1563,KVI-HARD-0029,0.8488,match,"The competitor product matches the master list item in brand (Clorox), model (Original), size (35pcs) and unit (pcs) exactly."
516,KVI-FMCG-0034,0.8249,match,"The competitor product 'Nestle Pure Life Water 330ML' matches the master product 'Nestle Pure Life Water 330ml' based on identical brand ('Nestle'), model ('Pure Life'), and pack size (330ml). The only difference is in the capitalization of 'ML' versus 'ml', which does not affect the match."
243,KVI-ELEC-0005,0.95,match,"The competitor product 'Anker PowerLine USB-C 0.9m Free Delivery' matches exactly with the master candidate 'Anker PowerLine USB-C 0.9m'. The brand 'Anker' is identical, the model is verified as 'A8187', the size is confirmed as '0.9' with unit 'm', and there are no variants or flavors indicated that deviate from this match."
940,KVI-FMCG-0032,0.9484,match,"Brand 'Sprinkle' matches, product name 'Sprinkle Drinking Water 600ml' matches exactly, size '600ml' matches both in pack size and unit. No discrepancies in flavor, size, or variant."
620,KVI-FMCG-0092,0.9,match,"The competitor product 'Colgate Too. Total 75g Free Delivery' matches the master list item 'Colgate Toothpaste Total 75g' based on the identical brand 'Colgate', model 'Total', and matching size of 75 grams. Additionally, both descriptions indicate the same product type."
1893,,0.0,no_match,"The competitor product is an iPhone 8 with 64GB while the available master KVI candidates are all storage products (SD cards) with different brand, model, and product type."
907,KVI-FMCG-0045,1.0,match,"The competitor product 'Lay's Classic Salted 28g SET 6 ขวด' matches exactly with the master item 'Lay's Classic Salted 28g' in brand 'Lay's', model 'Classic', pack size 28g, and unit 'g'. The description indicates a set of 6 units but does not affect the individual item match."
264,KVI-FMCG-0090,0.95,match,"The competitor product 'โดฟ Dove Body Wash Ori, 500ML' matches the master KVI product 'Dove Body Wash Original 500ml' in brand (Dove), model (Original), size (500ml) with the units matching (ml). Both titles refer to the same product variant, confirming a match."
675,KVI-FMCG-0026,0.9,match,"The competitor product 'Singh Singha Drinking Water 1.5L' matches exactly with the master product 'Singha Drinking Water 1.5L' in brand ('Singha'), model ('Water'), size quantity (1.5L), and physical metric units (L), confirming a true match."
916,KVI-FMCG-0056,0.939,match,"The competitor product 'Tasto Potato Chips 27g' matches the master item 'Tasto Potato Chips 27g' exactly in brand, model, size quantity (27g), and physical metric unit (g)."
1826,,0.0,no_match,"The competitor product is an iPhone 8 which does not match the brand, model, or product category of the listed KVI candidates (all of which are storage devices). Therefore, there is no match based on brand, model, or any other specified parameters."
520,KVI-HARD-0016,1.0,match,"The competitor product 'Ziploc Storage Bag Gallon 38pcs' matches exactly with the master KVI product 'Ziploc Storage Bag Gallon 38pcs' in terms of brand (Ziploc), model (Storage), size quantity (38), and unit (pcs). All attributes align perfectly."
1715,KVI-FMCG-0045,1.0,match,"The competitor product 'เลย์ Lay's Classic Salted 28g' matches exactly with the master KVI product 'Lay's Classic Salted 28g'. Both have the same brand 'Lay's', model 'Classic', pack size of 28g, and unit 'g'. There is no discrepancy in flavor, size, or variant."
403,KVI-FMCG-0062,0.95,match,"The competitor product 'มาม่า MAMA Tom Yum Goong 90g' matches the master product 'MAMA Tom Yum Goong 90g' on brand 'MAMA', model 'Tom Yum', size '90g', and unit 'g'."
963,KVI-FMCG-0102,1.0,match,"The competitor product 'Tide Powder Detergent 3kg' matches exactly with the master list item 'Tide Powder Detergent 3kg' in brand ('Tide'), size (3.0 kg), and model ('Original'). No discrepancies were detected."
632,KVI-ELEC-0004,1.0,match,"The competitor product 'Apple USB-C to Lightning 2m' matches exactly with the master product 'Apple USB-C to Lightning 2m', both having the brand 'Apple', model 'MX0K2', size of 2m, and unit 'm'."
656,KVI-ELEC-0017,1.0,match,"The competitor product matches the master list on brand (Energizer), model (Max), product type (AA), pack size (8 pcs), and unit (pcs). All identifiers match exactly."
1116,KVI-HARD-0022,0.758,match,"The competitor product matches the master list item with the same brand 'IKEA', model 'SAMLA', and size '11L'. The physical metric unit 'L' is also the same. No flavor or variant discrepancies are present."
1186,KVI-FMCG-0006,0.9,match,"The competitor product 'เป๊ปซี่ Pepsi Col 325ml PACK 12' has the following attributes: brand 'Pepsi', model 'Cola', size '325ml'. The matched item from the master list has the same brand 'Pepsi', productName 'Pepsi Cola 325ml', packSize '325.0' and unit 'ml'. All identifiers match, confirming it as a valid match."
1125,KVI-FMCG-0091,0.8156,match,"The competitor product title matches the master product name exactly in brand (Dove), model (Original), size (1L), and unit (L). Similarity score suggests a strong match."
779,KVI-FMCG-0087,0.7842,match,"The competitor product 'ซันซิล Sunsilk Shampoo Bla. Shine 320ML' matches with master product 'Sunsilk Shampoo Black Shine 320ml' with exact brand 'Sunsilk', model 'Black', and size '320ml' therefore it is a match."
867,KVI-FMCG-0065,0.9344,match,"The competitor product 'WaiWai Original 60g' matches the master product by brand ('WaiWai'), model ('Original'), size (60g), and unit (g). All elements align exactly."
57,KVI-FMCG-0018,0.9147,match,"The competitor product 'Chang Beer 320ML' matches the master product 'Chang Beer 320ml' in brand (Chang), model (Classic), size (320ml), and unit (ml)."
1285,KVI-FMCG-0060,0.9,match,"The competitor product 'มาม่า MAMA Tom Yum Goong 55g Save 20฿' matches the KVI master item 'MAMA Tom Yum Goong 55g'. The brand 'MAMA' is identical, the model 'Tom Yum' matches, and the size '55g' is the same. There are no discrepancies in flavor or variants."
112,KVI-HARD-0044,0.9383,match,"Exact match on brand 'Bosch', model 'PRO', product name 'Bosch Drill Bit Set 10pcs', pack size '10.0', and unit 'pcs'."
1678,KVI-FMCG-0097,0.8137,match,"The competitor product 'Nivea Body Lotion Whitening 100ml' matches the master item 'Nivea Body Lotion Whitening 100ml' on all verified attributes: brand ('Nivea'), model ('Whitening'), size (100ml), and unit (ml)."
1866,,0.0,no_match,"The competitor product 'Yoga mat 6mm thick blue' does not match any items from the KVI master list, as it relates to a different category and product type than those available."
691,KVI-FMCG-0054,0.9,match,"The competitor product 'Pringles Sour Cream 110g ใหม่!' exactly matches the master item 'Pringles Sour Cream 110g' in terms of brand ('Pringles'), model ('Sour Cream'), size (110g), and unit (g). All identifiers are consistent."
445,KVI-FMCG-0102,0.9435,match,"The competitor product 'Tide Powder Detergent 3kg' matches exactly with the master KVI candidate 'Tide Powder Detergent 3kg' in terms of brand ('Tide'), model ('Original'), size (3kg), and unit (kg)."
1575,KVI-HARD-0006,0.7956,match,"The competitor product 'Stanley Screwdriver Set 6pcs' matches the master candidate 'Stanley Screwdriver Set 6pcs' in terms of brand 'Stanley', model identifier 'STMT60630', and the physical metrics of size '6' in 'pcs'. No discrepancies in keywords or descriptors were found."
423,KVI-FMCG-0002,1.0,match,"Both entries have the same brand (Coca-Cola), same product name (Original Taste), the same pack size (500ml), and the same unit (ml). Therefore, they match exactly."
1775,,0.0,no_match,"The competitor product is a 'Plastic flower pot 6 inch', while the available master KVI candidates are watering cans and dish sponges. There is no match in brand, model, size, or product type."
1097,KVI-FMCG-0110,0.95,match,"The competitor's product is 'Dettol Antibacterial Liquid 500ml', which matches exactly with the master KVI candidate 'Dettol Antibacterial Liquid 500ml' in brand, size quantity (500ml), and model (Original)."
1079,KVI-HARD-0034,0.7928,match,"The competitor product 'Glade Air Freshener Lavender 400ML' exactly matches the master candidate 'Glade Air Freshener Lavender 400ml' in terms of brand 'Glade', model 'Lavender', and pack size of 400 ml. The only difference is the casing of 'ml' and the additional phrase 'Save 20฿' which does not affect the match."
1314,KVI-FMCG-0014,0.925,match,"The competitor product 'Fanta Orange 1,25L' matches exactly with 'Fanta Orange 1.25L' in brand (Fanta), model (Orange), pack size (1.25L), and unit (L). All elements are consistent with the standardized master list."
828,KVI-HARD-0042,1.0,match,"The product name, brand, model, size, and unit of the competitor product exactly match the item from the canonical master list."
165,KVI-HARD-0041,0.7468,match,"The competitor product 'Wtering Can Plastic 5L' matches the master KVI candidate 'Watering Can Plastic 5L' in terms of brand ('Generic'), model ('Plastic'), size (5L), and unit (L). Despite a slight spelling error in 'Watering', the essential identifying characteristics align perfectly."
328,KVI-FMCG-0060,0.7689,match,"The competitor product 'มาม่า MAMA Tm Yum Goong 55g BUNDLE' matches exactly with 'MAMA Tom Yum Goong 55g' from the KVI master list. Both have the same brand 'MAMA', model 'Tom Yum', size '55g', and unit of measure 'g'."
1065,KVI-FMCG-0052,1.0,match,"The competitor product 'Pringles Original 110g' matches exactly with the master list entry 'Pringles Original 110g'. Both share the same brand 'Pringles', model 'Original', size '110g', and unit of measure 'g'."
1191,KVI-HARD-0026,0.9681,match,"The competitor product 'Scotch-Brite Dish Sponge 6pcs' matches exactly with the master item 'Scotch-Brite Dish Sponge 6pcs'. Both have the same brand 'Scotch-Brite', size quantity of 6 pcs, and product type features confirming that this is the identical product."
939,KVI-HARD-0004,0.8,no_match,"The competitor product '3M Duct Tpe Silver 50mm' does not match the master list item '3M Duct Tape Silver 50mm' as the model information differs (not specified in the competitor entry). Additionally, the competitor's product title contains a typographical error ('Tpe' instead of 'Tape') and does not align exactly with any of the provided candidate products."
71,KVI-HARD-0038,0.8534,match,"The competitor product 'Karcher Gar, Hose 10m' is a garden hose from the same brand 'Karcher' and matches the size of 10m exactly, confirming it as a direct match."
649,KVI-HARD-0035,0.9236,match,"The competitor product 'Baygon Mosquito Coil 10pcs' matches exactly with the master item 'Baygon Mosquito Coil 10pcs' in terms of brand 'Baygon', pack size '10', and unit 'pcs'. The product descriptions align perfectly without any discrepancies in flavor, size, or variant."
455,KVI-ELEC-0001,0.9,match,"The competitor product 'Apple Lightning USB Cable 1m' matches with the master KVI candidate. The brand 'Apple' matches exactly, the model is relevant (MD818) and while not explicitly stated in the title, the size quantity is consistent with the 1m specification of the KVI item."
795,KVI-FMCG-0052,0.98,match,"The competitor product 'Pringles Original 110g PACK 12' matches with the master product 'Pringles Original 110g' based on brand 'Pringles', model 'Original', size '110g', and unit 'g'. All identifiers align with the canonical master list."
47,KVI-FMCG-0095,0.817,match,"The competitor product 'Sensodyne Too. Original 75g' matches exactly with the master entry 'Sensodyne Toothpaste Original 75g' as both have the same brand 'Sensodyne', model 'Original', size 75g, and unit 'g'."
1040,KVI-HARD-0018,1.0,match,"The competitor product 'Super Glue Loctite Original 5g BIG SALE' matches exactly with the master item 'Super Glue Loctite Original 5g'. Both have the same brand 'Loctite', model 'Super', and pack size of 5 grams. The units are also the same, confirming a full match."
1165,KVI-FMCG-0046,0.82,match,"The competitor product 'เลย์ Lay's Classic Sal. 50g' matches the master item 'Lay's Classic Salted 50g' in brand (Lay's), model (Classic), size (50g), and unit (g). There are no discrepancies in flavor, size, or variant."
484,KVI-HARD-0031,0.928,match,"The competitor product 'Windex Glass Cleaner 500ml' matches exactly with the master KVI candidate 'Windex Glass Cleaner 500ml' in brand 'Windex', model 'Original', size 500 ml, and unit 'ml'."
877,KVI-HARD-0007,0.95,match,"The competitor product 'บ๊อช Bosch Drill GSB 550 1pcs' exactly matches the master list entry 'Bosch Drill GSB 550 1pcs' in terms of brand 'Bosch', model 'GSB550', size '1pcs', and unit 'pcs'."
933,KVI-FMCG-0030,0.9,match,"The competitor product 'Crystal Drinking Water 1.5L ใหม่!' matches exactly with the master KVI candidate 'Crystal Drinking Water 1.5L': same brand 'Crystal', same model 'Water', same pack size of 1.5L, and same unit 'L'."
775,KVI-ELEC-0003,0.9436,match,"Brand matches (Apple), product name matches (USB-C to Lightning 1m), model matches (MX0K2), size (1m) and units (m) match."
1674,KVI-HARD-0036,0.95,match,"The competitor product 'Baygon Insect Spray Multi 300ML Hot Deal' matches the master product 'Baygon Insect Spray Multi 300ml'. Both have the brand 'Baygon', model 'Multi', and a pack size of 300ml, which are identical in size and unit. The slight difference in capitalization of 'ml' does not affect the match."
1308,KVI-FMCG-0045,1.0,match,"The competitor product 'Lays Lay's Classic Salted 28g' exactly matches the master product 'Lay's Classic Salted 28g' in brand, model, and size (28g)."
1204,KVI-HARD-0037,0.9119,match,"The competitor product 'Baygon Insect Spray Multi 600ml' matches exactly with the master KVI candidate 'Baygon Insect Spray Multi 600ml' based on brand ('Baygon'), model ('Multi'), size quantity (600 ml), and unit (ml)."
128,KVI-FMCG-0057,0.9436,match,"The competitor product 'Tasto Potato Chips 75g' matches exactly with the master KVI candidate 'Tasto Potato Chips 75g' in terms of brand ('Tasto'), model ('Salted'), size (75g), and unit (g)."
549,KVI-ELEC-0018,0.95,match,The competitor product title matches the brand 'Energizer' and the model 'Max'. The size is 2pcs which matches the KVI candidate for 2pcs. No differences in physical metric units were noted.
1269,KVI-FMCG-0049,1.0,match,"The competitor product 'Lay's Sour Cream Onion 28g' matches exactly with the master list item 'Lay's Sour Cream Onion 28g'. Both have the same brand 'Lay's', model 'Sour Cream', size 28g, and unit 'g'. No discrepancies found."
977,KVI-FMCG-0097,0.8,match,"The competitor product 'Nivea Body ลิตรotion Whitening 100M ลิตร' has a brand of 'Nivea', matches the model 'Whitening', and has a size of '100M' which corresponds to '100ml'. The units 'M' in the competitor's title is likely a typo for 'ml', confirming the match."
480,KVI-FMCG-0057,0.9436,match,"The competitor product 'Tasto Potato Chips 75g' matches exactly with the master product 'Tasto Potato Chips 75g' in terms of brand ('Tasto'), model ('Salted'), pack size (75g), and unit ('g')."
1378,KVI-ELEC-0036,0.9567,match,"The competitor product has the same brand (JBL), the same model characteristics ('Tune Wireless Earbuds'), identical pack size (1pcs), and the same unit type (pcs). The confidence score indicates a strong match."
1113,KVI-FMCG-0088,0.95,match,"Brand 'Sunsilk', model 'Black', and pack size '480ml' match exactly with the competitor product. The unit 'ml' is consistent with the competitor's product description."
736,KVI-FMCG-0077,0.941,match,"The product 'Dutch Mill UHT Milk 225ML' exactly matches 'Dutch Mill UHT Milk 225ml' in brand (Dutch Mill), model (UHT), and size (225ml). The only difference is in capitalization of 'ml', which is not considered a semantic difference. Therefore, it is a match."
1274,KVI-FMCG-0027,0.7367,no_match,"The competitor product ('Singh Singh Drinking Water 6L') has a different brand name ('Singh Singh') compared to the master list product ('Singha Drinking Water 6L'). Additionally, while the size (6L) matches, it is not a match due to the brand discrepancy."
1370,KVI-FMCG-0112,0.9592,match,"The competitor product 'Vixol Toilet Cleaner 450ml' matches exactly with the master KVI candidate 'Vixol Toilet Cleaner 450ml' in terms of brand ('Vixol'), model ('Original'), and size (450ml). The units are also identical."
321,KVI-ELEC-0029,1.0,match,"The competitor product 'SanDisk Ultra SD 128GB 1pcs' exactly matches the master item 'SanDisk Ultra SD 128GB 1pcs' in terms of brand (SanDisk), model (Ultra), size (128GB), quantity (1pcs), and physical metric units (pcs). All identifiers are in agreement."
704,KVI-FMCG-0101,0.9479,match,"The competitor product 'Tide Powder Detergent 1.7kg' matches exactly with the master list item 'Tide Powder Detergent 1.7kg' in terms of brand ('Tide'), model ('Original'), size (1.7kg), and units (kg)."
988,KVI-FMCG-0071,0.8082,match,"The competitor product 'Formost Fresh Milk 830ml' matches exactly with the master product 'Foremost Fresh Milk 830ml' in brand ('Foremost'), model ('Fresh'), size (830ml), and units (ml)."
1323,KVI-FMCG-0024,0.9374,match,"The competitor product 'Singha Drinking Water 330ml' matches exactly with the master KVI candidate 'Singha Drinking Water 330ml' in terms of brand (Singha), model (Water), pack size (330ml), and unit (ml). The comparison shows all identifiers align perfectly."
791,KVI-HARD-0012,0.9199,match,"The competitor product 'Magic Mop Spin 360 1pcs' matches exactly with the master item 'Magic Mop Spin 360 1pcs'. Both have the same brand 'Magic', model 'Spin360', size quantity of 1, and unit 'pcs'. All identifiers are consistent with the master product."
119,KVI-FMCG-0029,1.0,match,"The competitor product 'Crystal Drinking Water 600ml' matches exactly with the KVI candidate 'Crystal Drinking Water 600ml' in brand ('Crystal'), model ('Water'), and size (600ml) with the same physical metric unit (ml)."
911,KVI-ELEC-0031,0.95,match,"Verified that competitor product has the same brand 'Apple', model 'AirPods Pro 2nd Gen', size quantity '1', and unit 'pcs'. No discrepancies noted."
1663,KVI-FMCG-0048,0.95,match,"The competitor product 'Lay's Classic Salted 160g Free Delivery' matches the master item 'Lay's Classic Salted 160g'. Both share the same brand 'Lay's', model 'Classic', pack size of 160g, and unit 'g'. Therefore, this is a confirmed match."
894,KVI-ELEC-0008,0.9075,match,"The competitor product 'Anker USB-C 20W Charger 1pcs' matches exactly with the master product 'Anker USB-C 20W Charger 1pcs' in brand, model, and packaging size. The pack size is 1.0 pcs and the unit is pcs, matching with the competitor product description."
1946,,0.0,no_match,"The competitor product 'Generic phone case clear silicone' does not match any brand, model, or physical attributes of the available master KVI candidates. All candidates are electronic products (Samsung Galaxy Buds and SanDisk SD cards) whereas the competitor product is a phone case, thus they represent different product categories."
1509,KVI-ELEC-0039,0.8524,match,"The competitor product 'Samsung Galaxy Buds 2 1pcs GIFT SET' matches the master product 'Samsung Galaxy Buds 2 1pcs' in brand (Samsung), model (Buds2), size (1pcs), and unit (pcs). The only difference is the added descriptor 'GIFT SET', which does not alter the main identifying features of the product."
221,KVI-ELEC-0024,1.0,match,"The competitor product 'Panasonic Eneloop AA 4pcs BUNDLE' matches the master list item 'Panasonic Eneloop AA 4pcs' in brand ('Panasonic'), model ('Eneloop'), size quantity (4pcs), and unit ('pcs'). Both products are the same size and brand, thus confirming a direct match."
27,KVI-FMCG-0042,0.9195,match,"The competitor product 'Lipton Lemon Tea 450ml' matches with the master KVI candidate 'Lipton Lemon Tea 450ml' in all required identifiers: brand (Lipton), model (Lemon), size quantity (450), and unit (ml)."
868,KVI-ELEC-0032,1.0,match,"The competitor product 'Sony WH-1000XM5 1pcs' matches exactly with the master product 'Sony WH-1000XM5 1pcs': Brand 'Sony' matches, model 'WH1000XM5' matches, size quantity '1' matches (1.0 pack size), and unit 'pcs' matches."
1424,KVI-ELEC-0033,0.935,match,"The competitor product 'Belkin HDMI Cable 2m' matches the master product 'Belkin HDMI Cable 2m'. Both products have the same brand 'Belkin', model 'F3Y023' matches, size 2m is consistent, and the physical metric unit 'm' is identical."
1150,KVI-ELEC-0014,0.7633,no_match,"The competitor product is a 'Bel. Surge Protector 6-Outlet 1pcs', while the master product is a 'Belkin Surge Protector 6-Outlet 1pcs'. The brand names 'Bel' and 'Belkin' do not match exactly, leading to a 'no_match' decision."
1091,KVI-HARD-0011,0.9709,match,"The competitor product '3M Microfiber Cloth Yellow 4pcs' matches the master product '3M Microfiber Cloth Yellow 4pcs' in brand (3M), model (Microfiber), size (4 pcs), and unit (pcs). All descriptors are identical."
69,KVI-ELEC-0036,1.0,match,"The product is a JBL branded wireless earbud, model TUNE125. The competitor product's title matches exactly in brand (JBL), product name (JBL Tune Wireless Earbuds 1pcs), pack size (1pcs), and unit (pcs). There is no indication of a different flavor, size, or variant."
1642,KVI-HARD-0011,0.8863,match,"The competitor product '3M Microfiber Cloth Yel. 4pcs' exactly matches the master list item '3M Microfiber Cloth Yellow 4pcs' in brand ('3M'), model ('Microfiber'), size quantity (4), and unit ('pcs'). The difference in color description (Yellow vs. Yel.) does not constitute a mismatch in this context."
3,KVI-FMCG-0016,0.8183,match,"The competitor product entry 'Singha Beer 490ml' matches exactly with the master list item 'Singha Beer 490ml' in terms of brand (Singha), model (Lager), pack size (490.0 ml), and unit (ml). No discrepancies found."
1743,KVI-FMCG-0085,1.0,match,"All identifiers match: Brand 'Pantene', Product Name 'Pantene Shampoo Smooth Silky 650ml', Size '650 ml'."
1326,KVI-FMCG-0091,1.0,match,"The competitor product 'โดฟ Dove Body Wash Original 1L' matches exactly with the master product 'Dove Body Wash Original 1L' in terms of brand (Dove), model (Original), size (1L), and units (L). Therefore, all attributes align perfectly confirming it as a match."
1305,KVI-FMCG-0038,0.97,match,"The competitor product 'M-150 Energy Drink 250ML' matches the master list entry 'M-150 Energy Drink 250ml' in brand ('M-150'), product model ('Original'), and size (250ml). The only difference is the casing of 'ml', which does not affect the match."
1286,KVI-ELEC-0016,0.932,match,"The competitor product 'Energizer Max AA 4pcs' matches exactly with the KVI product 'Energizer Max AA 4pcs' with the same brand 'Energizer', model 'Max', and pack size '4pcs'."
967,KVI-FMCG-0105,0.9,match,"The competitor product 'คอมฟอร์ท Comfort Fabric Softener Pink 3.2L' matches the master KVI entry 'Comfort Fabric Softener Pink 3.2L' exactly in terms of brand 'Comfort', model 'Pink', size quantity '3.2', and physical metric unit 'L'."
848,KVI-HARD-0014,0.83,match,"The competitor product matches the KVI master item with the same brand 'Glad', model name 'Strong', size quantity '30 Gallon', and physical unit '30pcs'."
1303,KVI-FMCG-0097,0.9647,match,"The competitor product 'Nivea Body Lotion Whitening 100ML' matches with the master item 'Nivea Body Lotion Whitening 100ml'. Both share the same brand 'Nivea', the model 'Whitening', and there is an exact match in size (100ml). The physical metric unit 'ml' also matches exactly."
959,KVI-HARD-0020,0.8657,match,"The competitor product 'WD-40 Multi-Use Spray 333g BUNDLE' matches with master item 'WD-40 Multi-Use Spray 333g'. Both items are from the brand 'WD-40', with the same model and size of 333g in the metric unit of grams. The only difference is the word 'BUNDLE' in the title which does not affect the matching criteria."
1384,KVI-FMCG-0058,0.869,match,"The competitor product 'Bento Squid Sna, 20g' matches the master product 'Bento Squid Snack 20g' in brand identifier (Bento), model name (Squid), size quantity (20g), and physical metric units (g). The only difference is the word 'Snack' in the master list, which does not alter the product identity."
371,KVI-FMCG-0003,0.95,match,"The competitor product 'โค้ก Coca-Cola Original Taste 1.25L' matches the master KVI candidate 'Coca-Cola Original Taste 1.25L' exactly in brand 'Coca-Cola', model 'Classic', size '1.25L' and metric unit 'L'."
1423,KVI-ELEC-0027,0.9469,match,"The competitor product 'Osram LED Bulb 12W Cool 1pcs' matches exactly with the master entry 'Osram LED Bulb 12W Cool 1pcs' in terms of brand (Osram), model (Value), size quantity (1), and units (pcs)."
883,KVI-ELEC-0022,0.9207,match,"The competitor product 'Duracell Plus Pow. AA 8pcs' matches the master KVI candidate 'Duracell Plus Power AA 8pcs' exactly in brand ('Duracell'), model ('Plus'), size quantity (8), and unit ('pcs')."
1148,KVI-FMCG-0037,0.9715,match,"The competitor product 'M-150 Energy Drink 150ml' matches exactly with the master item. Both share the same brand 'M-150', the same model 'Original', and both have a pack size of 150ml. Therefore, they belong to the exact product category without any discrepancies in flavor, size, or variant."
1259,KVI-HARD-0037,0.95,match,"The competitor product 'Baygon Insect Spray Multi 600ml Hot Deal' matches exactly with the master entry 'Baygon Insect Spray Multi 600ml'. The brand 'Baygon', model 'Multi', pack size '600ml', and unit 'ml' all correspond perfectly. The presence of a 'Hot Deal' descriptor does not alter the core product identification."
1985,,0.0,no_match,"The competitor product 'DIY craft glue gun mini' describes a different type of product (glue gun) than the items in the master list which are all types of glue. No match in brand, model, or size."
1217,KVI-FMCG-0037,0.914,match,"The competitor product 'M-150 Energy Drink 150' matches exactly with the master item 'M-150 Energy Drink 150ml': same brand 'M-150', same model 'Original', same pack size of 150.0ml."
370,KVI-FMCG-0056,0.9391,match,"The competitor product 'Tasto Potato Chips 27g' matches with the master item 'Tasto Potato Chips 27g' based on brand 'Tasto', model 'Salted', size '27g', and units 'g'."
1601,KVI-FMCG-0027,1.0,match,"The competitor product 'Singha Drinking Water 6L' matches the master list entry with 'Singha Drinking Water 6L', where the brand is 'Singha', the model is 'Water', the size is 6L, and the unit is L. All identifiers are consistent and exact."
814,KVI-FMCG-0041,0.9124,match,Brand 'Lipton' matches exactly with the master list. Model 'Lemon' matches. Size '250ml' matches exactly. All identifiers confirm a true match.
1677,KVI-HARD-0008,0.7765,match,"Competitor product 'Sco. Sponge Multi-Purpose 3pcs' matches exactly with master item 'Scotch-Brite Sponge Multi-Purpose 3pcs' in terms of brand 'Scotch-Brite', product type, quantity of '3 pcs', and unit type 'pcs'."
418,KVI-FMCG-0016,0.7718,match,"The competitor product 'Singha Beer 490ml' matches exactly with the master product 'Singha Beer 490ml' based on the brand 'Singha', size '490ml', and unit 'ml'."
882,KVI-HARD-0016,0.8769,match,"The competitor product 'Ziploc Storage Bag Gallon 38pcs BUY1GET1!!!' exactly matches the master list product 'Ziploc Storage Bag Gallon 38pcs' in brand, model, size quantity (38pcs), and physical unit (pcs). The presence of 'BUY1GET1!!!' does not alter the core descriptive elements."
611,KVI-FMCG-0010,0.8826,match,"The competitor product 'Spr. Lemon-Lime 325ML' matches with the master KVI product 'Sprite Lemon-Lime 325ml' because both have the same brand 'Sprite', the exact model size of 325ml, and the same flavor identified as Lemon-Lime. The case sensitivity in the title can be disregarded for matching purposes."
1896,,0.0,no_match,"The competitor product is a 'Generic phone case clear silicone', which does not match any of the listed products (Samsung Galaxy Buds 2 and SanDisk Ultra SD cards) by brand, model, size, or category."
1654,KVI-HARD-0003,0.9612,no_match,"The competitor product '3M Duct Tape Silver 48mm' matches the brand '3M', product name '3M Duct Tape Silver', and size '48mm', but the model 'Heavy' is specifically mentioned in the KVI master list item. However, since this product is also described accurately and matches the size exactly, the decision should be 'match' rather than 'no_match'. Hence, the final output includes the matched item ID."
674,KVI-FMCG-0021,0.9,match,"The competitor product is 'Heineken Lager 330ml', which matches exactly with the master KVI candidate 'Heineken Lager 330ml'. Both the brand ('Heineken'), product name ('Lager'), model ('Original'), size (330ml), and unit (ml) are confirmed to match perfectly."
209,KVI-FMCG-0038,0.9015,match,"The competitor product 'M-150 Energy Drink 250.' matches exactly with the master KVI candidate 'M-150 Energy Drink 250ml' in brand ('M-150'), model ('Original'), and quantity (250ml). The unit of measurement (ml) also matches."
1937,,0.0,no_match,"The competitor product is a USED iPhone 8 64GB, which does not match any of the products in the master KVI list, which include SanDisk and Kingston products. The brand (Apple vs SanDisk/Kingston), model (iPhone vs SanDisk Ultra/Kingston DT100), and type (smartphone vs memory card) do not match."
1258,KVI-ELEC-0013,0.8416,match,"The competitor product 'เสี่ยวมี่ Xiaomi Mi Power Bank 20000 1pcs' matches with the master list item 'Xiaomi Mi Power Bank 20000 1pcs' based on brand 'Xiaomi', exact model name matches (though not provided in the competitor title), size quantity of '1', and the unit 'pcs'. All identifiers align with KVI standards."
93,KVI-HARD-0045,0.8826,match,"The competitor's product 'Bosch Drill Bit Set 15pcs' matches exactly with the master KVI candidate 'Bosch Drill Bit Set 15pcs'. The brand 'Bosch' is the same, the model is 'PRO', the pack size is 15pcs with the unit in pcs which confirms it is the same product."
622,KVI-FMCG-0051,1.0,match,"The competitor product 'Lay's Sour Cream Onion 75g SUPER SAVE' matches the KVI master item 'Lay's Sour Cream Onion 75g' in brand ('Lay's'), model ('Sour Cream'), size (75g), and unit (g). The descriptions are identical after cleaning, confirming a match."
240,KVI-FMCG-0026,0.932,match,"The competitor product 'Singha Drinking Water 1.5L Limited!' matches exactly with the master entry 'Singha Drinking Water 1.5L' in terms of brand (Singha), model (Water), package size (1.5L), and unit (L). No discrepancies found."
207,KVI-FMCG-0025,0.8,match,"The competitor product 'Singh Singha Drinking Wat. 600ml ใหม่!' matches exactly with the master list item 'Singha Drinking Water 600ml' in terms of brand (Singha), model (Water), size (600ml), and unit (ml). Further, there are no discrepancies in flavor or variant."
1240,KVI-FMCG-0027,0.8848,match,"The competitor product 'Singha Drinking Water 6L' matches exactly with the master list item 'Singha Drinking Water 6L'. The brand 'Singha', model 'Water', size '6L' and units 'L' all match perfectly."
1229,KVI-ELEC-0034,0.95,match,"The competitor product 'Anker HDMI Cab. 1.8m' has the same brand 'Anker', the same model type as inferred 'A8602' from the standardized master list, exact size '1.8m' and unit 'm', which confirms a match."
1756,KVI-ELEC-0033,1.0,match,"The competitor product 'Belkin HDMI Cable 2m Limited!' matches the master product 'Belkin HDMI Cable 2m' exactly on brand (Belkin), model (F3Y023), size (2m), and unit (m). No other flavor, variant, or size differences are present."
846,KVI-FMCG-0102,0.8804,match,"The competitor product 'Tide Powder Detergent 3kg x12 PACK' matches the KVI item 'Tide Powder Detergent 3kg' on brand 'Tide', model 'Original', size '3kg', and unit 'kg'. The only difference noted is the packaging (x12 PACK), which does not affect the match logic as the core product details match exactly."
1810,,0.0,no_match,"The competitor product is a 'Cooking apron floral pattern', which does not match any of the available master KVI candidates that include fabric softeners and dish sponges. The categories and product types do not align."
120,KVI-FMCG-0012,0.8648,match,"The competitor product 'Sprite Lemon-Lime 1.5L' matches exactly with the master item 'Sprite Lemon-Lime 1.5L' in brand (Sprite), model (Classic), size (1.5L), and unit (L)."
1823,,0.0,no_match,"The competitor product 'DIY craft glue gun mini' does not match any of the available master KVI candidates. The products differ in brand, model, and description of the item. The competitor product is a glue gun, while all master candidates are types of glue in tube formats. Thus, it is concluded as 'no_match'."
1518,KVI-ELEC-0014,0.9535,match,"The competitor product 'Belkin Surge Protector 6-Outlet 1pcs' matches the master list item 'Belkin Surge Protector 6-Outlet 1pcs' in terms of brand 'Belkin', exact product name, model 'BSV804', size quantity of 1, and unit 'pcs'."
958,KVI-ELEC-0012,0.8365,match,"The competitor product 'Anker PowerCore 10000 1pcs' matches exactly with the master item 'Anker PowerCore 10000 1pcs' in terms of brand, model, size, and packaging units. Both items have the same brand 'Anker', product name, pack size of 1.0, and unit 'pcs'."
1702,KVI-ELEC-0015,1.0,match,"The competitor product 'Energizer Max AA 2pcs Free Delivery' exactly matches the master KVI item 'Energizer Max AA 2pcs'. The brand is 'Energizer', the model is 'Max', the pack size is 2 pcs, and the units are the same."
213,KVI-FMCG-0098,1.0,match,"Both the brand 'Nivea' and the model 'Whitening' match exactly. The pack size is 200.0 ml in both entries, which is an exact match."
919,KVI-FMCG-0056,0.8188,match,"The competitor's product 'Tasto Potato Chi. 27g' has matching brand 'Tasto', model 'Salted', size '27g', and unit 'g'. Thus, it is a valid match."
1066,KVI-FMCG-0065,0.9344,match,"The competitor product 'WaiWai Original 60g' matches the master list entry 'WaiWai Original 60g' in all aspects: brand 'WaiWai', model 'Original', size '60g', and unit 'g'."
1168,KVI-ELEC-0021,0.7392,match,"The competitor product 'Durcell Plus Power AA 4pcs' matches exactly with the master product 'Duracell Plus Power AA 4pcs' in brand, model, pack size (4pcs), and unit (pcs), confirming it is a true match."
934,KVI-ELEC-0010,0.8996,match,"The competitor product 'Sumsung Samsung 25W Fast Charger 1pcs' matches the master list item 'Samsung 25W Fast Charger 1pcs' based on exact brand 'Samsung', model name as included, size quantity '1', and physical metric units 'pcs'. The mismatch in spelling of 'Sumsung' appears to be a typographical error while the core attributes required for a match are met."
1027,KVI-FMCG-0011,0.9,match,"The competitor product is 'Sprite Lem. 1.25L BUNDLE', which matches the master list item 'Sprite Lemon-Lime 1.25L' in brand (Sprite), model (Classic), and size (1.25L). No discrepancies in flavor or variant were found."
1192,KVI-FMCG-0003,0.8038,match,"The brand 'Coca-Cola' matches exactly. Model 'Classic' is consistent as it describes the original taste. Size is 1.25L, which matches the competitor entry's description of 'Coca-Cola Ori. Taste 1.25L'. The metrics and identifiers are consistent, thus confirming a match."
1510,KVI-FMCG-0061,0.93,match,"The competitor product 'MAMA Tom Yum Goong 60g' matches exactly with the master product 'MAMA Tom Yum Goong 60g'. Brand: MAMA, Model: Tom Yum, Size: 60g are identical. The product is confirmed as a match."
284,KVI-FMCG-0020,0.682,match,"The competitor product 'Chang Beer 620' matches the master item 'Chang Beer 620ml' in brand (Chang), size (620ml), and model (Classic). Therefore, it is considered a match."
410,KVI-FMCG-0013,0.9637,match,"The competitor product 'Fanta Orange 325ML PACK 12' matches the master KVI candidate 'Fanta Orange 325ml'. Both products share the same brand 'Fanta', model 'Orange', pack size of 325ml, and unit. The only difference is the packaging description (PACK 12), which does not affect the core product matching."
1949,,0.0,no_match,"The competitor product 'Plastic flower pot 6 inch' does not match any of the master items. No exact brand, model, or size match found. It is a different type of product."
507,KVI-ELEC-0002,0.95,match,"The competitor product 'Apple Lightning USB Cable 2m' matches the master entry 'Apple Lightning USB Cable 2m' exactly in brand, model (MD818), size (2m), and unit (meters)."
794,KVI-FMCG-0115,0.9625,match,"The competitor product 'Magiclean Bathroom Spray 500ml' matches exactly with the master KVI product in terms of brand 'Magiclean', product name 'Magiclean Bathroom Spray', size '500ml', and physical metric unit 'ml'."
608,KVI-FMCG-0064,0.95,match,"Brand matches ('MAMA'), model matches ('Pork'), size matches (60g), and unit matches (g)."
1540,KVI-FMCG-0111,0.95,match,"The competitor product 'Detol Dettol Antibacterial Liquid 1.2L' matches exactly with master KVI candidate 'Dettol Antibacterial Liquid 1.2L' in terms of brand which is 'Dettol', model which is 'Original', size quantity of 1.2L, and physical metric units being liters."
491,KVI-FMCG-0068,1.0,match,"The competitor product 'Yum Yum Chicken Noodle 90g' matches the master list entry with the same product name, brand 'Yum Yum', size '90g', and category 'fmcg'. All identifiers match exactly."
1426,KVI-ELEC-0029,0.8532,match,"The competitor product 'SnDisk Ultra SD 128GB 1pcs BIG SALE' matches the master product 'SanDisk Ultra SD 128GB 1pcs' in brand, model, size, and unit. The only difference is the spelling of the brand name (SnDisk vs SanDisk), but since this is a common typographical error and the rest of the details align perfectly, it is considered a match."
101,KVI-HARD-0026,1.0,match,"The competitor product 'Scotch-Brite Dish Sponge 6pcs Save 20฿' matches exactly with the master list item 'Scotch-Brite Dish Sponge 6pcs'. Both have the same brand 'Scotch-Brite', model name is not listed but the category and type of product match, and the size is 6 pcs which is also confirmed in the master list."
483,KVI-HARD-0006,0.7742,match,"The competitor product 'Stanley Screwdriver Set 6pcs Hot Deal' matches the KVI master list item 'Stanley Screwdriver Set 6pcs'. Both entries have the same brand 'Stanley', same model naming convention, identical quantity of 6pcs, and the physical metric units are consistent (pcs). However, the competitor's entry includes 'Hot Deal' which does not affect the matching criteria."
1845,,0.0,no_match,"The competitor product is a 'Cooking apron floral pattern' which does not match any items from the KVI master list. The top candidates listed are fabric softeners and dish sponges, which are entirely different categories of products."
1357,KVI-ELEC-0030,0.95,match,"The competitor product 'Kingston DataTraveler 64GB 1pcs PACK 12' matches the master KVI candidate 'Kingston DataTraveler 64GB 1pcs' in terms of brand ('Kingston'), exact model ('DT100'), size quantity (64GB), physical metric unit (1pcs), and there is no discrepancy in flavor or variant."
1892,,0.0,no_match,"The competitor product 'USED iPhone 8 64GB unlocked' does not match any of the master KVI candidates which are storage products (SanDisk and Kingston SD cards), thus they differ in type and category."
1529,KVI-FMCG-0088,0.98,match,"The competitor product 'Sunsilk Shampoo Black Shine 480ML' matches exactly with the master entry 'Sunsilk Shampoo Black Shine 480ml' in terms of brand 'Sunsilk', model 'Black', pack size '480' and unit 'ml'."
1984,,0.0,no_match,"The competitor product 'Plastic flower pot 6 inch' does not match any item in the master list. The products in the master list are watering cans and a sponge, which do not align in terms of product type, brand, size, or comparable features."
1950,,0.0,no_match,Filtered by local retrieval layer: Similarity score fell well below minimum structural threshold.
591,KVI-FMCG-0115,0.83,match,"The product matches exactly with the brand 'Magiclean', the model 'Original', size '500ml' and the unit 'ml'. The competitor product and master list product both describe the same item with no variation in flavor or type."
419,KVI-FMCG-0015,0.95,match,"The competitor product is 'Singha Beer 320ml SET 6 ขวด', which has a cleaned title of 'Singha Beer 320ml'. The KVI candidate 'Singha Beer 320ml' matches the product name exactly, the brand 'Singha' matches, and the pack size is 320ml, which are identical. Therefore, it is confirmed to be a true match."
12,KVI-FMCG-0092,0.9473,match,"The competitor product 'Colgate Toothpaste Total 75g' exactly matches the master list product with the same brand 'Colgate', model 'Total', size '75g', and units 'g'."
378,KVI-FMCG-0038,0.9696,match,"The competitor product 'M-150 Energy Drink 250ml' matches exactly in brand ('M-150'), model ('Original'), size quantity (250ml), and unit ('ml') with the master KVI candidate 'M-150 Energy Drink 250ml'. A high similarity score supports this match."
8,KVI-FMCG-0022,0.95,match,"Competitor product 'Heineken ลิตรger 500ml' matches brand 'Heineken', model 'Lager', and size '500ml' exactly to the master list product 'Heineken Lager 500ml' with packSize 500.0 and unit 'ml'."
1557,KVI-FMCG-0064,1.0,match,"The competitor product's title 'MAMA Pork Flavor 60g' matches exactly with the master KVI candidate 'MAMA Pork Flavor 60g'. The brand 'MAMA', model 'Pork', and packSize of 60g in the competitor product entry are consistent with the top candidate. Therefore, this entry is a confirmed match."
199,KVI-HARD-0024,0.9649,match,"The competitor product 'Scotch-Brite Dish Sponge 2pcs' matches the master list item on brand 'Scotch-Brite', model 'Soft', size '2pcs', and physical unit 'pcs'. All identifiers align perfectly."
166,KVI-HARD-0003,0.9612,match,Brand '3M' matches; Model 'Heavy' has similar functionality; Size 48mm matches exactly.
1710,KVI-HARD-0013,0.9299,match,"The competitor product 'Glad Trash Bag Black 30 Gal. 15pcs' matches the master KVI candidate 'Glad Trash Bag Black 30 Gallon 15pcs' in brand (Glad), model (Strong), pack size (15pcs, confirmed as 15.0), and unit (pcs). The only difference being the wording 'Gal.' and 'Gallon', which refers to the same volume measurement. Thus, it qualifies as a match."
1026,KVI-FMCG-0031,0.9479,match,"The product 'Sprinkle Drinking Water 330ML' matches exactly with the master list entry 'Sprinkle Drinking Water 330ml' in terms of brand 'Sprinkle', model 'Water', size 330ml, and unit 'ml'."
1376,KVI-FMCG-0013,1.0,match,"The competitor product 'Fanta Orange 325ml ใหม่!' matches exactly with the master KVI candidate 'Fanta Orange 325ml'. Both share the same brand 'Fanta', model 'Orange', size of '325ml', and unit 'ml'."
1261,KVI-FMCG-0002,0.8,match,"The competitor product 'Coca Cola Coca-Cola Original Taste 500ml' matches exactly with the master product 'Coca-Cola Original Taste 500ml'. The brand 'Coca-Cola' matches, the model 'Classic' matches the description of the competitor title, the packSize of 500 ml matches, and the unit 'ml' is consistent. Therefore, this product is confirmed as a match."
1567,KVI-HARD-0039,0.9703,match,"Brand matches Karcher; model implicitly assumed to be Standard; size of 15m, which matches exactly; unit in meters. Thus, the competitor product matches the master list."
257,KVI-FMCG-0097,0.682,match,"The competitor product is 'Nivea Body Lotion Whitening 100ml' which matches exactly with the master item 'Nivea Body Lotion Whitening 100ml' in brand ('Nivea'), model ('Whitening'), size (100.0 ml) and units (ml)."
717,KVI-ELEC-0002,0.85,match,"The competitor product title 'Apple Lightning USB Cable 2m' matches the master list item 'Apple Lightning USB Cable 2m' in brand (Apple), model (MD818), size (2m), and unit (m) exactly."
436,KVI-FMCG-0004,0.7838,match,"The competitor product 'Coca-Cola Original Taste 1.5L' matches the master product with exact brand 'Coca-Cola', exact product name 'Coca-Cola Original Taste 1.5L', exact size '1.5L', and identical physical metric unit 'L'."
1464,KVI-HARD-0014,0.9,match,"The competitor product 'Glad Trash Bag Black 30 Gallon 30pcs' matches exactly with the master entry 'Glad Trash Bag Black 30 Gallon 30pcs' in terms of brand ('Glad'), model ('Strong'), size (30 Gallon), quantity (30pcs), and metrics (pcs). The slight difference in the presence of 'ลดราคา' in the competitor title does not affect the match."
932,KVI-FMCG-0003,0.9,match,"The competitor product 'Coca-Cola Original Taste 1.25L ใหม่!' matches the master KVI entry for 'Coca-Cola Original Taste 1.25L' because the brand 'Coca-Cola' is the same, the model is compatible with 'Classic', the size is exactly 1.25L, and the units match. No differences in flavor, variant, or size."
1948,,0.0,no_match,"The competitor product 'Cute cat ear hairband' does not match any master list entries. It does not have a corresponding brand identifier or model in the available KVI candidates, which are all electronics and unrelated to hair accessories."
427,KVI-FMCG-0047,1.0,match,"The competitor product 'Lay's Classic Salted 75g' matches exactly with the master KVI product 'Lay's Classic Salted 75g' in terms of brand ('Lay's'), model ('Classic'), and pack size (75g). The product descriptions are identical."
633,KVI-ELEC-0021,1.0,match,"The competitor product 'Duracell Plus Power AA 4pcs' matches exactly with the master product 'Duracell Plus Power AA 4pcs'. The brand is 'Duracell', model is 'Plus', size quantity is 4, and the unit is 'pcs'."
1408,KVI-FMCG-0071,0.8632,match,"The competitor product 'Foremost Fresh Milk 830.' matches the master KVI candidate 'Foremost Fresh Milk 830ml' in terms of brand 'Foremost', model 'Fresh', pack size 830.0, and unit 'ml'. The only difference is the unit representation where the competitor title does not explicitly mention 'ml', but it can be inferred. Therefore, the match is confirmed."
1172,KVI-HARD-0031,0.9,match,"The competitor product 'Windex Glss Cleaner 500ml x12 PACK' matches the master list item 'Windex Glass Cleaner 500ml' by brand (Windex) and size (500ml), although it refers to a pack of 12, indicating a bulk packaging which does not affect the match criteria."
1214,KVI-FMCG-0053,0.95,match,"The competitor product is 'Pringles Original 147g Hot Deal', and matches the master KVI candidate 'Pringles Original 147g'. Both have the same brand 'Pringles', model 'Original', pack size of 147g, and unit 'g'. The only difference is the addition of 'Hot Deal' in the competitor title, which does not affect the match."
1021,KVI-ELEC-0022,1.0,match,"The competitor product 'Duracell Plus Power AA 8pcs' matches exactly with the master product 'Duracell Plus Power AA 8pcs' in terms of brand 'Duracell', model 'Plus', pack size '8', and unit 'pcs'."
929,KVI-FMCG-0062,1.0,match,"The competitor product 'MAMA Tom Yum Goong 90g' matches the master KVI candidate 'MAMA Tom Yum Goong 90g' by brand ('MAMA'), model ('Tom Yum'), pack size (90g), and unit (g). All identifiers are consistent and exact."
1437,KVI-FMCG-0064,0.9,match,1. Brand identifier matches exactly: 'MAMA'. 2. Model name matches exactly: 'Pork'. 3. Pack size matches exactly: 60g. 4. Physical metric units match exactly: grams.
728,KVI-FMCG-0042,0.9195,match,"The competitor product 'Lipton Lemon Tea 450ML SUPER SAVE' has the same brand 'Lipton', model 'Lemon', and size '450ml' (exact match in unit). No differences found in flavors or variants, confirming a true match."
1442,KVI-FMCG-0104,0.8242,match,"The competitor product matches the master item on brand (Comfort), model (Pink), size (1.4L), and unit of measure (L). The titles are also consistent, confirming it is the same product."
1840,,0.0,no_match,"The competitor product is a 'Cooking apron floral pattern', which does not match any branded product or category in the master list, as all the master candidates are fabric softeners or sponges."
225,KVI-FMCG-0095,0.95,match,"The competitor product 'Sensodyne Too. Original 75g Hot Deal' matches the master list product 'Sensodyne Toothpaste Original 75g' in terms of brand (Sensodyne), model (Original), pack size (75g), and unit of measurement (g). No discrepancies in flavor, size, or variant were found, so this is a confirmed match."
61,KVI-FMCG-0095,0.95,match,The brand 'Sensodyne' matches the competitor product. The model 'Original' is consistent with the competitor's model. The pack size of '75g' corresponds exactly with the competitor's description. No discrepancies in units or flavor variants found.
1574,KVI-FMCG-0038,0.8493,match,"The competitor product M-150 Energy Drink 250ml Hot Deal matches with KVI item M-150 Energy Drink 250ml. Both have the same brand 'M-150', model as 'Original', size of 250ml, and metric units are identical."
146,KVI-ELEC-0033,0.7627,no_match,"The competitor product is 'Bel. HDMI Cable 2m' which is similar to 'Belkin HDMI Cable 2m'. However, the brand 'Bel.' does not exactly match the required brand 'Belkin', which leads to a decision of no_match due to differing brand identifiers."
707,KVI-ELEC-0025,0.9631,match,"The competitor product 'Philips LED Bulb 9W Warm White 1pcs' matches exactly with the master entry regarding brand 'Philips', model 'Essential', size '1pcs', and unit 'pcs'. All identifiers are consistent."
1427,KVI-FMCG-0081,0.925,match,"The competitor product 'Anchor Butter Salted 454g' matches with the master item 'Anchor Butter Salted 454g'. The brand is 'Anchor', the model is 'Salted', the size is 454g, and the unit is 'g', all of which are identical."
505,KVI-FMCG-0074,1.0,match,"The competitor product 'เมจิ Meiji Fresh Milk 450ML' matches directly with the master item 'Meiji Fresh Milk 450ml' in brand, model, size (450ml), and unit (ml). The descriptions match exactly, confirming a true match."
1938,,0.0,no_match,"The competitor product 'Generic phone case clear silicone' does not match any items in the master list. The product is a phone case, while the available candidates are electronic accessories (Samsung Galaxy Buds and SanDisk SD cards). There is no brand or model match, and the category differs significantly."
969,KVI-HARD-0024,0.764,match,"The competitor product 'Scotch-Brite Dish Sponge 2pcs ใหม่!' is an exact match with the master list item 'Scotch-Brite Dish Sponge 2pcs' in terms of brand (Scotch-Brite), model (Soft), pack size (2pcs), and unit (pcs). The only difference is the inclusion of 'ใหม่!' in the product title, which is a promotional text and not a defining characteristic that would change the match status."
1107,KVI-FMCG-0002,0.9,match,"The competitor product 'Coca-Cola Original Taste 500ml' matches the master product 'Coca-Cola Original Taste 500ml' in brand (Coca-Cola), model (Classic), size (500ml), and units (ml) exactly."
858,KVI-FMCG-0055,0.95,match,"The competitor product 'Pringles Sour Cream 147g' matches our master list entry for 'Pringles Sour Cream 147g' with exact brand, model, size (147g), and unit (g), indicating a direct match."
1137,KVI-HARD-0030,0.96,match,"The competitor product 'Clorox Disinfecting Wipes 75pcs' matches the master list entry 'Clorox Disinfecting Wipes 75pcs' exactly in brand (Clorox), model (Original), size quantity (75 pcs), and unit (pcs)."
793,KVI-FMCG-0087,1.0,match,"The competitor product 'Sunsilk Shampoo Black Shine 320ml' matches exactly with the master KVI candidate 'Sunsilk Shampoo Black Shine 320ml'. Both have the brand 'Sunsilk', model 'Black', size 320ml, and match in all relevant details such as product name and physical metric units."
676,KVI-FMCG-0091,0.859,match,"The competitor product 'Dove Body Wash Original 1L GIFT SET' matches the master entry 'Dove Body Wash Original 1L' based on brand (Dove), model (Original), size (1L), and unit (L), with no variation in flavor or other attributes."
1476,KVI-HARD-0013,0.8144,match,"The competitor product 'Glad Trash Bag Bla. 30 Gallon 15pcs BIG SALE' is a match with the KVI master list entry 'Glad Trash Bag Black 30 Gallon 15pcs'. Both have the same brand (Glad), size (30 Gallon), and pack size (15 pcs). The model 'Strong' is present in the master entry, which indicates a consistent product description. The only discrepancy is the title wording ('Black' vs 'Bla') which does not indicate a different flavor, size, or variant."
343,KVI-HARD-0003,0.8779,match,"The competitor product is '3M Duct Tape Silver 48mm BIG SALE'. The master KVI candidate '3M Duct Tape Silver 48mm' matches in brand (3M), model (Heavy), size (48mm), and physical metric units (mm). The only difference is the 'BIG SALE' in the competitor title, which is not a factor in matching."
978,KVI-FMCG-0110,0.7632,match,"The competitor product matches the master list entry in brand (Dettol), model (Original), size (500ml), and unit (ml). Therefore, it is a confirmed match."
1092,KVI-HARD-0022,1.0,match,"The competitor product 'IKEA SAMLA Box Clear 11L' matches exactly with the master product 'IKEA SAMLA Box Clear 11L' in brand (IKEA), model (SAMLA), size quantity (11L), and unit (L). Therefore, it is categorized as a match."
914,KVI-FMCG-0110,1.0,match,"The competitor product 'Dettol Antibacterial Liquid 500ml' matches the master product 'Dettol Antibacterial Liquid 500ml' by brand 'Dettol', model 'Original', exact size of 500ml, and identical unit 'ml'."
435,KVI-FMCG-0062,0.9,match,"The competitor product 'MAMA Tom Yum Goong 90g GIFT SET' has the same brand (MAMA), model (Tom Yum), and pack size (90g) as the matched master product 'MAMA Tom Yum Goong 90g'. Therefore, they match exactly without any discrepancies."
236,KVI-FMCG-0109,0.95,match,"The competitor product 'Dettol Antibacterial Liquid 250ml' matches the master entry 'Dettol Antibacterial Liquid 250ml' in brand ('Dettol'), model ('Original'), size (250ml), and unit (ml) with a similarity score of 0.954. Therefore, it is confirmed as a match."
1688,KVI-ELEC-0010,0.874,match,"The competitor product 'Samsung 25W Fast Charger 1pcs BIG SALE' matches with the master KVI product 'Samsung 25W Fast Charger 1pcs'. Both have the same brand 'Samsung', model indirectly suggested as 'EP-TA800', correct size quantity of 1 and unit 'pcs'. Therefore, they represent the same item."
21,KVI-HARD-0001,0.878,match,"The competitor product '3M Sco. Magic Tape 19mm' matches exactly with master KVI candidate '3M Scotch Magic Tape 19mm'. Both products are from the brand '3M', have the model 'Magic', and are of size 19mm, which is confirmed by their physical metric units."
501,KVI-ELEC-0040,0.8484,match,"The competitor product 'เสี่ยวมี่ Xiaomi Redmi AirDots 3 1pcs' matches exactly with the master entry 'Xiaomi Redmi AirDots 3 1pcs' in brand, model, size, and unit. Both products are clearly identified as being from the same manufacturer (Xiaomi) and have identical specifications."
1313,KVI-ELEC-0036,0.9567,match,"The competitor product has the same brand (JBL), product name (Tune Wireless Earbuds 1pcs), pack size (1.0 pcs), and the wording in the cleaned title matches the master list entry exactly."
531,KVI-ELEC-0028,0.881,no_match,"The competitor product brand 'San' does not exactly match 'SanDisk'. The product specifications including size, model, and packaging unit are present, but the brand is essential for a match."
1672,KVI-ELEC-0034,0.85,match,"The competitor product is an Anker HDMI cable of 1.8 meters, which matches the brand 'Anker', product name 'Anker HDMI Cable 1.8m', and the pack size of 1.8m exactly, satisfying all verification criteria."
799,KVI-ELEC-0040,0.9331,match,"The competitor product 'Xiaomi Redmi AirDots 3 1pcs' matches the master item 'Xiaomi Redmi AirDots 3 1pcs' by having the same brand 'Xiaomi', model 'RD3', pack size of 1.0, and unit 'pcs'. The high similarity score of 0.933 indicates a strong match without any discrepancies in flavor, size, or variant."
1870,,0.0,no_match,"The competitor product is a 'keychain' and does not match any of the available master KVI candidates which are all electronics products. Furthermore, the product's brand is not defined ('unbranded'), and the pack size is 5pcs, which does not match the pack size of 1pcs for any master candidates."
1352,KVI-FMCG-0028,0.7104,no_match,"The competitor product 'Cry. Drinking Water 350ml' does not match any item in the master list due to brand mismatch; the standard item is 'Crystal Drinking Water 350ml', which has a different brand name."
1707,KVI-HARD-0005,0.7685,match,"The competitor product 'สแตนลีย์ Stnley Hammer Claw 16oz 1pcs BUNDLE' matches the master KVI item 'Stanley Hammer Claw 16oz 1pcs' based on brand (Stanley), model identifier (STHT51512), size quantity (1pcs), and unit (pcs). The difference in the title is accounted for by the presence of 'BUNDLE', which does not change the core details of the product."
1999,,0.0,no_match,"The competitor product description refers to a 'DIY craft glue gun mini', which is not comparable to any of the master KVI candidates that focus on glue tubes by Loctite or a Bosch drill. The brands, models, and formats significantly differ, and there is no match with flavor, size, or variant."
1418,KVI-FMCG-0013,0.9637,match,"The competitor product (Fanta Orange 325ml) matches exactly with the master KVI candidate (Fanta Orange 325ml) in terms of brand (Fanta), model (Orange), size (325ml), and units (ml)."
734,KVI-HARD-0016,0.9199,match,"The product from the competitor is 'Ziploc Storage Bag Gallon 38pcs', which exactly matches the product name and specifications of the KVI master candidate 'Ziploc Storage Bag Gallon 38pcs'. The brand 'Ziploc' and model 'Storage' are identical, as is the pack size of 38 pcs, confirming an exact match."
1367,KVI-FMCG-0098,0.9,match,"The competitor product is 'Nivea Body Lotion Whitening 200ml', which matches exactly with the master entry of 'Nivea Body Lotion Whitening 200ml', both with the same brand 'Nivea', model 'Whitening', size '200ml', and unit 'ml'."
224,KVI-FMCG-0080,0.95,match,"The competitor product 'Anchor Butter Salted 227g GIFT SET' matches the master product 'Anchor Butter Salted 227g' in brand (Anchor), model (Salted), size (227g), and unit (g). The additional 'GIFT SET' descriptor does not affect the core product identity."
336,KVI-HARD-0018,0.937,match,"The competitor product 'Super Glue Loctite Original 5g' matches exactly with the KVI master item 'Super Glue Loctite Original 5g'. Both items share the brand 'Loctite', model 'Super', and both have a pack size of 5g which is appropriately measured in grams, thus confirming a match."
508,KVI-FMCG-0106,0.945,match,"The competitor product 'Downy Concentrate Lavender 600ml' matches exactly with the master product 'Downy Concentrate Lavender 600ml' in terms of brand, model, size (600ml), and units. No discrepancies found."
740,KVI-HARD-0022,0.8829,match,"The competitor product 'IKEA SAMLA Box Clear 11L BUNDLE' matches the master KVI candidate 'IKEA SAMLA Box Clear 11L' in brand (IKEA), model (SAMLA), size (11L), and units (L). The only difference is the addition of the word 'BUNDLE' which does not alter the core product identification."
202,KVI-FMCG-0086,0.7732,match,Brand: Sunsilk (matches). Model: Black (matches 'Bla.' as it appears to be a formatting error). Size: 180ml (exact match). The product matches our master list.
233,KVI-FMCG-0079,0.916,match,"The competitor product 'Anchor Butter Salted 100g' matches exactly with the master item 'Anchor Butter Salted 100g' regarding brand ('Anchor'), model ('Salted'), size quantity (100g), and unit (g)."
1355,KVI-FMCG-0051,0.95,match,"The competitor product 'เลย์ Ly's Sour Cream Onion 75g' matches the master product 'Lay's Sour Cream Onion 75g' in brand ('Lay's'), model ('Sour Cream'), size (75g), and unit (g)."
594,KVI-FMCG-0006,0.91,match,"The competitor product is 'เป๊ปซี่ Pepsi Cola 325ml' which perfectly matches the master item 'Pepsi Cola 325ml' in brand ('Pepsi'), model ('Original'), pack size (325ml), and unit (ml)."
1721,KVI-HARD-0021,0.9688,match,"The competitor product 'Tupperware Modular Mate 1.7L' matches exactly with the KVI candidate 'Tupperware Modular Mate 1.7L' in terms of brand 'Tupperware', model 'Square' (which is not directly compared since it's a square model), size (1.7L), and all identifiers are consistent."
1155,KVI-FMCG-0020,0.8249,match,"The competitor product 'Chang Beer 620ml' matches exactly with the master item 'Chang Beer 620ml' in brand, size (620ml), and product type."
399,KVI-FMCG-0068,1.0,match,"The competitor product 'Yum Yum Chicken Noodle 90g' matches exactly with the master KVI product 'Yum Yum Chicken Noodle 90g'. Brand 'Yum Yum', model 'Chicken', size '90g', and unit 'g' are all identical."
1935,,0.0,no_match,"The competitor product is a 'Yoga mat 6mm thick blue', while the master list contains items related to 'Microfiber Cloth' and 'Duct Tape'. The product categories and names do not match any available candidates."
63,KVI-FMCG-0066,0.9398,match,"The competitor product 'WaiWai Original 90g' matches exactly with the master KVI candidate 'WaiWai Original 90g'. The brand, model, size (90g), and unit (g) are identical."
1606,KVI-HARD-0036,0.9053,match,"The competitor product 'Baygon Insect Spray Multi 300ML' matches the master KVI candidate 'Baygon Insect Spray Multi 300ml' precisely in brand ('Baygon'), model ('Multi'), size (300.0 ml), and unit ('ml'). The sizes are equivalent, differing only in casing. The similarity score indicates high confidence in the match."
1343,KVI-FMCG-0041,0.9124,match,"The competitor product 'Lipton Lemon Tea 250ml' matches exactly with the master KVI candidate 'Lipton Lemon Tea 250ml', with identical brand 'Lipton', model 'Lemon', pack size 250.0 and unit 'ml'."
598,KVI-FMCG-0033,0.9499,match,"The competitor product 'Sprinkle Drinking Water 1.5L' exactly matches the master product with the same brand 'Sprinkle', model 'Water', and size '1.5L'. All identifiers are consistent."
102,KVI-FMCG-0077,0.8068,match,"The competitor product 'ดัชมิลล์ Dutch Mill UHT Milk 225ml' matches exactly with the master list entry 'Dutch Mill UHT Milk 225ml' in terms of brand 'Dutch Mill', model 'UHT', size quantity '225ml', and unit 'ml'."
1534,KVI-FMCG-0051,0.9195,match,"The competitor product 'Lays Lay's Sour Cream Onion 75g' matches exactly with the master list item 'Lay's Sour Cream Onion 75g'. The brand 'Lay's', model 'Sour Cream', size '75g' and unit 'g' all correspond perfectly."
183,KVI-FMCG-0114,0.9605,match,"The competitor product 'Vixol Toilet Cleaner 900ML' matches the KVI master list item 'Vixol Toilet Cleaner 900ml' based on identical brand ('Vixol'), model ('Original'), size (900ml), and unit (ml). There are no discrepancies in flavor, size, variant, or an unlisted product."
1788,,0.0,no_match,"The competitor product 'Generic phone case clear silicone' does not match any items in the master list. The master list contains electronic items (earbuds and SD cards), while the competitor product is an accessory (phone case). No brand, model, or size matches."
1854,,0.0,no_match,"The competitor product is an iPhone 8 64GB, while the available master KVI candidates are all storage devices from SanDisk and Kingston. There is no matching brand (Apple) or product category. Thus, they do not match in brand identifiers, model names, or product type."
660,KVI-FMCG-0033,0.9499,match,"The competitor product 'Sprinkle Drinking Water 1.5L' matches exactly with the master KVI candidate 'Sprinkle Drinking Water 1.5L'. Both have the same brand 'Sprinkle', model 'Water', size '1.5L', and unit 'L', confirming a true match."
1831,,0.0,no_match,"The competitor product 'Generic phone case clear silicone' does not match any item from the canonical master list by brand, model, or product type. The items in the master list are electronics (Samsung Galaxy Buds and SanDisk SD cards) whereas the competitor product is a phone case, indicating a different product category."
1122,KVI-ELEC-0013,1.0,match,"The competitor product 'เสี่ยวมี่ Xiaomi Mi Power Bank 20000 1pcs' matches exactly with the master KVI entry 'Xiaomi Mi Power Bank 20000 1pcs'. Both share the same brand 'Xiaomi', model information is consistent, size is '1pcs' and unit matches 'pcs'."
1449,,0.0,no_match,"The competitor product 'Cry. Drinking Water 350ML' has a different brand 'Cry.' compared to the master candidates 'Crystal' and 'Singha'. No exact match for brand, model, or product name."
131,KVI-FMCG-0064,0.9025,match,"The competitor product MAMA Pork Flvor 60g matches the master KVI candidate MAMA Pork Flavor 60g, with identical brand identifiers (MAMA), model names (Pork), size quantities (60g), and physical metric units (g). The only difference is the misspelling of 'Flavor' as 'Flvor'. This is considered a match as it does not affect the identification."
1830,,0.0,no_match,"The competitor product 'Yoga mat 6mm thick blue' does not match any items from the master list as it lacks matching brand identifiers, model names, size quantities, or physical metric units."
537,KVI-FMCG-0001,0.9585,match,"The competitor product 'Coca-Cola Original Taste 330ml' matches the master item 'Coca-Cola Original Taste 330ml' based on exact match in brand 'Coca-Cola', product name, pack size of 330ml, and unit."
1914,,0.0,no_match,"The competitor product 'DIY craft glue gun mini' does not match any entry in the master list as it refers to a glue gun, whereas the available master KVI candidates are all types of glue in tube form. No matching brand, model, or product type corresponds."
975,KVI-FMCG-0025,1.0,match,"The competitor product 'Singha Drinking Water 600ml' matches exactly with the master KVI entry for 'Singha Drinking Water 600ml'. The brand 'Singha', size '600ml', and product model 'Water' are all consistent, confirming a true match."
745,KVI-FMCG-0059,0.9608,match,"The competitor product 'Bento Squid Snack 24g' matches exactly with the master item 'Bento Squid Snack 24g' on brand (Bento), model (Squid), size (24g), and all physical metric units."
1848,,0.0,no_match,"The competitor product 'Cute cat ear hairband' does not match any of the master candidates which are all electronic or hardware items, indicating a different category altogether. Additionally, there are no common brand identifiers, model names, or size quantities."
838,KVI-HARD-0003,0.9612,match,"The competitor product '3M Duct Tape Silver 48mm' matches with the master list item '3M Duct Tape Silver 48mm' in brand (3M), model (Heavy), size (48mm), and unit (mm). Therefore, all parameters match exactly."
1754,KVI-HARD-0010,0.9708,match,"The competitor product '3M Microfiber Cloth Yellow 2pcs' matches exactly with the master list item '3M Microfiber Cloth Yellow 2pcs' in terms of brand (3M), model (Microfiber), pack size (2.0), and unit (pcs)."
1048,KVI-HARD-0007,0.7768,match,"The competitor product has the brand 'Bosch', model 'GSB 550', pack size of 1pcs, and unit 'pcs', which matches exactly with the KVI candidate 'Bosch Drill GSB 550 1pcs'."
420,KVI-FMCG-0010,0.8,match,"The competitor product 'Sprite Lemon- Lime 325M' matches with the master entry 'Sprite Lemon-Lime 325ml'. Both the brand 'Sprite', model 'Classic', and size '325ml' are consistent, while the 'Lิตร' refers to liters, which is appropriately converted to milliliters (1 L = 1000 ml). The difference in writing 'Lime' as '- Lime' is considered a minor typographical difference and does not affect the match."
1655,KVI-ELEC-0014,0.95,match,"The competitor product 'Belkin Surge Protector 6-Outlet 1pcs' matches the canonical master list item 'Belkin Surge Protector 6-Outlet 1pcs' based on the exact brand 'Belkin', model 'BSV804', and identical size '1 pcs' with unit 'pcs'."
1558,KVI-FMCG-0109,1.0,match,"The competitor product 'Detol Dettol Antibacterial ลิตรiquid 250ml' matches exactly with the master KVI candidate 'Dettol Antibacterial Liquid 250ml'. Both have the same brand 'Dettol', model 'Original', and size '250ml' which is confirmed by the exact physical metric units and brand identifiers."
819,KVI-ELEC-0006,0.95,match,"The competitor product 'Anker PowerLine USB-C 1.8m Free Delivery' exactly matches the product in the master list 'Anker PowerLine USB-C 1.8m' in terms of brand 'Anker', model 'A8187', size '1.8m', and unit 'm'."
314,KVI-ELEC-0026,0.96,match,"All attributes match exactly: Brand 'Philips', Model name exact as 'Essential', Size '3pcs' matches the packSize entry, and it is categorized under the same product type (LED Bulb)."
168,KVI-ELEC-0013,0.8416,match,"The competitor product 'เสี่ยวมี่ Xiaomi Mi Power Bank 20000 1pcs' matches exactly with the master product 'Xiaomi Mi Power Bank 20000 1pcs' in brand (Xiaomi), model (PLM18ZM), size (1pcs), and unit (pcs)."
985,KVI-FMCG-0008,0.8573,match,"The competitor product 'Pepsi Cola 1.45L' matches the master list item 'Pepsi Cola 1.45L' by the same brand 'Pepsi', exact model presence, specific pack size of 1.45L, and the unit of measurement (L) matches exactly."
1076,KVI-HARD-0021,0.7751,match,"The competitor product 'Tupperwre Modular Mate 1.7L' matches the master entry 'Tupperware Modular Mate 1.7L' in brand (Tupperware), model (Square), size (1.7L), and unit (L). The only discrepancy is the spelling of 'Tupperwre', which is likely a typo for 'Tupperware'."
251,KVI-HARD-0033,0.9,match,"The competitor product 'Glde Air Freshener Lavender 250ml GIFT SET' matches exactly with the master product 'Glade Air Freshener Lavender 250ml' in brand (Glade), model (Lavender), size (250ml), and type (air freshener). The only difference is that the competitor product includes 'GIFT SET', which does not change the fundamental details of the product."
256,KVI-FMCG-0053,0.9,match,"The competitor product 'Pringles Original 147g' matches exactly with the master list product 'Pringles Original 147g' in brand, model, size, and unit."
1712,KVI-HARD-0011,1.0,match,"The competitor product '3M Microfiber Cloth Yellow 4pcs' matches exactly with the master list item '3M Microfiber Cloth Yellow 4pcs' in brand, model, pack size (4 pcs), and unit (pcs)."
1394,KVI-FMCG-0093,0.796,match,"The competitor product 'Colgate Toothpaste Total 100g' matches exactly with the master list item 'Colgate Toothpaste Total 100g' based on brand 'Colgate', model 'Total', size '100g', and metric unit 'g'."
1835,,0.0,no_match,Filtered by local retrieval layer: Similarity score fell well below minimum structural threshold.
1028,KVI-HARD-0031,0.85,match,"The competitor product is 'Windex Glass Cleaner 500ML', which matches in brand ('Windex'), model ('Original'), and pack size (500.0 ml). The units are also consistent (ml). Therefore, this is a confirmed match."
1976,,0.0,no_match,"The competitor product 'Cooking apron floral pattern' does not match any item in the master KVI list as there are no similar products related to aprons or clothing. All KVI candidates are fabric softeners and dish sponges, which are unrelated products."
1194,KVI-FMCG-0028,1.0,match,"The competitor product 'Crystal Drinking Water 350ml' matches exactly with the master product 'Crystal Drinking Water 350ml' in brand ('Crystal'), model ('Water'), and both have a pack size of 350ml."
800,KVI-FMCG-0063,0.9174,match,"The competitor product 'MAMA Pork Flavor 55g' matches exactly with the master KVI product in brand ('MAMA'), model ('Pork'), size (55g), and unit ('g')."
581,KVI-FMCG-0019,0.742,match,"The competitor product 'Chang Beer 490ML x12 PACK' matches with the master product 'Chang Beer 490ml'. The brand 'Chang' is identical in both, and the size is confirmed as 490ml. The pack size of 12 is an external packaging detail and does not affect the core product match."
1468,KVI-ELEC-0038,0.9163,match,"The competitor product 'Rzer BlackWidow Keyboard 1pcs' matches the master item 'Razer BlackWidow Keyboard 1pcs' in brand, model, pack size, and unit. The only discrepancy is the brand spelling, which should be 'Razer' instead of 'Rzer'. However, given the context that it's likely a typo, we have confirmed a match."
1690,KVI-FMCG-0004,0.9,match,"The brand 'Coca-Cola' matches exactly. The model 'Original Taste' matches exactly. The size '1.5L' matches exactly with the packSize of 1.5 and unit 'L'. Therefore, all identifiers match, confirming it as a match."
53,KVI-ELEC-0012,0.8365,match,"The competitor product 'Anker PowerCore 10000 1pcs' matches exactly with the KVI master product 'Anker PowerCore 10000 1pcs' in terms of brand 'Anker', model 'A1263', size '1pcs', and unit 'pcs'."
1292,KVI-ELEC-0040,0.8248,match,"The competitor product 'เสี่ยวมี่ Xiaomi Red. AirDots 3 1pcs' matches with the master item 'Xiaomi Redmi AirDots 3 1pcs' based on the following comparisons: 
- Brand: both are Xiaomi.
- Model: the competitor’s model (RD3) corresponds to the AirDots 3.
- Size: both products have a pack size of 1.0 pcs, and the units match.
Thus, this qualifies as a match."
1723,KVI-ELEC-0036,0.9567,match,"The competitor product 'JBL Tune Wireless Earbuds 1pcs' matches exactly with the master KVI candidate 'JBL Tune Wireless Earbuds 1pcs' in terms of brand 'JBL', model 'TUNE125', size quantity '1', and unit 'pcs'. Therefore, this entry is confirmed as a match."
470,KVI-ELEC-0035,0.873,match,"The competitor product title matches the master KVI product criteria: both have the same brand 'Apple', model features a similar name 'MagSafe Charger', the size is 1 piece ('1pcs'), and the unit is 'pcs'."
49,KVI-FMCG-0008,0.8046,match,"The competitor product 'Pepsi Col 1.45L' matches exactly with the master list entry 'Pepsi Cola 1.45L' in terms of brand (Pepsi), model (Original), size (1.45L), and unit (L)."
210,KVI-FMCG-0036,0.8667,match,"The competitor product 'Nestle Pure Life Wat, 1,5L' matches with 'Nestle Pure Life Water 1.5L' in terms of brand ('Nestle') and model ('Pure Life'). The pack size is verified as 1.5L which is consistent with the metric unit for both items."
397,KVI-FMCG-0009,0.95,match,"The competitor product 'เป๊ปซี่ Pep. Cola 1.5L' matches with the master KVI item 'Pepsi Cola 1.5L' in terms of brand (Pepsi), size (1.5L), and unit (L). The model is not specified but is understood as Original by default for Pepsi Cola."
526,KVI-HARD-0007,0.8907,match,"The competitor product 'บ๊อช Bosch Drill GSB 550 1pcs' matches with the master product 'Bosch Drill GSB 550 1pcs'. Both have the same brand 'Bosch', model 'GSB550', size of 1pcs, and unit 'pcs'."
1816,,0.0,no_match,"The competitor product 'Cooking apron floral pattern' does not match any of the master KVI candidates. The master list items are related to fabric softeners and dish sponges, which are not applicable to the product type described."
1180,KVI-FMCG-0097,0.8033,match,"The competitor product is 'Nive Body Lotion Whitening 100ML', which matches the standardized item 'Nivea Body Lotion Whitening 100ml' from the KVI master list. The brand 'Nivea' matches exactly, the model 'Whitening' is the same, the size '100ML' matches the pack size of '100.0 ml', and the unit 'ml' is consistent."
1615,KVI-HARD-0031,0.928,match,"The competitor product 'Windex Glass Cleaner 500ml' matches exactly with the master product 'Windex Glass Cleaner 500ml' in brand ('Windex'), size (500ml), and unit (ml). No discrepancies found."
708,KVI-ELEC-0029,0.9125,match,"The competitor product 'SnDisk Ultra SD 128GB 1pcs PACK 12' matches the master product 'SanDisk Ultra SD 128GB 1pcs' in brand (SanDisk), model (Ultra), size (128GB), quantity (1), and unit (pcs). All identifiers are consistent."
1339,KVI-FMCG-0017,1.0,match,"The competitor product 'สิงห์ Singha Beer 630ML' matches the master list entry 'Singha Beer 630ml' in terms of brand (Singha), model (Lager), size (630 ml), and unit (ml) exactly."
216,KVI-HARD-0007,0.89,match,"The competitor product's title 'บ๊อช Bosch Drill GSB 550 1pcs' matches exactly with the master KVI candidate 'Bosch Drill GSB 550 1pcs'. Both entries have the same brand 'Bosch', model 'GSB550', and pack size of 1pcs, measured in unit 'pcs', ensuring a true match."
424,KVI-ELEC-0032,0.9196,match,"Both the brand (Sony), model (WH-1000XM5), size (1 pcs), and unit (pcs) match exactly with the entry in the KVI master list."
73,KVI-FMCG-0089,1.0,match,"Brand 'Dove' matches. Model 'Original' matches. Pack size '200ml' matches exactly. The product is not a different flavor, size, or variant."
74,KVI-FMCG-0077,0.858,match,"The competitor product 'Dutch Mill UHT Milk 225ml BIG SALE' matches the master product in brand ('Dutch Mill'), model ('UHT'), and pack size (225ml) exactly, fulfilling all criteria for a match."
494,KVI-FMCG-0066,0.9,match,"The competitor product 'WaiWai Original 90g Free Delivery' matches the master list entry 'WaiWai Original 90g' in terms of brand ('WaiWai'), model ('Original'), quantity (90g), and unit (g). The titles are semantically the same except for the addition of 'Free Delivery' in the competitor's title, which does not affect the matching criteria."
384,KVI-HARD-0005,0.9504,match,"The competitor product 'Stanley Hammer Claw 16oz 1pcs' matches the master item with ID 'KVI-HARD-0005'. The brand 'Stanley', model 'STHT51512', size '16oz', quantity '1pcs', and units 'pcs' all match exactly."
345,KVI-HARD-0034,0.9535,match,"The competitor product 'Glade Air Freshener Lavender 400ml' matches exactly with the master item 'Glade Air Freshener Lavender 400ml' in terms of brand ('Glade'), model ('Lavender'), size (400ml), and unit (ml). No differences in flavor, size, variant, or listing."
1289,KVI-FMCG-0014,0.8547,match,"The competitor product 'Fanta Orange 1.25L Free Delivery' matches exactly with KVI item 'Fanta Orange 1.25L' on brand (Fanta), model (Orange), size (1.25L), and units (L). No discrepancies in flavor or variant noted."
835,KVI-HARD-0010,0.9708,match,"The competitor product '3M Microfiber Cloth Yellow 2pcs' matches exactly with the KVI master candidate '3M Microfiber Cloth Yellow 2pcs' in terms of brand ('3M'), model ('Microfiber'), pack size (2), and unit ('pcs'). The similarity score is high at 0.9708, confirming a true match."
1916,,0.0,no_match,"The competitor product 'Plastic flower pot 6 inch' does not match any items in the KVI master list based on product type (flower pot vs. watering can, sponge), brand identifiers, model names, size quantities, and physical metric units. All KVI candidates are watering cans or dish sponges with differing sizes and types."
311,KVI-FMCG-0077,1.0,match,"The brand 'Dutch Mill' matches the competitor product. The model 'UHT' is consistent. The size is 225ml, which exactly matches the competitor product size. All identifiers match perfectly."
589,KVI-FMCG-0090,0.95,match,"The competitor product 'โดฟ Dove Body Wash Original 500ml' matches exactly with the master KVI entry 'Dove Body Wash Original 500ml' in terms of brand (Dove), model (Original), pack size (500ml), and unit (ml)."
1055,KVI-HARD-0005,0.9504,match,"The competitor product 'Stanley Hammer Claw 16oz 1pcs' matches exactly with the master KVI candidate: 'Stanley Hammer Claw 16oz 1pcs' in brand (Stanley), product name, model (STHT51512), pack size (1.0 pcs), and unit (pcs)."
842,KVI-HARD-0007,0.8907,match,"The competitor product 'บ๊อช Bosch Drill GSB 550 1pcs' matches the master list entry 'Bosch Drill GSB 550 1pcs' with the brand 'Bosch' and model 'GSB550' confirmed. The size is also identical with a quantity of 1 pcs, and both entries have the same unit of measure."
300,KVI-HARD-0033,1.0,match,"Product matches exactly with brand 'Glade', model 'Lavender', size 250ml, and units 'ml'."
989,KVI-HARD-0032,0.9294,match,"The competitor product 'Windex Glass Cleaner 1L' matches exactly with the master KVI candidate 'Windex Glass Cleaner 1L' in brand, model, size (1L), and unit."
1190,KVI-ELEC-0030,0.9471,match,"The competitor product 'Kingston DataTraveler 64GB 1pcs' matches exactly with the master entry 'Kingston DataTraveler 64GB 1pcs' in terms of brand (Kingston), product name, and size (64GB 1pcs). The model identifier also aligns with DT100 for the Kingston brand."
626,KVI-FMCG-0004,0.95,match,"The competitor product 'Coca-Cola Original Taste 1.5L' matches exactly with the master product 'Coca-Cola Original Taste 1.5L' in terms of brand 'Coca-Cola', pack size '1.5L', and product name. Physical metrics and quantities align precisely, confirming a successful match."
1143,KVI-FMCG-0037,0.918,match,"The competitor product 'M-150 Enrgy Drink 150ml' matches the master KVI product 'M-150 Energy Drink 150ml' in brand ('M-150'), size (150ml), and model ('Original'). The only difference is in spelling ('Enrgy' vs 'Energy'), but the products are otherwise identical."
642,KVI-FMCG-0046,0.95,match,"The competitor product matches the master product: both have the same brand 'Lay's', model 'Classic', size of '50g', and physical metrics are identical."
599,KVI-FMCG-0018,0.8339,match,"The competitor product 'Chang Beer 320ml' matches exactly with the master KVI candidate 'Chang Beer 320ml' in terms of brand ('Chang'), and pack size (320ml). No variations in flavor or size are present."
545,KVI-HARD-0027,0.9578,match,"The competitor product 'Rubber Gloves Yellow 1pcs SET 6 ขวด' matches the master product 'Rubber Gloves Yellow 1pcs' in brand (no brand given), model (not specified), pack size (1.0 pcs), and unit (pcs). It is an exact match for the specified size and does not indicate any different flavor, size, or variant."
1226,KVI-FMCG-0047,0.96,match,"The competitor product 'Lay's Classic Sal. 75g' matches exactly with the master entry 'Lay's Classic Salted 75g'. The brand 'Lay's', model 'Classic', size '75g', and unit 'g' match precisely. There are no variations in flavor or other attributes."
1085,KVI-FMCG-0004,0.8095,match,"The competitor product 'Coc-Cola Original Taste 1.5L BUNDLE' matches the master list item 'Coca-Cola Original Taste 1.5L' in brand (Coca-Cola), product size (1.5L), and product type (Original Taste). The only difference is the additional term 'BUNDLE', which does not alter the substance of the product offering."
1206,KVI-ELEC-0035,0.873,match,"The competitor product 'Apple MagSafe Charger 1pcs' matches exactly with the master candidate 'Apple MagSafe Charger 1pcs' in brand (Apple), model (MHXH3 is not mentioned but product description matches), size (1pcs), and unit (pcs). Thus, it confirms a match."
408,KVI-FMCG-0036,0.95,match,"The competitor product 'Nestle Pure Life Water 1.5L' matches the master list entry 'Nestle Pure Life Water 1.5L' in terms of brand (Nestle), model (Pure Life), size (1.5), and unit (L). Conditions for a valid match are met."
1504,KVI-HARD-0035,0.7952,match,"Matched on brand 'Baygon'. Product type is mosquito coil, with a pack size of 10pcs, and unit matches 'pcs'. The cleaned title confirms there are no different flavors or variants; hence, it is a valid match."
1479,KVI-FMCG-0025,0.9364,match,"The competitor product 'Singha Drinking Water 600ML' matches the master KVI candidate 'Singha Drinking Water 600ml', both have the same brand 'Singha', the same product type 'Water', and the same pack size of 600ml. The only difference is in the casing of 'ml' which does not affect matching."
964,KVI-FMCG-0011,0.75,match,"The competitor product 'Sprite Lem. 1.25L' matches against master KVI candidate 'Sprite Lemon-Lime 1.25L' in terms of brand (Sprite), model (Classic), pack size (1.25L), and unit (L). All attributes are aligned and consistent."
1590,KVI-HARD-0026,0.837,match,"The competitor product is 'Scotch-Brite Dish Sponge 6pcs', which matches exactly with the master KVI candidate 'Scotch-Brite Dish Sponge 6pcs'. Both the brand and pack size (6pcs) are identical, confirming a true match."
1073,KVI-FMCG-0033,0.9167,match,"The competitor product 'Sprinkle Drinking Water 1.5L' matches exactly with the master item 'Sprinkle Drinking Water 1.5L' in terms of brand ('Sprinkle'), model ('Water'), size (1.5L), and unit (L)."
1668,KVI-FMCG-0112,0.9,match,"The product 'Vixol Toilet Cleaner 450ml ใหม่!' matches the canonical entry 'Vixol Toilet Cleaner 450ml' exactly in brand ('Vixol'), model ('Original'), size quantity (450 ml), and physical metric units (ml). There are no discrepancies in flavor, size, or variant."
22,KVI-HARD-0043,0.8443,match,"The competitor product's brand (Bosch), model (PRO), and pack size (5pcs) perfectly match those of the KVI standardized item with ID KVI-HARD-0043."
35,KVI-FMCG-0031,0.9479,match,"The competitor product 'Sprinkle Drinking Water 330ml' matches with the master item 'Sprinkle Drinking Water 330ml'. Both have the same brand 'Sprinkle', the same model 'Water', the same size of '330ml', and 'ml' as the unit. The match certainty score is 0.9479, indicating a high level of confidence."
356,KVI-FMCG-0082,1.0,match,"The competitor item 'Pantene Shampoo Smooth Silky 170ml' matches exactly with the master item 'Pantene Shampoo Smooth Silky 170ml' in terms of brand ('Pantene'), model ('Smooth'), size quantity (170ml), and physical metric units (ml)."
78,KVI-ELEC-0002,0.955,match,"The competitor product matches the master list item by brand ('Apple'), product name ('Apple Lightning USB Cable'), model ('MD818'), size quantity (2), and unit ('m') exactly."
1616,KVI-FMCG-0023,0.9271,match,"The competitor product 'Heinekn Heineken Lager 620ml' matches the master product 'Heineken Lager 620ml' in brand ('Heineken'), product name ('Heineken Lager'), size (620ml), and unit (ml). All identifiers are confirmed to match."
744,KVI-FMCG-0110,0.8,match,"The competitor product matches the master item in terms of brand (Dettol), product name (Dettol Antibacterial Liquid), size (500ml), and unit (ml). The only slight difference is the model descriptor. Therefore, the decision is based on confirmed matching details."
1480,KVI-ELEC-0004,0.8776,match,"The competitor product 'Apple USB-C to Lightning 2m' matches the master list item 'Apple USB-C to Lightning 2m' in terms of brand (Apple), size (2m), and the absence of additional variants or flavors. All identifiers match exactly."
433,KVI-ELEC-0033,0.935,match,"Brand 'Belkin' matches. Model name is not explicitly listed in the competitor product, but the product name 'Belkin HDMI Cable 2m' matches the master record name. Size of 2m and unit 'm' matches perfectly with master item specifications."
1340,KVI-FMCG-0066,0.7944,match,"The competitor product, 'WaiWai Ori. 90g', matches exactly with the master entry 'WaiWai Original 90g' in terms of brand (WaiWai), model (Original), pack size (90g), and unit (g). The slight difference in the product title is due to the use of 'Ori.' which can be considered a shorthand for 'Original'. Hence, all identifiers verify a true match."
1959,,0.0,no_match,Filtered by local retrieval layer: Similarity score fell well below minimum structural threshold.
338,KVI-ELEC-0005,0.95,match,"The competitor product title indicates it is an 'Anker PowerLine USB-C 0.9m' which matches exactly with the master KVI candidate 'Anker PowerLine USB-C 0.9m'. The brand 'Anker' is the same, the size is '0.9m', and the model corresponds to the expected product."
851,KVI-HARD-0032,0.9294,match,"The competitor product 'Windex Glass Cleaner 1L' matches the master list item with ID 'KVI-HARD-0032' which also features 'Windex Glass Cleaner 1L' as a product name. Both items share the same brand 'Windex', model 'Original', pack size of 1.0, and unit 'L', ensuring an exact match."
1716,KVI-FMCG-0019,1.0,match,"The competitor product 'Chang Beer 490ml' matches exactly with the master KVI item 'Chang Beer 490ml'. Both have the same brand 'Chang', same model 'Classic', same pack size of 490ml and unit 'ml'."
1136,KVI-FMCG-0085,0.9,match,"The competitor product entry matches the master KVI candidate based on the following criteria: Brand: Pantene matches Pantene; Model: Smooth matches Smooth; Pack Size: 650 matches 650ml; Unit: The competitor uses '650' while the master uses '650ml', which is considered a match as both indicate the same volume. Overall, all identifiers match exactly."
1237,KVI-ELEC-0002,0.85,match,"The competitor product is an 'Apple Lightning USB Cable 2m' which matches exactly with the master KVI candidate 'Apple Lightning USB Cable 2m' based on brand ('Apple'), model ('MD818'), size (2.0), and unit ('m'). The comparison confirms that all attributes match."
124,KVI-FMCG-0085,0.95,match,"The competitor product 'Pantene Shampoo Smooth Silky 650' matches exactly with the master list item 'Pantene Shampoo Smooth Silky 650ml' based on brand 'Pantene', model 'Smooth', and size '650', with the only difference being the inclusion of 'ml' in the master title, indicating the unit of measure. Size and units match (650ml). Therefore, it is considered a match."
733,KVI-HARD-0037,0.9119,match,"The competitor product 'Baygon Insect Spray Multi 600ml' exactly matches the master KVI candidate 'Baygon Insect Spray Multi 600ml' in brand, model, size (600 ml), and physical metric units."
1875,,0.0,no_match,"The competitor product is a Yoga mat, which does not match the brand, model, or type of the available master KVI candidates which are all microfiber cloths and duct tape."
1953,,0.0,no_match,"The competitor product is 'USED iPhone 8 64GB unlocked', which does not match any of the KVI candidates. The KVI products are memory cards from SanDisk and Kingston, which are unrelated in brand, model, and type. Thus, they do not match the competitor product."
1764,,0.0,no_match,"The competitor product is a phone case, while all KVI candidates are electronic items (earbuds and SD cards); thus, there's no match in product type."
1648,KVI-FMCG-0003,1.0,match,"The competitor product 'Coca Cola Coca-Cola Original Taste 1.25L' matches exactly with the master KVI 'Coca-Cola Original Taste 1.25L' in brand ('Coca-Cola'), model ('Classic'), size (1.25L), and unit ('L')."
1539,KVI-ELEC-0025,0.85,match,"The competitor product 'Phi. LED Bulb 9W Warm White 1pcs PROMO' matches with the master KVI product 'Philips LED Bulb 9W Warm White 1pcs'. Both share the same brand 'Philips', model attributes are similar, size is 9W, variant is 'Warm White', and unit is 'pcs', confirming exact match."
152,KVI-FMCG-0056,0.9391,match,"The competitor product 'Tasto Potato Chips 27g' exactly matches the master list product 'Tasto Potato Chips 27g' in brand, model, size (27g), and unit (g)."
1460,KVI-ELEC-0038,0.7549,no_match,"The competitor product title 'Razer Bla. Keyboard 1pcs GIFT SET' contains 'Bla.' which does not exactly match the master list entry 'Razer BlackWidow Keyboard 1pcs'. Additionally, the model is listed as 'BW-V3' in the master list but not mentioned in the competitor's title. Hence, this is considered a different variant."
1541,KVI-FMCG-0014,0.8961,match,"The competitor product 'Fanta Orange 1.25L' exactly matches the master product 'Fanta Orange 1.25L' in brand, model, size (1.25L), and unit (L)."
1813,,0.0,no_match,Filtered by local retrieval layer: Similarity score fell well below minimum structural threshold.
298,,0.0,no_match,"The competitor product describes a 1.2L size, while the available master KVI candidates only offer sizes of 1.25L, 1.5L, and 325ml. The sizes do not match exactly, hence it cannot be considered a match."
324,KVI-ELEC-0004,0.9449,match,"Brand identifiers match: Apple, Model matches: MX0K2, Size matches: 2m, Unit matches: m. The competitor product and the KVI candidate are identical in all aspects, confirming it as a true match."
287,KVI-ELEC-0019,0.8837,match,"The competitor product matches the master list entry for 'Energizer Max AAA 4pcs'. The brand 'Energizer', model 'Max', size '4pcs', and unit 'pcs' are all identical. No discrepancies found."
50,KVI-HARD-0037,0.9119,match,"The competitor product 'Baygon Insect Spray Multi 600ML' matches exactly with the master product 'Baygon Insect Spray Multi 600ml' in brand (Baygon), model (Multi), size (600ml), and unit (ml)."
276,KVI-FMCG-0041,0.9124,match,"The competitor product 'Lipton Lemon Tea 250ML' matches with the master KVI candidate having the same brand 'Lipton', model 'Lemon', size '250ml', and unit 'ml'. The naming is consistent with only a minor case difference in the quantity unit."
217,KVI-ELEC-0026,0.96,match,"The competitor product 'Philips LED Bulb 9W Warm White 3pcs SUPER SAVE' matches the master list item 'Philips LED Bulb 9W Warm White 3pcs' based on brand 'Philips', size quantity '3', and unit 'pcs'. The model is not specified in the competitor entry, but overall details are consistent."
1119,KVI-FMCG-0017,0.631,match,"The competitor product 'Sin. Beer 630ml Hot Deal' matches the master product 'Singha Beer 630ml' in brand (Singha), model (Lager), size (630ml), and unit (ml)."
739,KVI-FMCG-0086,0.8169,match,"The competitor product 'Sansilk Sunsilk Shampoo Black Shine 180ml Hot Deal' matches the master KVI product 'Sunsilk Shampoo Black Shine 180ml' on brand, model, size (180ml), and unit. All identifiers match exactly, confirming this as a true match."
924,KVI-FMCG-0060,0.85,match,"The competitor product 'MAMA Tom Yum Goong 55g' matches the KVI master item 'MAMA Tom Yum Goong 55g' in both product name and brand. Additionally, the pack size is exactly 55g, which matches the required size and unit."
514,KVI-FMCG-0048,1.0,match,"The competitor product 'Lay's Classic Salted 160g ลดราคา' matches the master list item 'Lay's Classic Salted 160g'. Both the brand 'Lay's', model 'Classic', and pack size '160g' match exactly with the canonical product. There are no discrepancies in size, units, or brand presence."
1193,KVI-HARD-0039,0.97,match,"The competitor product 'Karcher Garden Hose 15m PROMOTION' matches exactly with our master list item 'Karcher Garden Hose 15m' in terms of brand 'Karcher', model 'Standard', size '15m', and unit 'm'. No discrepancies in flavor, variant or size were found."
13,KVI-FMCG-0017,0.9524,match,"The competitor product 'Singha Beer 630ml' matches exactly with the master KVI item 'Singha Beer 630ml', both in brand 'Singha', size 630ml, and product name."
830,KVI-HARD-0014,0.9,match,"The brand 'Glad' matches exactly. The model 'Strong' is a common identification for this trash bag. The size '30 Gallon' is consistent with the competitor product. The pack size of '30pcs' corresponds directly with the offered quantity. There are no discrepancies in size, brand, or metric units."
822,KVI-FMCG-0091,0.9694,match,"The competitor product 'Dove Body Wash Original 1L' matches exactly with the master KVI candidate 'Dove Body Wash Original 1L' on brand, model, size (1L), and unit (L). The similarity score is 0.969, indicating a high level of certainty that this is the same product."
43,KVI-FMCG-0022,0.9363,match,"The brand 'Heineken' matches the canonical master list. The model 'Original' is consistent with the cleaned title. The size quantity of 500ml matches exactly with the master item, confirming a true match."
454,KVI-ELEC-0029,0.8551,match,"The competitor product 'SanDisk Ultra SD 128. 1pcs BUNDLE' matches the master item 'SanDisk Ultra SD 128GB 1pcs'. Both products are from the brand 'SanDisk', the model 'Ultra' matches, the pack size is 1.0 pcs (as '1pcs'), and the size is also correctly identified as 128GB. Therefore, all attributes match exactly."
785,KVI-HARD-0009,0.9601,match,"The competitor product 'Scotch-Brite Sponge Multi-Purpose 5pcs' matches exactly with the master KVI candidate 'Scotch-Brite Sponge Multi-Purpose 5pcs' in terms of brand 'Scotch-Brite', model 'Heavy', and pack size of 5pcs."
1127,KVI-FMCG-0114,0.95,match,"The competitor product 'Vixol Toilet Cleaner 900ml' matches exactly with the master item in terms of brand ('Vixol'), model ('Original'), size (900ml), and unit (ml). No discrepancies were found."
1954,,0.0,no_match,Filtered by local retrieval layer: Similarity score fell well below minimum structural threshold.
994,KVI-HARD-0029,1.0,match,"The competitor product 'Clorox Disinfecting Wipes 35pcs Free Delivery' matches the master KVI item's product name, brand, size, and unit. Both are Clorox products, have the same number of pieces (35pcs), and are identified as disinfecting wipes. Therefore, all criteria are satisfied for a confirmed match."
1151,KVI-HARD-0019,0.95,match,"The competitor product 'WD-40 Multi-Use Spray 191g' matches exactly with the master entry 'WD-40 Multi-Use Spray 191g' in terms of brand ('WD-40'), model ('Original'), pack size (191g), and unit (g). There are no discrepancies in flavor, size, variant, or unlisted products."
1881,,0.0,no_match,"The competitor product is a cooking apron, while the master KVI candidates are all fabric softeners or dish sponges, which do not match in category, brand, model, size, or any associated product features."
1579,KVI-HARD-0038,0.9697,match,"The competitor product 'Karcher Garden Hose 10m' matches exactly with the master item 'Karcher Garden Hose 10m'. Both share the same brand 'Karcher', model designation is not strictly listed but assumed the same based on product data and implied standard model. The size is 10m which matches the pack size in the master list and the unit of measure is also identical (m). There are no discrepancies in flavor, size, or variant."
51,KVI-ELEC-0008,0.99,match,"The competitor product 'แอนเกอร์ Anker USB-C 20W Charger 1pcs' matches exactly with the master KVI candidate 'Anker USB-C 20W Charger 1pcs' based on brand (Anker), model is a variant that aligns with the accepted name, size and quantity (1pcs), and physical metric units (pcs) are identical."
1891,,0.0,no_match,"The competitor product is an 'iPhone 8 64GB unlocked', while the available master KVI candidates are all different types of products (SD cards) with distinct brands and models, thus they do not match in brand, model, or product type."
948,KVI-FMCG-0033,0.9499,match,"The competitor product title 'Sprinkle Drinking Water 1.5L' exactly matches the master KVI candidate 'Sprinkle Drinking Water 1.5L' in terms of brand (Sprinkle), model (Water), size (1.5L), and units (L), confirming it as a true match."
220,KVI-ELEC-0023,0.8727,match,"The competitor product is 'Panasonic Eneloop AA 2pcs', which matches exactly with the master product 'Panasonic Eneloop AA 2pcs' in terms of brand, model, size (2pcs), and unit (pcs). The slight discrepancy due to 'BIG SALE' does not affect the matching criteria."
1951,,0.0,no_match,"The competitor product title 'Cooking apron floral pattern' does not match any of the master KVI candidates, which are fabric softeners and dish sponges. The product type (apron) and description are completely different from the available KVI items."
1624,KVI-FMCG-0114,0.96,match,"The competitor product 'Vixol Toilet Cleaner 900ML' matches the master KVI candidate 'Vixol Toilet Cleaner 900ml' perfectly on brand, model, size (900ML), and unit (ml)."
1102,KVI-FMCG-0013,0.95,match,"The product 'Fan. Orange 325ml' matches precisely with 'Fanta Orange 325ml' from our master list. Both brand identifiers are 'Fanta', model names are 'Orange', size is 325ml, and units are 'ml'. Therefore, it meets all matching criteria."
1607,KVI-FMCG-0041,0.95,match,"The competitor product 'Lipton Lemon Tea 250ml BUNDLE' matches with the master product 'Lipton Lemon Tea 250ml'. Both products are from the brand 'Lipton', have the same model 'Lemon', pack size of 250ml, and the unit 'ml' is consistent."
1573,KVI-FMCG-0085,1.0,match,"The competitor product 'Pantene Shampoo Smooth Silky 650ml GIFT SET' matches exactly with the master item 'Pantene Shampoo Smooth Silky 650ml' in brand (Pantene), model (Smooth), size (650ml), and unit (ml). The only difference is the addition of 'GIFT SET' which does not affect the core product match."
625,KVI-ELEC-0004,0.9,match,"The competitor product 'Apple USB-C to Lig. 2m' matches the master product 'Apple USB-C to Lightning 2m' with exact brand (Apple), model compatibility, size (2m), and unit of measure (m)."
1956,,0.0,no_match,"The competitor product 'Plastic flower pot 6 inch' does not match any items from the master list in terms of product type (flower pot vs. watering can or sponge), brand, or pack size."
281,KVI-HARD-0015,0.9211,match,"The competitor product 'Ziploc Storage Bag Gallon 15pcs SUPER SAVE' matches with the master KVI candidate 'Ziploc Storage Bag Gallon 15pcs' based on the exact match of brand (Ziploc), model (Storage), size quantity (15 pcs), and physical metric units (pcs). The match is confirmed with a high similarity score."
500,KVI-ELEC-0013,0.8416,match,"The competitor product 'Xiaomi Mi Power Bank 20000 1pcs' matches exactly with the master KVI product 'Xiaomi Mi Power Bank 20000 1pcs' in brand ('Xiaomi'), product name, and size (1 pcs). All identifiers align perfectly without any discrepancies."
1883,,0.0,no_match,"The competitor product 'Cooking apron floral pattern' does not match any items in the KVI master list which include fabric softeners and dish sponges, hence it is classified as a no match."
208,KVI-ELEC-0032,0.8633,match,"The competitor product 'Sny WH-1000XM5 1pcs' matches with the master list item 'Sony WH-1000XM5 1pcs' based on brand 'Sony', model 'WH1000XM5', size quantity '1', and unit 'pcs'. All identifiers are consistent."
1219,KVI-HARD-0010,0.8788,match,"The competitor product '3M Microfiber Cloth Yellow 2pcs GIFT SET' matches the master product '3M Microfiber Cloth Yellow 2pcs' in terms of brand (3M), model (Microfiber), and a pack size of 2 pcs. Although the competitor entry specifies 'GIFT SET', the core product identifiers align precisely with those in our master list."
20,KVI-FMCG-0095,1.0,match,"The competitor product 'Sensodyne Toothpaste Original 75g' matches exactly with the master KVI candidate with ID 'KVI-FMCG-0095'. Both share the same brand ('Sensodyne'), model ('Original'), and size ('75g')."
1594,KVI-ELEC-0037,0.8358,match,"Brand is Logitech, model is M331, size quantity is 1pcs, and units match precisely."
1989,,0.0,no_match,"The competitor product 'DIY craft glue gun mini' does not match any items from the master list. The master list contains products related to glue (Loctite) and drilling tools (Bosch), but none match in brand, model, or product type. Therefore, it is classified as 'no_match'."
1647,KVI-FMCG-0081,0.925,match,"The competitor product 'Anchor Butter Salted 454g' exactly matches the master list item 'Anchor Butter Salted 454g' in brand ('Anchor'), model ('Salted'), size (454g), and unit ('g')."
748,KVI-HARD-0003,0.9612,match,"The competitor product '3M Duct Tape Silver 48mm' exactly matches the master item '3M Duct Tape Silver 48mm' in brand, model, size (48mm), and units (mm)."
1337,KVI-FMCG-0005,0.95,match,"The competitor product 'Coca-Cola Original Taste 2L' matches exactly with the master item 'Coca-Cola Original Taste 2L' in brand (Coca-Cola), model (Classic), size (2L), and unit (L)."
39,KVI-FMCG-0071,1.0,match,"The competitor product 'Foremost Fre. Milk 830ml' matches the master product 'Foremost Fresh Milk 830ml' exactly in both brand ('Foremost') and size (830 ml). The model name 'Fresh' is also consistent. There are no discrepancies in flavor, size, or variant."
1095,KVI-FMCG-0027,0.9,match,"The product title 'Singh Drinking Water 6L' matches the brand 'Singha' exactly. The size is 6L, which matches the pack size of 6.0L in the master KVI candidate. All identifiers, including model and brand, are consistent. Therefore, a match is confirmed."
724,KVI-ELEC-0026,0.9134,no_match,"The competitor product entry 'Philips LED Bulb 9W Warm White 3pcs x12 PACK' indicates a quantity of 3pcs in a pack of 12, which signifies a total of 36 bulbs, whereas the matched master item 'Philips LED Bulb 9W Warm White 3pcs' only contains 3 bulbs. The pack sizes do not match."
383,KVI-ELEC-0022,0.853,match,"The competitor's product 'Duracell Plus Power AA 8pcs Hot Deal' matches exactly with the master list product 'Duracell Plus Power AA 8pcs' in brand (Duracell), model (Plus), size (8 pcs), and unit (pcs). Therefore, it is a confirmed match."
1791,,0.0,no_match,"The competitor product 'Yoga mat 6mm thick blue' does not match any items from the KVI master list. All top candidates are 3M microfiber cloths and duct tape, which do not correspond to a yoga mat in terms of brand, model, or product type."
861,KVI-FMCG-0026,0.95,match,"The competitor product 'Singha Drinking Water 1.5L Save 20฿' matches the master item 'Singha Drinking Water 1.5L' in brand (Singha), model (Water), and size (1.5L). The description is for the same product without any variation in flavor, size, or additional attributes."
1595,KVI-ELEC-0006,0.775,match,"The competitor product 'Anker PowerLine USB-C 1.8m' exactly matches the master item 'Anker PowerLine USB-C 1.8m' in terms of brand (Anker), model (A8187), size (1.8m), and units (m). All identifiers are verified to match."
1008,KVI-FMCG-0083,0.9,match,"The competitor product 'แพนทีน Pntene Shampoo Smooth Silky 300ml' matches the master item 'Pantene Shampoo Smooth Silky 300ml' exactly based on brand ('Pantene'), model ('Smooth'), size (300ml), and unit ('ml'). All significant identifiers align correctly."
720,KVI-ELEC-0004,0.8776,match,"The competitor product 'Apple USB-C to Lightning 2m' matches the master product with the same name, brand 'Apple', model identifier 'MX0K2', length of 2 meters (packSize: 2.0, unit: m), confirming it is the same item."
1327,KVI-FMCG-0110,0.8646,match,"The competitor product 'Dettol Antibcterial Liquid 500ml BUNDLE' matches the master KVI candidate 'Dettol Antibacterial Liquid 500ml' because the brand (Dettol), model (Original), pack size (500ml), and units (ml) are identical. The additional descriptor 'BUNDLE' does not alter the core product match."
605,KVI-FMCG-0024,0.9374,match,"The competitor product 'Singha Drinking Water 330ml' matches exactly with the master KVI product 'Singha Drinking Water 330ml' in terms of brand (Singha), model (Water), size (330 ml), and unit (ml)."
2,KVI-FMCG-0073,0.9596,match,"The competitor product 'Meiji Fresh Milk 200ml' has the same brand 'Meiji', model 'Fresh', size '200ml', and units 'ml' as the master list item with ID 'KVI-FMCG-0073'. The only difference is the promotional context, which does not affect the product identity."
1516,KVI-FMCG-0101,0.8571,match,"The competitor product 'Tide Powder Detergent 1.7' matches with the master product name 'Tide Powder Detergent 1.7kg' in brand 'Tide', and both have a size/range of 1.7 kilograms, the unit 'kg' is consistent."
498,KVI-FMCG-0111,0.9429,match,"The competitor product is 'Dettol Antibacterial Liquid 1.2L', which matches exactly with the master KVI candidate 'Dettol Antibacterial Liquid 1.2L' from the brand 'Dettol'. The model is 'Original', size is 1.2L, and the units are also consistent. Therefore, the criteria for a match are satisfied."
1197,KVI-FMCG-0004,0.95,match,"The competitor product 'Coc. Original Taste 1.5L' matches exactly with the master candidate 'Coca-Cola Original Taste 1.5L'. Both have the same brand 'Coca-Cola', size of 1.5 liters, and the same product identifier."
769,KVI-HARD-0026,0.9681,match,"The competitor product 'Scotch-Brite Dish Sponge 6pcs' exactly matches the master item 'Scotch-Brite Dish Sponge 6pcs' in terms of brand, size (6pcs), and product name without any variant difference."
1779,,0.0,no_match,"The competitor product 'Plastic flower pot 6 inch' does not match any attributes (brand, model, size, or variant) of the available master KVI candidates. The master candidates are watering cans and a dish sponge, not flower pots."
1428,KVI-FMCG-0030,0.8334,match,"The competitor product 'Crystal Drinking Water 1.5L x12 PACK' matches with the master product 'Crystal Drinking Water 1.5L' based on brand 'Crystal', model 'Water', size '1.5L', and unit 'L'. The only difference is the packaging quantity of 12 PACK, which does not affect the primary match of the product."
1564,KVI-FMCG-0111,0.8143,match,"The competitor product 'เดทตอล Dettol Antibacterial Liquid 1.2L' matches the KVI candidate 'Dettol Antibacterial Liquid 1.2L' with the same brand 'Dettol', model 'Original', size 1.2L. No variants, flavors, or unlisted products are present."
550,KVI-FMCG-0012,0.9,match,"The competitor product 'Sprite Lemon-Lime 1.5L GIFT SET' matches with the master KVI candidate 'Sprite Lemon-Lime 1.5L' in terms of brand 'Sprite', model 'Classic', size '1.5L', and metric unit 'L'. There are no discrepancies in flavor or variant."
474,KVI-ELEC-0025,0.9631,match,"The competitor product 'Philips LED Bulb 9W Warm White 1pcs' matches the master KVI candidate 'Philips LED Bulb 9W Warm White 1pcs' exactly in brand, model, pack size, and unit."
414,KVI-FMCG-0046,1.0,match,"The competitor product 'Lays Lay's Classic Salted 50g' matches the master list item 'Lay's Classic Salted 50g' in all aspects: brand ('Lay's'), model ('Classic'), size (50g), and unit (g) are identical."
718,KVI-ELEC-0039,0.9345,match,"The competitor product 'Samsung Galaxy Buds 2 1pcs' matches exactly with the master KVI candidate 'Samsung Galaxy Buds 2 1pcs' in brand, model, size quantities (1pcs), and units (pcs). All identifiers match perfectly."
1533,KVI-FMCG-0077,0.9413,match,"The product title 'Dutch Mill UHT Milk 225ml' from the competitor matches exactly with the master candidate 'Dutch Mill UHT Milk 225ml' in terms of brand, model, size (225ml), and units (ml). The details align perfectly, confirming a true match."
547,KVI-ELEC-0013,0.9534,match,"The competitor product 'Xiaomi Mi Power Bank 20000 1pcs' matches exactly with the master KVI product 'Xiaomi Mi Power Bank 20000 1pcs' in brand (Xiaomi), model (PLM18ZM), pack size (1.0), and unit (pcs)."
966,KVI-FMCG-0113,0.959,match,"The competitor product 'Vixol Toilet Cleaner 700ml' has the same brand 'Vixol', model 'Original', pack size of 700ml, and unit 'ml' as the master KVI candidate with ID 'KVI-FMCG-0113'. All identifiers match exactly."
1112,KVI-HARD-0015,1.0,match,"The competitor product 'Ziploc Storage Bag Gallon 15pcs' matches exactly with the master list item. Both have the same brand 'Ziploc', product name 'Storage Bag Gallon 15pcs', pack size of 15pcs, and units as 'pcs'. All identifiers match correctly."
1129,KVI-FMCG-0044,0.9,match,"The competitor product 'Nescafe Original 240ml x12 PACK' matches the master list product 'Nescafe Original 240ml' based on identical brand, model, size of 240ml, and unit 'ml'. The pack quantity of 12 is not a differing factor as it pertains to packaging, not the product itself."
178,KVI-FMCG-0095,1.0,match,"The competitor product 'Sensodyne Toothpaste Original 75g' exactly matches the master list item with standardizedItemId 'KVI-FMCG-0095' in terms of brand ('Sensodyne'), model ('Original'), size (75g), and physical metric unit (g). No discrepancies found."
1821,,0.0,no_match,"The competitor product 'USED iPhone 8 64GB unlocked' does not match any items in the master list based on brand, model, or product category. The competitor product is a smartphone, while the candidates in the master list are all electronic storage devices related to SD cards and USB drives."
854,KVI-HARD-0028,0.9541,match,"The competitor product 'Rubber Gloves Yellow 2pcs' matches exactly with the master KVI candidate 'Rubber Gloves Yellow 2pcs' in terms of product name, brand ('Scotch-Brite'), model ('Heavy'), size (2pcs), and unit (pcs). Therefore, it is confirmed as a match."
56,KVI-HARD-0012,0.9199,match,"The competitor product 'Magic Mop Spin 360 1pcs' matches exactly with master KVI candidate 'Magic Mop Spin 360 1pcs' in terms of brand (Magic), model (Spin360), size quantity (1), and unit (pcs)."
1321,KVI-FMCG-0114,0.95,match,"Brand 'Vixol' matches. Model specified is 'Original', which is assumed to match based on context. Size is 900ml in cleaned title matching the standardized item exactly. Thus, all identifiers including size, brand, and model match."
719,KVI-FMCG-0103,0.8282,match,"The competitor product 'Comfort Fabric Softener Pink 600' matches the master list entry 'Comfort Fabric Softener Pink 600ml' in brand 'Comfort', model 'Pink', pack size '600ml' (600.0), and unit 'ml'."
1844,,0.0,no_match,"The competitor product is a Yoga mat 6mm thick blue, while the master list candidates all pertain to 3M Microfiber Cloths and Duct Tape. There is no product that matches the brand, model, or category of the competitor product."
1589,KVI-FMCG-0005,0.9,match,Brand 'Coca-Cola' matches the competitor 'Coca Cola Coc.'; model names are equivalent with 'Original Taste'; pack size of 2.0L matches the description '2L'; all critical identifiers match exactly.
307,KVI-HARD-0030,0.9542,match,"The competitor product 'Clorox Disinfcting Wipes 75pcs' matches the master product 'Clorox Disinfecting Wipes 75pcs' in brand 'Clorox', model 'Original', size '75pcs', and unit 'pcs'."
1039,KVI-FMCG-0056,0.94,match,"The competitor product 'Tasto Pot, Chips 27g' matches the master item 'Tasto Potato Chips 27g' in brand ('Tasto'), model ('Salted'), size quantity (27g), and unit (g). The product description aligns perfectly, confirming it as the same item."
1009,KVI-HARD-0027,0.957,match,"The competitor product 'Rubber Gloves Yellow 1pcs' matches exactly the brand 'Scotch-Brite', model 'Heavy', and pack size '1.0 pcs' from the KVI master list. There are no discrepancies in these identifiers."
1221,KVI-ELEC-0002,0.85,match,"The competitor product 'Apple Lightning USB Cable 2m' matches the master product 'Apple Lightning USB Cable 2m' on brand (Apple), model (MD818), size (2m), and unit (m)."
1207,KVI-FMCG-0038,0.9696,match,"The competitor product 'M-150 Energy Drink 250ml' matches exactly with the master product 'M-150 Energy Drink 250ml' in terms of brand ('M-150'), model ('Original'), size (250ml), and unit (ml)."
637,KVI-FMCG-0064,0.9179,match,"The competitor product 'MAMA Pork Flavor 60g' matches with the master KVI entry 'MAMA Pork Flavor 60g' both in brand ('MAMA'), model ('Pork'), size (60g), and unit (g) exactly."
928,KVI-ELEC-0020,0.95,match,"The competitor product 'Energizer Max AAA 8pcs' matches exactly with the master KVI candidate 'Energizer Max AAA 8pcs' in terms of brand (Energizer), model (Max), size (8pcs), and unit (pcs)."
1587,KVI-HARD-0044,0.938,match,"The competitor product 'Bosch Drill Bit Set 10pcs' matches with the master product 'Bosch Drill Bit Set 10pcs'. Both share the same brand 'Bosch', model 'PRO', size '10pcs', and unit 'pcs'."
1942,,0.0,no_match,Filtered by local retrieval layer: Similarity score fell well below minimum structural threshold.
1471,KVI-FMCG-0070,0.8197,match,"The competitor product 'Foremost Fresh Milk 450ml' matches exactly with the master KVI candidate 'Foremost Fresh Milk 450ml' in brand, model, size (450ml), and unit (ml)."
1265,KVI-HARD-0001,0.815,match,"The competitor product '3M Scotch Magic Tape 19mm Save 20฿' matches the master KVI candidate '3M Scotch Magic Tape 19mm' in brand (3M), model (Magic), and size (19mm). All identifiers align, confirming a true match."
1473,KVI-HARD-0013,0.845,match,"The competitor product matches the master KVI candidate based on brand (Glad), model (Strong), size (30 Gallon), and quantity (15 pcs). The cleaned title matches exactly with the master product name."
510,KVI-ELEC-0020,0.934,match,"Both competitor and master list items have the same brand 'Energizer', model 'Max', size '8pcs', and the item is an AAA battery, confirming a complete match."
406,KVI-HARD-0029,0.9654,match,"The competitor product 'Clorox Disinfecting Wipes 35pcs SET 6 ขวด' matches the master list item 'Clorox Disinfecting Wipes 35pcs' in brand (Clorox), model (Original), size (35pcs), and unit (pcs). The only difference is the mention of 'SET 6 ขวด', but it does not affect the matching criteria since both have the same pack size and units."
1556,KVI-FMCG-0035,0.8487,match,"The competitor product 'Nestle Pure Life Water 600ml BIG SALE' matches exactly with the master list item 'Nestle Pure Life Water 600ml' on brand 'Nestle', model 'Pure Life', size 600ml, and unit 'ml'. All attributes required for a match are identical."
1545,KVI-ELEC-0027,0.9469,match,"The competitor product 'Osram LED Bulb 12W Cool 1pcs' matches exactly with the master product 'Osram LED Bulb 12W Cool 1pcs' in brand (Osram), model (Value), size (1pcs) and units (pcs). No discrepancies found."
477,KVI-FMCG-0006,0.7868,match,"The competitor product 'Pepsi Cola 325' matches exactly with the master KVI candidate 'Pepsi Cola 325ml' in brand (Pepsi), size (325), and unit (ml). The only difference is the unit format 'ml' vs no unit in the raw title, but it is implied."
464,KVI-FMCG-0015,0.88,match,"The competitor product 'Singh Singha Beer 320ml' matches exactly with the master list item 'Singha Beer 320ml' in brand (Singha), product name (Singha Beer), size (320ml), and unit (ml)."
1260,KVI-FMCG-0096,0.9,match,"The competitor product 'Sensodyne Toothpste Original 100g BUNDLE' matches with the master KVI item 'Sensodyne Toothpaste Original 100g' in terms of brand ('Sensodyne'), model ('Original'), size (100g), and unit (g). Although the term 'BUNDLE' differs, it does not indicate a different flavor, size, or variant. The match is confirmed."
889,KVI-FMCG-0028,1.0,match,"Exact match found for brand 'Crystal', model 'Water', and size '350ml'."
245,KVI-ELEC-0019,0.95,match,"The competitor product 'Energizer Max AAA 4pcs ใหม่!' matches the master KVI product 'Energizer Max AAA 4pcs'. Both have the same brand 'Energizer', model 'Max', size '4pcs', and unit 'pcs'. The presence of 'ใหม่!' (new in Thai) does not affect the matching criteria."
766,KVI-FMCG-0086,0.971,match,"The competitor product 'Sunsilk Shampoo Black Shine 180ML' exactly matches the master product 'Sunsilk Shampoo Black Shine 180ml' in brand, model, size (180ML = 180ml), and unit (ml). The only difference is the casing of 'ml', which does not affect the match."
579,KVI-FMCG-0114,0.96,match,"Brand 'Vixol' matches the competitor item's brand. Model 'Original' was not specified in the competitor's entry but assumes it refers to the default variant. The size specified in the competitor entry is '900ML', which matches exactly (with case-insensitivity) the master list's '900ml'. Therefore, all key identifiers match."
1726,KVI-ELEC-0005,1.0,match,"The competitor product 'Anker PowerLine USB-C 0.9m' matches exactly with the master list item 'Anker PowerLine USB-C 0.9m' in terms of brand (Anker), model (A8187), size (0.9), and unit (m)."
727,KVI-FMCG-0049,1.0,match,"The competitor product 'Lay's Sour Cream Onion 28g' matches exactly with the master KVI entry 'Lay's Sour Cream Onion 28g' in terms of brand ('Lay's'), model ('Sour Cream'), size quantity (28g), and unit (g). No discrepancies in flavor, size, or variant were found."
984,KVI-HARD-0012,0.9199,match,"The competitor product 'Magic Mop Spin 360 1pcs' matches the master KVI candidate 'Magic Mop Spin 360 1pcs' exactly in brand ('Magic'), model ('Spin360'), size (1.0), and unit ('pcs'). All identifiers correspond without any discrepancies."
577,KVI-ELEC-0018,0.9,match,"The competitor product 'Energizer Max AAA 2pcs' matches exactly with the master KVI 'Energizer Max AAA 2pcs' in brand ('Energizer'), model ('Max'), size (2.0), and unit ('pcs'). No differences in flavor, size, or variant have been identified."
390,KVI-FMCG-0102,0.9,match,"The competitor product 'Tide Powder Detergent 3kg' matches exactly with the master KVI candidate 'Tide Powder Detergent 3kg': both have the same brand 'Tide', size '3kg', model 'Original', and unit 'kg'."
75,KVI-FMCG-0027,0.9288,match,"The competitor product 'Singha Drinking Water 6L' matches the master item 'Singha Drinking Water 6L' with exact brand 'Singha', model 'Water', pack size of 6.0L, and unit 'L'. The criteria for matching are all satisfied."
886,KVI-FMCG-0007,1.0,match,"The competitor product 'เป๊ปซี่ Pepsi Cola 500ml' matches exactly with the master product 'Pepsi Cola 500ml' in terms of brand (Pepsi), size (500ml), and model (Original). All identifiers align, confirming a match."
1768,,0.0,no_match,"The competitor product 'Generic phone case clear silicone' does not match any of the items from the master list. The competitor item refers to a phone case, while the available KVI master candidates are electronic products like earbuds and SD cards, which are completely different in type, category, and brand presence."
108,KVI-HARD-0040,0.8593,match,"The competitor product 'Krcher Garden Hose 20m' matches exactly with KVI candidate 'Karcher Garden Hose 20m' in terms of brand (Karcher), model (Standard), size (20m), and physical unit (m). No discrepancies found."
1347,KVI-FMCG-0035,0.949,match,"The competitor product 'Nestle Pure Life Water 600ml' matches exactly with master KVI item 'Nestle Pure Life Water 600ml' in terms of brand (Nestle), model (Pure Life), size (600ml), and unit (ml), fulfilling all match criteria."
1184,KVI-HARD-0016,0.95,match,Brand 'Ziploc' matches; Model 'Storage' matches; Size 'Gallon' matches; Quantity of '38pcs' matches. The competitor product is the same as the master entry.
1752,KVI-HARD-0030,0.963,match,"The competitor product, 'Clorox Disinfecting Wipes 75pcs', matches exactly with the master KVI candidate, 'Clorox Disinfecting Wipes 75pcs'. Both the brand is 'Clorox', the model name is 'Original', the size is 75 pcs, and the metric unit is 'pcs', confirming a complete match."
874,KVI-FMCG-0006,0.95,match,Brand 'Pepsi' matches; Model 'Original' is inferred as it is common for the 325ml size; Size is 325ml (exact match); Unit is ml (exact match); Competitor product does not indicate a different flavor or variant.
624,KVI-ELEC-0027,0.9469,match,"The competitor product 'Osram LED Bulb 12W Cool 1pcs' matches exactly with the master entry 'Osram LED Bulb 12W Cool 1pcs' in all aspects: brand (Osram), model ('Value' is not compared as part of the core matching criteria), size (1pcs), and units (pcs). Therefore, there's a confirmed match."
1002,KVI-FMCG-0035,1.0,match,"The competitor product 'เนสท์เล่ Nestle Pure Life Water 600ml' matches exactly with the master KVI candidate 'Nestle Pure Life Water 600ml'. Both share the same brand 'Nestle', model 'Pure Life', size of 600ml, and the unit is 'ml'."
1778,,0.0,no_match,"The competitor product 'Cooking apron floral pattern' does not match any item from the master list as it describes an apron whereas the available candidates are fabric softeners and dish sponges, which are completely different product categories."
83,KVI-FMCG-0086,0.8919,match,"The competitor product 'Sansilk Sun. Shampoo Black Shine 180ml' matches the master product 'Sunsilk Shampoo Black Shine 180ml' exactly by brand (Sunsilk), model (Black), size (180ml), and unit (ml)."
1522,KVI-FMCG-0042,0.9195,match,"The competitor product 'Lipton Lemon Tea 450ml' matches the master list item 'Lipton Lemon Tea 450ml' in brand ('Lipton'), model ('Lemon'), specified size (450ml), and unit (ml)."
567,KVI-ELEC-0036,0.8667,match,"The competitor product 'JBL Tune Wir. Earbuds 1pcs' matches the master KVI item 'JBL Tune Wireless Earbuds 1pcs' on brand 'JBL', model 'TUNE125', size 1pcs, and unit 'pcs'."
1927,,0.0,no_match,Filtered by local retrieval layer: Similarity score fell well below minimum structural threshold.
680,KVI-ELEC-0031,0.8584,match,"The competitor product 'Apple AirPods Pro 2nd Gen 1pcs Free Delivery' matches the master product 'Apple AirPods Pro 2nd Gen 1pcs' because both have the same brand 'Apple', model 'A2698', size quantity '1pcs', and unit 'pcs'. No variant or flavor discrepancies noted."
1930,,0.0,no_match,"The competitor product 'Cute cat ear hairband' does not match any items from the master KVI list. No brand identifiers, model names, or product descriptions match the available candidates."
1502,KVI-ELEC-0017,0.9369,match,"The competitor product 'Energizer Max AA 8pcs' exactly matches the master KVI candidate 'Energizer Max AA 8pcs' in brand (Energizer), model (Max), size (8pcs), and unit (pcs)."
701,KVI-FMCG-0055,1.0,match,"The competitor product 'Pringles Sour Cream 147g' exactly matches the master item 'Pringles Sour Cream 147g' in terms of brand, model, size (147g), and units (g)."
1064,KVI-FMCG-0007,0.8,match,"Both the brand identifier (Pepsi), model name (Original), size quantity (500ml), and physical metric units (ml) match exactly with the master KVI candidate."
1029,KVI-HARD-0008,0.8437,match,"The competitor product matches the KVI master item in terms of brand ('Scotch-Brite'), model ('Heavy'), size/quantity (3pcs), and unit (pcs)."
1740,KVI-ELEC-0009,0.9701,match,"Brand 'Apple' matches exactly. Model 'MHJE3' corresponds to the product type. Size/Quantity is 1pcs, and unit is 'pcs', which agrees with the competitor's entry. No discrepancies in flavor or variant detected."
1446,KVI-HARD-0015,0.9211,match,"The competitor product 'Ziploc Storage Bag Gallon 15pcs' matches exactly with the master candidate 'Ziploc Storage Bag Gallon 15pcs'. The brand 'Ziploc', model 'Storage', size '15pcs', and unit 'pcs' are identical."
123,KVI-FMCG-0106,0.945,match,"The competitor product 'Downy Concentrate Lavender 600ML' matches the master KVI 'Downy Concentrate Lavender 600ml' on brand identifiers 'Downy', model 'Lavender', size quantity '600' and unit 'ml'. Therefore, it is a confirmed match."
1827,,0.0,no_match,"The competitor product 'DIY craft glue gun mini' does not match any items from the master list by brand, product type, or any other attributes. The available KVI candidates are super glues by Loctite and a drill by Bosch, which do not correlate with a glue gun."
803,KVI-FMCG-0055,0.95,match,"Verified that the brand 'Pringles' matches, the model 'Sour Cream' is identical, the size is '147g' which exactly matches the competitor product, and the units 'g' are the same. All identifiers align perfectly with the master list."
1448,KVI-FMCG-0099,0.966,match,"The competitor product matches with the KVI candidate based on brand (Nivea), model (Whitening), size (400ml), and unit (ml). All attributes match exactly with the canonical master list."
896,KVI-HARD-0027,0.8526,match,"Matched item has the same product name 'Rubber Gloves Yellow 1pcs', brand 'Scotch-Brite', model 'Heavy', size quantity '1.0', and unit 'pcs'."
48,KVI-HARD-0033,0.9579,match,"The competitor product 'Glade Air Freshener Lavender 250ML' matches exactly with the master item 'Glade Air Freshener Lavender 250ml'. Both have the same brand ('Glade'), model ('Lavender'), and pack size (250.0 ml). The only difference is the capitalization of 'ml', which does not impact the match."
495,KVI-FMCG-0097,0.8949,match,"The competitor product 'Nivea Body Lot. Whitening 100ml' matches the master KVI candidate 'Nivea Body Lotion Whitening 100ml'. Both have the same brand 'Nivea', model 'Whitening', size '100ml', and unit 'ml'. No discrepancies found."
1990,,0.0,no_match,"The competitor product is a phone case while the master list items are electronic accessories (Samsung Galaxy Buds and SanDisk SD cards), indicating a mismatch in product category and type."
551,KVI-FMCG-0112,0.7413,match,"The competitor product 'Vixol Toi. Cleaner 450ml' matches with the master item 'Vixol Toilet Cleaner 450ml' based on brand 'Vixol', model 'Original', and packSize '450ml' which are identical."
596,KVI-ELEC-0031,0.8843,match,"Both competitor and master list items specify 'Apple AirPods Pro 2nd Gen 1pcs' with the brand 'Apple', size '1pcs', and unit 'pcs'. All identifiers match exactly."
260,KVI-FMCG-0045,0.9308,match,"The competitor product 'Lays Lay's Classic Salted 28g' matches exactly with the master KVI candidate 'Lay's Classic Salted 28g'. The brand 'Lay's', model 'Classic', and size '28g' are identical."
955,KVI-HARD-0023,0.9483,match,"The competitor product 'IKEA SAMLA Box Clear 22L' matches the KVI master product 'IKEA SAMLA Box Clear 22L' in brand (IKEA), model (SAMLA), size (22L), and unit (L). No discrepancies were found."
1173,KVI-FMCG-0014,1.0,match,"The competitor product 'Fanta Orange 1.25L' matches exactly with the master KVI candidate 'Fanta Orange 1.25L' based on the same brand, model, size (1.25L), and unit (L). No discrepancies found."
1210,KVI-FMCG-0109,0.9384,match,"The competitor product 'Dettol Antibcterial Liquid 250ml' matches the master item 'Dettol Antibacterial Liquid 250ml' in brand ('Dettol'), model ('Original'), size (250ml), and unit (ml), confirming it as a true match."
665,KVI-HARD-0025,0.7969,match,"The competitor product 'Scotch-Brite Dish Sponge 4pcs' matches exactly with the master KVI candidate 'Scotch-Brite Dish Sponge 4pcs' in brand, model, size (4 pcs), and unit (pcs)."
655,KVI-FMCG-0095,0.95,match,"The competitor product 'Sensodyne Toothpaste Original 75g GIFT SET' matches the master list entry 'Sensodyne Toothpaste Original 75g' based on an exact match of brand 'Sensodyne', model 'Original', size '75g', and unit 'g', confirming they are the same product."
161,KVI-FMCG-0108,0.9444,match,"The competitor product is 'Downy Concentrate Lavender 2.8L', which matches exactly with the master KVI candidate 'Downy Concentrate Lavender 2.8L'. Both have the same brand 'Downy', model 'Lavender', size '2.8L' and units 'L'."
1772,,0.0,no_match,"The competitor product 'Generic phone case clear silicone' does not match any available items from the master list. No brand identifiers, model names, size quantities, or units match the KVI candidates."
1182,KVI-ELEC-0010,0.9585,match,"The competitor product 'Samsung 25W Fast Charger 1pcs' exactly matches the details of the master KVI item 'Samsung 25W Fast Charger 1pcs' in terms of brand (Samsung), model (EP-TA800), size (1 pcs), and units (pcs). Therefore, it is a confirmed match."
770,KVI-ELEC-0013,0.95,match,"The competitor product 'Xiaomi Mi Pow. Bank 20000 1pcs' matches with the master KVI candidate 'Xiaomi Mi Power Bank 20000 1pcs' based on brand 'Xiaomi', product model (inferred from the product name), size quantity (1pcs), and physical metric units (pcs). The difference in wording (Pow. vs Power) does not constitute a different product variant."
1897,,0.0,no_match,"The competitor product 'Yoga mat 6mm thick blue' does not match any items from the master list as there are no items related to yoga mats, and the provided master candidates are unrelated products (3M Microfiber Cloths and Duct Tape). The brand, model, and product names do not correspond."
357,KVI-ELEC-0011,0.7684,match,"The competitor product is 'Xiaomi 33W Charger 1pcs' which exactly matches the master list entry 'Xiaomi 33W Charger 1pcs' in brand, model, size, and unit."
1725,KVI-FMCG-0086,0.99,match,"The competitor product matches the master list entry in brand (Sunsilk), model (Black Shine), size (180ml), and units (ml). No discrepancies were found in attributes."
1036,KVI-FMCG-0065,0.9344,match,"The competitor product 'WaiWai Original 60g' matches exactly with the master list entry for 'WaiWai Original 60g' in terms of brand ('WaiWai'), model ('Original'), pack size (60.0g), and unit (g)."
938,KVI-ELEC-0016,0.8542,match,"The competitor product 'Energizer Max AA 4pcs BIG SALE' matches with the master item 'Energizer Max AA 4pcs' based on brand 'Energizer', model 'Max', pack size '4.0', unit 'pcs'. All attributes align precisely with the canonical master list."
18,KVI-FMCG-0002,0.9592,match,"The competitor product 'Coca-Cola Original Taste 500ML' matches the master item 'Coca-Cola Original Taste 500ml' in brand 'Coca-Cola', model 'Classic', pack size 500.0 ml, and unit 'ml'."
127,KVI-FMCG-0043,0.9305,match,"The competitor product 'Nescafe Original 180ml' matches exactly with the master list item 'Nescafe Original 180ml' in terms of brand 'Nescafe', model 'Original', size '180ml', and unit 'ml'."
1620,KVI-HARD-0005,0.8035,match,"The competitor product 'Stanley Hammer Claw 16oz 1pcs' matches exactly with the master KVI candidate, including brand 'Stanley', model 'STHT51512', size '16oz', quantity '1pcs', and the unit 'pcs'. All identifiers are consistent and verify a true match."
1293,KVI-HARD-0019,0.819,match,"The competitor product 'WD-40 Multi-Use Spry 191g Free Delivery' matches the KVI master list item 'WD-40 Multi-Use Spray 191g' based on the following verification: Brand identifiers match (both are 'WD-40'), model is implied as 'Original' (common for such items), size (191g) and unit (g) match exactly. Therefore, this is a confirmed match."
1676,KVI-ELEC-0038,0.85,match,"The competitor product 'Razer BlackWidow Keyboard 1pcs x12 PACK' matches with the master list item 'Razer BlackWidow Keyboard 1pcs'. Both items share the same brand 'Razer', while the model 'BW-V3' is compatible with the keyboard series. The pack size is consistent (1 pcs) and the unit used (pcs) also aligns. However, the competitor's item indicates a pack of 12, but it is reasonable to interpret 'x12 PACK' as referring to a bulk quantity rather than a different product. The key identifiers are matching strictly."
1307,KVI-ELEC-0002,0.95,match,"The competitor product title matches exactly with the master product in terms of brand (Apple), product name (Lightning USB Cable), size (2m), and unit (m). The model is not necessary for the match determination."
1759,KVI-ELEC-0003,0.7854,match,"The competitor product 'Apple USB-C to Lightning 1m' matches exactly with the master list item 'Apple USB-C to Lightning 1m'. The brand is 'Apple', the model is 'MX0K2', size is 1m, and the unit is 'm' which are identical."
1041,KVI-FMCG-0002,0.9039,match,"The competitor product 'CocaCola Coca-Cola Original Taste 500ml PACK 12' matches with the master item 'Coca-Cola Original Taste 500ml' because both have the same brand 'Coca-Cola', model 'Classic', size 500ml, and unit 'ml'. The packaging details indicating 'PACK 12' does not affect the verification of brand, size, and unit."
141,KVI-FMCG-0015,0.95,match,"The competitor product 'Singha Beer 320ML Save 20฿' exactly matches the master KVI candidate 'Singha Beer 320ml' in brand (Singha), model (Lager), size quantity (320ml), and physical units (ml), confirming that it is the same product."
702,KVI-FMCG-0100,0.946,match,"The competitor product 'Tide Powder Detergent 900g PACK 12' and the master KVI product 'Tide Powder Detergent 900g' match on the brand 'Tide', model 'Original', pack size of 900g, and the unit 'g'. All identifiers correspond exactly without discrepancies."
725,KVI-ELEC-0003,0.9436,match,"The competitor product 'Apple USB-C to Lightning 1m' matches exactly with the master product 'Apple USB-C to Lightning 1m' with the same brand 'Apple', model 'MX0K2', size 1.0, and unit 'm'."
1817,,0.0,no_match,"The competitor product is a 'Plastic flower pot 6 inch', which does not match any of the master candidates. The master items are watering cans or sponges with different brand names, models, and types."
1874,,0.0,no_match,"The competitor product 'Generic phone case clear silicone' does not match any item in the master list. The master list contains electronics (earbuds and SD cards) with different brands and categories, which do not correspond to a phone case."
935,KVI-HARD-0032,0.9294,match,"The competitor product 'Windex Glass Cleaner 1L' matches exactly with the master list item 'Windex Glass Cleaner 1L' in terms of brand (Windex), model (Original), size (1L), and metric units (L)."
1853,,0.0,no_match,"The competitor product is a 'DIY craft glue gun mini', which does not match any of the master KVI candidates that are all adhesive products with different sizes (5g, 3g) and brands (Loctite and Bosch). The brand, model, and size/quantity do not match, confirming it's a different product."
947,KVI-FMCG-0024,0.8487,match,"The competitor product 'Singha Drinking Water 330ml BUNDLE' matches the master product 'Singha Drinking Water 330ml' regarding brand 'Singha', model 'Water', and size '330ml'. Although the term 'BUNDLE' is present in the raw title, it does not change the core attributes of brand, model, and size, which are consistent with the canonical entry."
421,KVI-ELEC-0005,0.8187,match,"Brand matches (Anker), models are equivalent (USB-C with specific size 0.9m), the size matches exactly (0.9m) and both use the same unit (m)."
486,KVI-HARD-0029,0.9,match,"The competitor product 'Clorox Disinfecting Wipes 35pcs' matches the master product 'Clorox Disinfecting Wipes 35pcs' based on exact brand 'Clorox', model 'Original', pack size of 35pcs, and unit 'pcs'."
1472,KVI-FMCG-0015,1.0,match,"The competitor product 'Singha Beer 320ml' matches the master KVI candidate 'Singha Beer 320ml' in brand (Singha), model (Lager), size (320ml), and unit (ml) exactly."
1284,KVI-FMCG-0048,0.8622,match,"The competitor product 'Lay's Classic Salted 160g' matches exactly with the master entry 'Lay's Classic Salted 160g' in terms of brand 'Lay's', model 'Classic', size '160g', and unit 'g'."
136,KVI-ELEC-0026,0.96,match,"The competitor product 'Philips LED Bulb 9W Warm White 3pcs' matches the KVI master item 'Philips LED Bulb 9W Warm White 3pcs' in brand, model, size (3pcs), and units (pcs) with a high similarity score of 0.96."
469,KVI-ELEC-0024,0.9577,match,"The competitor product 'Panasonic Eneloop AA 4pcs' matches exactly with the master item 'Panasonic Eneloop AA 4pcs' in terms of brand ('Panasonic'), model ('Eneloop'), pack size (4.0 pcs), and unit ('pcs'). There are no discrepancies in flavor, size, or variant."
1117,KVI-HARD-0034,0.95,match,"The competitor product 'Glade Air Freshener Lavender 400ML' matches exactly with the master product 'Glade Air Freshener Lavender 400ml' in terms of brand (Glade), model (Lavender), size (400ml), and unit (ml). There is a discrepancy in capitalization of 'ML' which is not considered a significant difference in matching."
218,KVI-FMCG-0100,0.88,match,Brand 'Tide' matches exactly. Product name 'Tide Powder Detergent' matches. Size '900g' matches exactly (converted from grams). No variant or flavor differences listed.
1406,KVI-FMCG-0048,1.0,match,"The competitor product 'Lay's Classic Salted 160g' matches exactly with the master KVI candidate 'Lay's Classic Salted 160g'. The brand 'Lay's', model 'Classic', pack size of '160g' and unit 'g' all match perfectly."
394,KVI-FMCG-0041,0.85,match,"The competitor product 'Lipton Lemon Tea 250' matches the canonical master list product 'Lipton Lemon Tea 250ml' based on exact brand ('Lipton'), model ('Lemon'), and pack size (250ml)."
587,KVI-HARD-0040,0.9691,match,"The product 'Karcher Garden Hose 20m' matches exactly with the master item 'Karcher Garden Hose 20m' in terms of brand 'Karcher', model 'Standard', size '20m', and unit 'm'."
1868,,0.0,no_match,"The competitor product 'Generic phone case clear silicone' does not match any KVI candidates as they are all different electronic products (Samsung Galaxy Buds 2 and SanDisk Ultra SD cards) that do not share any brand, model, or match in category or type."
1224,KVI-FMCG-0090,0.95,match,"The competitor's product is 'Dove Body Wash Original 500' which matches with our master list item 'Dove Body Wash Original 500ml'. The brand 'Dove' matches, the model 'Original' matches, and the pack size 500 matches the metric unit 'ml'. There are no discrepancies in size or flavor."
1952,,0.0,no_match,The competitor product 'Yoga mat 6mm thick blue' does not match any of the entries in the master list. The competitor product is completely different in category and specifications from the available master KVI candidates (which are all 3M microfiber cloths and duct tape).
1466,KVI-FMCG-0064,0.7496,match,"Brand 'MAMA' matches with master list; Model 'Pork' matches; Size 60g matches exactly; Product type matches. Therefore, it qualifies as a match."
113,KVI-FMCG-0085,0.8045,match,"The competitor product and master KVI candidate match on brand (Pantene), model (Smooth), size (650ml), and unit (ml). The product names are also semantically equivalent, confirming the match."
1784,,0.0,no_match,"The competitor product 'Cute cat ear hairband' does not match any of the master KVI candidates in terms of brand, model, and product type."
926,KVI-HARD-0033,0.98,match,"The competitor product 'Glade Air Freshener Lavender 250ml' matches both the brand 'Glade', model 'Lavender', and size '250ml' exactly as listed in the master KVI entry. The physical metric unit 'ml' also matches. Therefore, it is confirmed as a match."
415,KVI-FMCG-0102,0.9,match,"The competitor product is 'Tide Pow. Detergent 3kg' which matches exactly with the master product 'Tide Powder Detergent 3kg'. Both products share the same brand ('Tide'), the same model referenced as 'Original', and the same size and unit (3kg). There are no discrepancies in flavor, size, or variant, confirming them as the same product."
1941,,0.0,no_match,"The competitor product 'Cooking apron floral pattern' does not match any items in the master list based on brand, product type, or description. The items in the master list are fabric softeners and cleaning products, while the competitor product is an apron."
1632,KVI-FMCG-0088,0.8611,match,"The competitor product 'ซันซิล Sunsilk Shampoo Black Shine 480ml' matches the master list item with ID 'KVI-FMCG-0088'. Both the brand 'Sunsilk', model 'Black', size '480ml', and unit 'ml' are exactly the same."
184,,0.0,no_match,"The competitor product 'Singh Drinking Water 1.5L PACK 12' does not match any items from the master list. The brand in the competitor product is 'Singh', whereas the master list product is 'Singha'. This is a different brand, hence no match. Size, flavor, or variant differences are not applicable here since the brand itself does not align."
863,KVI-FMCG-0026,0.9,match,"The competitor product 'Singh Singha Drinking Water 1.5L ใหม่!' exactly matches the master list entry 'Singha Drinking Water 1.5L'. The brand 'Singha', the model 'Water', the size of 1.5L, and the unit 'L' are all identical to the master list product."
1802,,0.0,no_match,Filtered by local retrieval layer: Similarity score fell well below minimum structural threshold.
160,KVI-ELEC-0011,0.861,match,"The competitor product 'Xiaomi 33W Charger 1pcs x12 PACK' matches the master candidate 'Xiaomi 33W Charger 1pcs' in brand (Xiaomi), model (MDY-11-EX), pack size (1.0), and unit (pcs), except for the pack size in the title indicating a pack of 12. However, since pack size can be interpreted as a multipack, it is still considered a match."
1925,,0.0,no_match,"The competitor product 'Cute cat ear hairband' does not match any of the available master KVI candidates based on brand, model, and product type. No brand identifiers or model names correspond with the master list items."
1067,KVI-FMCG-0112,0.95,match,"The competitor product 'Vixol Toilet Clener 450ml Free Delivery' matches exactly the master list item 'Vixol Toilet Cleaner 450ml' in terms of brand (Vixol), product name (Toilet Cleaner), size (450ml), and unit (ml). There is a minor spelling difference in 'Cleaner' vs. 'Clener', which is likely a typo. Therefore, we confirm this as a match."
1245,KVI-FMCG-0033,0.8944,match,"The competitor product 'Sprinkle Drinking Water 1.5L' matches the master list entry 'Sprinkle Drinking Water 1.5L' in brand (Sprinkle), model (Water), size (1.5L), and units (L). All identifiers are consistent."
1057,KVI-FMCG-0039,0.772,match,"The competitor product 'Red Bull Ene, Drink 150ml' matches with the master item 'Red Bull Energy Drink 150ml' in terms of brand ('Red Bull'), model ('Classic'), size (150ml), and unit (ml). The only difference is the additional text 'Flash Sale -30%' which does not affect the matching criteria."
76,KVI-ELEC-0036,0.9567,match,"The competitor product 'JBL Tune Wireless Earbuds 1pcs' matches exactly with the master list item. Both share the same brand 'JBL', model 'TUNE125', pack size '1.0 pcs', and product name."
92,KVI-FMCG-0043,0.95,match,"The competitor product 'Nes. Original 180ml' matches the master KVI candidate 'Nescafe Original 180ml'. Both products have the same brand 'Nescafe', model 'Original', size of 180ml, and units as ml. The match is confirmed."
1318,KVI-ELEC-0008,0.9117,match,"The competitor product matches the master item in brand (Anker), size (20W), packaging (1pcs), and physical metric units (pcs) exactly. The model A2633 is associated with the Anker USB-C 20W Charger."
46,KVI-ELEC-0003,0.9436,match,"The competitor product 'Apple USB-C to Lightning 1m SUPER SAVE' exactly matches the brand ('Apple'), model ('MX0K2'), size quantity (1.0), and physical metric unit ('m') of the KVI master candidate 'Apple USB-C to Lightning 1m'."
1701,KVI-HARD-0027,0.8725,no_match,The competitor product 'Rubber Gloves Yellow 1pcs BIG SALE' does not match the master item due to a discrepancy in the brand. The master KVI candidate is from 'Scotch-Brite' whereas the competitor product does not specify a brand.
1749,KVI-FMCG-0034,0.95,match,"The competitor product 'Nestle Pure Life Water 330ml' matches exactly with the master KVI candidate 'Nestle Pure Life Water 330ml' with matching brand 'Nestle', model 'Pure Life', pack size '330.0', and unit 'ml'."
681,KVI-FMCG-0043,0.9305,match,"The competitor product 'Nescafe Original 180ml' matches perfectly with the master KVI candidate 'Nescafe Original 180ml' based on exact brand 'Nescafe', model 'Original', size 180ml, and unit 'ml'. No discrepancies detected."
982,KVI-ELEC-0027,1.0,match,"The competitor product 'Osram LED Bulb 12W Cool 1pcs' exactly matches the master product 'Osram LED Bulb 12W Cool 1pcs' in brand, model, size quantity (12W, 1pcs), and physical unit (pcs). All identifiers match perfectly, confirming a true match."
1227,KVI-ELEC-0031,0.95,match,"The competitor product is 'Apple AirPods Pro 2nd Gen 1pcs'. The master KVI candidate, 'Apple AirPods Pro 2nd Gen 1pcs', matches exactly on brand 'Apple', model 'A2698', pack size '1.0', and unit 'pcs'."
1072,KVI-FMCG-0094,1.0,match,"The competitor product 'Colgate Toothpaste Total 150g ลดราคา' matches exactly with the master product 'Colgate Toothpaste Total 150g'. The brand is Colgate, the model is Total, the size is 150g, and the measurements are identical."
268,KVI-HARD-0042,0.807,match,"The competitor product 'Watering Can Plastic 10L' matches exactly with the master product 'Watering Can Plastic 10L' in terms of brand 'Generic', model 'Plastic', size (10L), and unit (L). No discrepancies in flavor, size, or variant."
407,KVI-FMCG-0114,0.9605,match,"The competitor product 'Vixol Toilet Cleaner 900ml' perfectly matches the master KVI candidate with the same brand 'Vixol', model 'Original', size '900ml', and unit 'ml'."
275,KVI-HARD-0011,0.8656,match,The brand '3M' matches exactly. The model 'Microfiber' matches exactly. The product name '3M Microfiber Cloth Yellow 4pcs' matches exactly. The size quantity is 4pcs which also matches.
1922,,0.0,no_match,"The competitor product 'Random unbranded keychain 5pcs' does not match any of the master KVI candidates due to differences in brand, product type, model, and packaging size. All master candidates are electronics-related products by known brands (Anker, Kingston) and do not match the keychain product."
876,KVI-FMCG-0022,0.919,match,"The competitor product 'Heinekn Heineken Lager 500ML' matches the master list entry 'Heineken Lager 500ml' in terms of brand (Heineken), model (Original), size (500ml), and unit (ml). All identifiers align precisely without any discrepancies."
147,KVI-ELEC-0009,0.8122,match,"The competitor product 'Apple 20W USB-C Pow. Adapter 1pcs ใหม่!' matches exactly with the master product 'Apple 20W USB-C Power Adapter 1pcs'. The brand 'Apple', model 'MHJE3', size '1pcs', and unit 'pcs' all match. The only difference is a slight variation in the word 'Power' spelled as 'Pow.' in the competitor's title, which does not affect matching."
317,KVI-HARD-0037,0.9119,match,"The competitor product 'Baygon Insect Spray Multi 600ml' matches exactly with the master list entry: same brand 'Baygon', model 'Multi', size 600ml, and unit 'ml'. No discrepancies present."
1241,KVI-FMCG-0002,0.95,match,"The competitor's product is 'Coca-Cola Original Taste 500ml', which matches exactly with the master entry 'Coca-Cola Original Taste 500ml' in terms of brand (Coca-Cola), model (Classic), size (500ml), and unit (ml). The entries are fully aligned."
466,KVI-FMCG-0069,0.958,match,"The competitor product 'Foremost Fresh Milk 225ml' matches exactly with the master KVI candidate 'Foremost Fresh Milk 225ml' in terms of brand, model, and size (225ml)."
1360,KVI-HARD-0017,0.95,match,"The competitor product 'Super Glue Loctite Original 3g' matches the master KVI product 'Super Glue Loctite Original 3g' exactly. Both share the same brand 'Loctite', model name 'Super', size of '3g', and unit 'g'."
1160,KVI-FMCG-0114,0.9605,match,"The brand 'Vixol' matches with the KVI master list. The product name 'Toilet Cleaner 900ml' matches exactly with the KVI offering. The pack size is also the same at 900ml, making it a perfect match."
1233,KVI-FMCG-0076,1.0,match,"The competitor product 'ดัชมิลล์ Dutch Mill UHT Milk 180ml' matches the master item 'Dutch Mill UHT Milk 180ml' in brand, model, size (180ml), and unit (ml). All identifiers match exactly, confirming a true match."
651,KVI-FMCG-0048,0.95,match,"The competitor product 'เลย์ Lay's Classic Sal. 160g BUNDLE' matches the master list entry 'Lay's Classic Salted 160g'. The brand 'Lay's', model 'Classic', and size of '160g' units are consistent. Therefore, this is confirmed as a match."
1139,KVI-FMCG-0010,0.9443,match,"The competitor product 'Sprite Lemon-Lime 325ml' matches the master list entry 'Sprite Lemon-Lime 325ml' on brand (Sprite), model (Classic), size (325ml), and units (ml), confirming it as a valid match."
1176,KVI-FMCG-0073,0.95,match,"The competitor product 'Meiji Fresh Milk 200ml ใหม่!' exactly matches the brand 'Meiji' and product name 'Meiji Fresh Milk 200ml' with a pack size of 200ml and unit ml, confirming it as a true match."
750,KVI-FMCG-0078,1.0,match,"The competitor product 'Dutch Mill UHT Milk 1L' matches exactly with the master product entry 'Dutch Mill UHT Milk 1L'. Both have the same brand 'Dutch Mill', model 'UHT', same size '1L', and unit 'L'."
903,KVI-HARD-0004,0.9,match,"The competitor product '3M Duct Tape Silver 50mm' matches the master KVI product by the exact brand '3M', model 'Heavy', and the exact size '50mm'. The product features match precisely without any discrepancies. The competitor title is consistent with the KVI title."
1474,KVI-FMCG-0073,0.7793,match,"The competitor product matches the brand 'Meiji', model 'Fresh', and has an exact pack size of 200ml, which corresponds directly to the product 'Meiji Fresh Milk 200ml' in the master list."
698,KVI-FMCG-0013,0.9637,match,"The competitor product 'Fanta Orange 325ml' matches the master product 'Fanta Orange 325ml' with exact brand 'Fanta', model 'Orange', size '325ml', and unit 'ml'. All identifiers align perfectly."
840,KVI-HARD-0017,0.8874,match,"Brand 'Loctite' matches, model 'Super' matches, size '3g' matches, quantity 'x12' indicates a multiple pack which corresponds to the import product offering."
1469,KVI-FMCG-0079,0.7816,match,"The competitor product 'Anc. Butter Salted 100g x12 PACK' matches 'Anchor Butter Salted 100g' in brand (Anchor), model (Salted), size (100g), and unit (g). The different description of 'x12 PACK' indicates multiple units, but does not change the core product match."
1131,KVI-FMCG-0110,0.8116,match,"The competitor product 'เดทตอล Dettol Antibacterial Liquid 500ml' matches the master item 'Dettol Antibacterial Liquid 500ml'. The brand 'Dettol' matches exactly, the model is classified as 'Original', the size is 500 ml which aligns precisely, and the unit is also 'ml'."
1171,KVI-HARD-0005,0.9,match,"The competitor product 'Stanley Hammer Claw 16oz 1pcs' matches the master list entry with the same product name, brand 'Stanley', and it's specified as '1pcs'. Both the size and unit are consistent."
19,KVI-FMCG-0066,0.9398,match,"The competitor product 'WaiWai Original 90g' matches exactly with the master product 'WaiWai Original 90g' in terms of brand ('WaiWai'), model ('Original'), pack size (90g), and unit (g). All identifiers match with no differences in flavor or variant."
36,KVI-FMCG-0045,0.8736,match,"The competitor product 'เลย์ Lay's Classic Salted 28g' exactly matches the master KVI item 'Lay's Classic Salted 28g' in brand ('Lay's'), model ('Classic'), size (28g), and unit ('g')."
28,KVI-HARD-0001,0.9695,match,"The competitor product '3M Scotch Magic Tape 19mm' matches exactly with the master KVI candidate '3M Scotch Magic Tape 19mm' in brand (3M), model (Magic), size (19mm), and unit (mm)."
1461,KVI-ELEC-0033,0.935,match,"The competitor product 'Belkin HDMI Cable 2m' matches the KVI item 'Belkin HDMI Cable 2m' in brand (Belkin), model (F3Y023), size (2.0m), and unit (m). All identifiers and metrics match exactly."
1495,KVI-HARD-0004,0.9609,match,"The competitor product '3M Duct Tape Silver 50mm' exactly matches the master KVI candidate '3M Duct Tape Silver 50mm'. Brand identifier '3M' matches, model name 'Heavy' is present, size quantity is 50mm, and physical metric units are consistent."
1757,KVI-HARD-0043,0.9393,match,"The competitor product 'Bosch Drill Bit Set 5pcs' matches exactly with the master product 'Bosch Drill Bit Set 5pcs' in brand, model, pack size (5pcs), and unit (pcs). No discrepancies in flavor, size or variant."
584,KVI-FMCG-0074,0.9594,match,"The competitor product 'Meiji Fresh Milk 450ml' matches the master KVI candidate 'Meiji Fresh Milk 450ml' in brand ('Meiji'), model ('Fresh'), size (450ml), and unit (ml) exactly."
695,KVI-HARD-0003,0.9612,match,"The competitor product '3M Duct Tape Silver 48mm' exactly matches the master KVI candidate '3M Duct Tape Silver 48mm' in terms of brand ('3M'), model ('Heavy'), size (48.0 mm), and unit ('mm'). No discrepancies found."
346,KVI-FMCG-0069,0.9588,match,"The competitor product 'Foremost Fresh Milk 225ml' matches the master item exactly in brand 'Foremost', model 'Fresh', size '225ml', and unit 'ml'."
1409,KVI-FMCG-0091,1.0,match,"The competitor product 'โดฟ Dove Body Wash Original 1L' matches exactly with the master KVI candidate 'Dove Body Wash Original 1L'. The brand 'Dove', model 'Original', size '1L', and physical unit 'L' are all identical."
105,KVI-FMCG-0115,0.7575,match,"The competitor product 'Magiclean Bathroom Spray 500ml ใหม่!' matches the master list entry 'Magiclean Bathroom Spray 500ml' in brand ('Magiclean'), model ('Original'), size quantity (500ml), and unit (ml)."
962,KVI-FMCG-0096,0.9,match,"The competitor product entry, Sensodyne Too. Original 100g, matches exactly with the master item Sensodyne Toothpaste Original 100g in terms of brand (Sensodyne), model (Original), size (100g), and unit (g). There are no discrepancies in flavor or variant."
1862,,0.0,no_match,"The competitor product is a USED iPhone 8 64GB unlocked, while the available master KVI candidates are all storage devices (SD cards) with different brands and models. The brand (Apple vs SanDisk/Kingston), model, size and product type do not match."
177,KVI-HARD-0001,0.8551,match,"The competitor product '3M Scotch Magic Tape 19mm GIFT SET' matches the KVI master item '3M Scotch Magic Tape 19mm'. Both products are of the same brand '3M', the model is 'Magic', and the size is exactly 19mm in package size and unit."
631,KVI-HARD-0017,0.9317,match,"The competitor product 'Super Glue Loctite Original 3g' matches the master KVI candidate 'Super Glue Loctite Original 3g' in all metrics: brand (Loctite), model (Super), pack size (3g), and unit (g)."
647,KVI-FMCG-0084,1.0,match,"The competitor product 'Pantene Shampoo Smooth Silky 480ml' precisely matches with the master list entry: 'Pantene Shampoo Smooth Silky 480ml'. Both share the same brand (Pantene), model (Smooth), size (480ml), and unit (ml), confirming an exact match."
1205,KVI-FMCG-0009,0.95,match,"The competitor product 'Pepsi Cola 1.5L' matches the master product 'Pepsi Cola 1.5L' from the canonical list. Both exhibit the same brand 'Pepsi', with the exact model and size of 1.5 Liters, fulfilling all criteria."
253,KVI-FMCG-0056,0.8491,match,"The competitor product 'Tasto Potato Chips 27g BIG SALE' matches exactly with the master product 'Tasto Potato Chips 27g' in terms of brand ('Tasto'), model ('Salted'), size (27g), and all other relevant identifiers."
1467,KVI-FMCG-0027,0.9288,match,"The competitor product 'Singha Drinking Water 6L' matches exactly with the master product entry 'Singha Drinking Water 6L' in terms of brand (Singha), model (Water), size (6L), and unit (L)."
1560,KVI-HARD-0043,0.8712,match,"The competitor product 'บ๊อช Bosch Drill Bit Set 5pcs' matches the master entry 'Bosch Drill Bit Set 5pcs' as both have the same brand 'Bosch', model specifics are not different, and the pack size is exactly 5pcs, using the same unit 'pcs'."
25,KVI-FMCG-0021,0.95,match,"The competitor product is 'Heinekn Heineken Lager 330ml'. The brand 'Heineken' matches in both entries, the model 'Original' is consistent with the master list, the size is exactly 330ml, and the units match. Thus, it is a perfect match."
1297,KVI-FMCG-0058,0.9593,match,"Verified that brand 'Bento', model 'Squid', pack size '20g', and unit 'g' match exactly with the master KVI entry."
834,KVI-ELEC-0025,0.9631,match,"The competitor product (Philips LED Bulb 9W Warm White 1pcs) matches the master list item (Philips LED Bulb 9W Warm White 1pcs) on all critical attributes: brand (Philips), model (Essential), size (1pcs), and unit (pcs)."
1342,KVI-HARD-0021,0.9,match,"The competitor product 'ทัปเปอร์แวร์ Tupperware Modular Mate 1,7L' matches exactly with the master item 'Tupperware Modular Mate 1.7L'. The brand 'Tupperware' is identical, both have the same model (inferring from the title), and the size is confirmed as 1.7L, which matches the standardized pack size. The only difference is the use of a comma instead of a dot in the competitor's title for the liters, but the numerical value is the same."
1001,KVI-HARD-0033,0.825,match,"The competitor product 'Glade Air Freshener Lavender 250ML Hot Deal' matches the master item 'Glade Air Freshener Lavender 250ml' in brand 'Glade', model 'Lavender', size '250ml' (with correct unit matching), and the flavor being the same. All identifiers are consistent, confirming it as a match."
1035,KVI-FMCG-0064,0.9179,match,"The competitor product 'MAMA Pork Flavor 60g' matches the master entry 'MAMA Pork Flavor 60g' in brand ('MAMA'), model ('Pork'), and size (60g) with the same unit (g). All identifiers are identical."
197,KVI-ELEC-0022,1.0,match,"The competitor product 'Duracell Plus Power AA 8pcs' matches exactly with the standardized master item 'Duracell Plus Power AA 8pcs' in terms of brand (Duracell), model (Plus), size (8pcs), and unit (pcs)."
1884,,0.0,no_match,Filtered by local retrieval layer: Similarity score fell well below minimum structural threshold.
546,KVI-FMCG-0014,1.0,match,"The competitor product 'Fanta Orange 1.25L' exactly matches the top KVI candidate 'Fanta Orange 1.25L' in brand, model, size (1.25L), and unit (L)."
1960,,0.0,no_match,"The competitor product is a 'Cooking apron floral pattern', which does not match any items in the KVI master list related to fabric softeners or dish sponges, both in terms of product type and description."
847,,0.0,no_match,"The competitor product 'Vix. Toilet Cleaner 700ml' does not match the available master KVI candidate for brand ('Vix' vs 'Vixol'). Additionally, the product name differs ('Toilet Cleaner' vs 'Toilet Cleaner Original') which indicates a variation in the product, hence categorizing it as an unlisted product."
1886,,0.0,no_match,"The competitor product 'Yoga mat 6mm thick blue' does not match any of the KVI candidates. None of the KVI products share the same brand, model, or product category."
247,KVI-HARD-0020,0.95,match,"The competitor product 'WD-40 Multi-Use Spr. 333g' matches the master list item 'WD-40 Multi-Use Spray 333g' in brand (WD-40), product name, size (333g), and unit (g). The model is identified as 'Original', which aligns with common understanding despite minor differences in naming conventions. Therefore, this entry is considered a true match."
1235,KVI-HARD-0034,0.95,match,"The competitor product 'Glde Air Freshener Lavender 400ml' matches the master KVI candidate 'Glade Air Freshener Lavender 400ml' with the same brand 'Glade', exact model 'Lavender', and identical pack size of 400ml. Thus, it is confirmed to be a match."
1277,KVI-FMCG-0027,0.95,match,"The competitor product 'Singha Drinking Water 6L x12 PACK' has the brand 'Singha', model 'Water', and size '6L' which matches exactly with the master item 'Singha Drinking Water 6L' from the master list. The pack size is interpreted as a case of 12 bottles of 6L each, thus they are equivalent."
1120,KVI-FMCG-0038,0.95,match,"The competitor product 'M-150 Energy Drink 250ML ใหม่!' matches exactly in brand 'M-150', model 'Original', and size 250ML (equivalent to 250.0 ml). Therefore, it qualifies as a match."
1661,KVI-FMCG-0012,0.95,match,"The competitor product 'Sprite Lemon- Lime 1.5 L' matches the master record 'Sprite Lemon-Lime 1.5L' with exact brand 'Sprite', model 'Classic', pack size 1.5, and unit 'L'."
538,KVI-HARD-0008,0.957,match,"The competitor product 'Scotch-Brite Sponge Multi-Purpose 3pcs' matches exactly with the master item 'Scotch-Brite Sponge Multi-Purpose 3pcs' in brand, model, size, and quantity."
173,KVI-FMCG-0064,0.9179,match,"The competitor product 'MAMA Pork Flavor 60g' matches exactly with the master product in the following aspects: brand 'MAMA', model 'Pork', size '60g' (60.0), and unit 'g'. No differences in flavor, size, or variant were found."
42,KVI-FMCG-0019,0.92,match,"The competitor product 'Chang Beer 490ml' matches exactly with the master KVI candidate 'Chang Beer 490ml'. The brand identifier 'Chang', model 'Classic', size '490ml', and unit 'ml' are all consistent. No discrepancies in flavor, variant, or attributes were found."
1124,KVI-FMCG-0085,0.95,match,"The competitor product 'Pantene Shampoo Smooth Silky 650ml' exactly matches the master item with the same product name, brand, model, and pack size of 650ml. All identifiers align perfectly."
1273,KVI-FMCG-0097,0.8664,match,"The competitor product 'Nive Body Lotion Whitening 100ml BUY1GET1!!!' matches the master entry for 'Nivea Body Lotion Whitening 100ml'. Both entries contain the same brand 'Nivea', model 'Whitening', and pack size of 100ml, while the slight difference in spelling and additional information in the title does not affect the match comparison."
29,KVI-FMCG-0036,0.9,match,"The competitor product 'เนสท์เล่ Nestle Pure Life Water 1.5L' matches with master item 'Nestle Pure Life Water 1.5L' based on exact brand 'Nestle', model 'Pure Life', pack size '1.5L', and the unit 'L'. Both titles are identical and refer to the same product."
1255,KVI-HARD-0042,0.795,match,"The competitor product is a plastic watering can with a capacity of 10 liters. Both the brand (Generic), model (Plastic), size (10 L), and units (L) are consistent with the master KVI candidate KVI-HARD-0042."
1920,,0.0,no_match,"The competitor product 'Generic phone case clear silicone' does not match any available master KVI candidates. It does not share the same brand, model, or product category as the KVI items listed, which are all electronic accessories."
837,KVI-HARD-0038,0.9697,match,"The competitor product 'Karcher Garden Hose 10m' matches exactly with the master KVI product 'Karcher Garden Hose 10m'. Both have the same brand 'Karcher', model 'Standard', size of 10 meters, and unit of measure 'm'. Thus, a true match is confirmed."
309,KVI-HARD-0005,0.7584,match,"The competitor product 'Stanley Hammer Claw 16oz 1pcs' matches exactly with the master product 'Stanley Hammer Claw 16oz 1pcs'. Brand 'Stanley' is identical, model 'STHT51512' is a valid match, and the physical size is '16oz' and '1pcs' with units as 'pcs' confirming all parameters align correctly."
1833,,0.0,no_match,"The competitor product is an 'iPhone 8' which is a smartphone and does not match the electronics category of the KVI candidates, which are memory cards. Additionally, the brand, model, product type, and specifications do not align with any of the available master KVI candidates."
1971,,0.0,no_match,"The competitor product 'Random unbranded keychain 5pcs' does not match any items from the master list due to differing brand identifiers, model names, and lack of exact flavor or size matches."
1344,KVI-HARD-0031,0.928,match,"The competitor product 'Windex Glass Cleaner 500ml' matches the standardized master item 'Windex Glass Cleaner 500ml' in brand 'Windex', size '500ml', and unit 'ml'. The model is not specified in the competitor entry but is considered a match."
1786,,0.0,no_match,"The competitor product is a phone case, while the master KVI candidates are electronic products (earbuds and SD cards). No exact match in brand, model, size, or category."
852,KVI-FMCG-0093,0.7327,match,"Compared product 'Colgte Toothpaste Total 100g' with master entry 'Colgate Toothpaste Total 100g'. Both have the same brand 'Colgate', same model 'Total', same size '100g', and match in unit 'g'. Match confirmed."
1453,KVI-ELEC-0028,0.8885,match,"The competitor product 'SanDisk Ultra SD 64GB 1pcs BUY1GET1!!!' matches the master item 'SanDisk Ultra SD 64GB 1pcs' in all relevant attributes; brand (SanDisk), model (Ultra), size (64GB), quantity (1), and unit (pcs) are identical, validating a match."
774,KVI-FMCG-0019,1.0,match,"The competitor product 'Chang Beer 490ml SET 6 ขวด' matches exactly with the master product 'Chang Beer 490ml' in brand, model, size of 490ml, and metric unit (ml). The only disparity is that the competitor product is sold in a set of 6, which does not affect the fundamental identity of the product."
1475,KVI-FMCG-0040,0.9508,match,"The competitor product 'Red Bull Energy Drink 250ML' matches exactly with the master KVI candidate 'Red Bull Energy Drink 250ml'. Brand 'Red Bull' matches, model 'Classic' matches, size '250' matches, and unit 'ml' matches."
1997,,0.0,no_match,"The competitor product 'Random unbranded keychain 5pcs' does not match any items from the KVI master list based on brand, model, and product type. All candidates are electronic products with different attributes."
810,KVI-HARD-0002,0.971,match,"The competitor product '3M Scotch Magic Tape 25mm SUPER SAVE' matches the master entry '3M Scotch Magic Tape 25mm' in brand, model, and size. Both items have the same brand '3M', model 'Magic', and a pack size of 25mm."
1708,KVI-ELEC-0039,0.8782,match,"Brand is 'Samsung', model matches 'Buds2', pack size is 1.0 pcs, and the product name matches exactly with 'Samsung Galaxy Buds 2 1pcs'."
528,KVI-ELEC-0011,0.9353,match,"The competitor product 'Xiaomi 33W Charger 1pcs' matches with the master candidate 'Xiaomi 33W Charger 1pcs'. Both items have the same brand 'Xiaomi', product name 'Xiaomi 33W Charger', pack size of 1, and unit 'pcs'. The model number of the master candidate 'MDY-11-EX' is not specified in the competitor's entry, but it is still considered a match due to the complete alignment of brand and product name."
1483,KVI-FMCG-0071,1.0,match,"The competitor product 'Foremost Fresh Milk 830ml' matches exactly with the master KVI candidate 'Foremost Fresh Milk 830ml'. Both have the same brand 'Foremost', model 'Fresh', size 830ml, and the unit is also 'ml'. No discrepancies in flavor or variant were noted."
1296,KVI-ELEC-0010,0.8978,match,"Product name, brand, model, size, quantity, and unit match exactly with the master item."
45,KVI-FMCG-0024,0.8948,match,"The competitor product 'Singha Drinking Water 330.' matches exactly with the master KVI candidate 'Singha Drinking Water 330ml' based on brand 'Singha', model 'Water', size quantity of 330ml, and the physical metric unit 'ml'."
1134,KVI-FMCG-0084,0.95,match,"The competitor product matches the master KVI entry for Pantene Shampoo Smooth Silky 480ml. Both items have the same brand (Pantene), model (Smooth), size (480 ml), and no other variants or flavors are present."
194,KVI-ELEC-0018,0.9316,match,"The competitor product 'Energizer Max AAA 2pcs' matches exactly with master item 'Energizer Max AAA 2pcs' in brand, model, size (2pcs), and unit (pcs)."
1082,KVI-FMCG-0070,0.85,match,"The product entry matches exactly with brand 'Foremost', model 'Fresh', and pack size '450ml'. The variant is consistent without any mentioned flavor differences or discrepancies. The competitor product is a pack of foreseen units, thus confirming a match."
1004,KVI-FMCG-0112,0.959,match,"The competitor product name 'Vixol Toilet Cleaner 450ml' exactly matches the master item 'Vixol Toilet Cleaner 450ml'. Both products have the same brand 'Vixol', model 'Original', size of 450ml, and are packaged in the same unit (ml). Therefore, all criteria for a match are satisfied."
392,KVI-HARD-0010,0.97,match,"The product '3M Microfiber Cloth Yellow 2pcs' from the competitor matches exactly with the master list entry '3M Microfiber Cloth Yellow 2pcs' in terms of brand (3M), model (Microfiber), pack size (2pcs), and unit (pcs)."
1497,KVI-ELEC-0016,1.0,match,"The competitor product 'Energizer Max AA 4pcs' matches exactly with the master product 'Energizer Max AA 4pcs'. Both have the same brand 'Energizer', model 'Max', pack size of 4, and unit 'pcs'."
1281,KVI-FMCG-0025,0.9364,match,"The competitor product 'Singha Drinking Water 600ML' matches exactly with the master product 'Singha Drinking Water 600ml' in brand 'Singha', model 'Water', and pack size of 600ml. The physical metric unit also matches."
1717,KVI-ELEC-0019,0.8231,match,"The competitor product 'Energizer Max AAA 4pcs Free Delivery' matches the master list entry 'Energizer Max AAA 4pcs' on brand 'Energizer', model 'Max', size '4pcs', and packaging unit. The presence of the same brand, model, size, and packaging confirms it is a valid match."
517,KVI-ELEC-0031,0.9413,match,"The competitor product is 'Apple AirPods Pro 2nd Gen 1pcs' which exactly matches with the master KVI candidate 'Apple AirPods Pro 2nd Gen 1pcs' in brand ('Apple'), model (not specifically listed but generally matching for AirPods), size (1 pcs), and unit (pcs)."
672,KVI-HARD-0043,0.9393,match,"Product matches on brand 'Bosch', model 'PRO', size '5pcs', and unit 'pcs'."
1929,,0.0,no_match,"The competitor product 'DIY craft glue gun mini' does not match any items from the master list based on brand, model, and product type. The items in the master list are all different products related to glue and drilling tools, whereas the competitor product refers to a glue gun, which is a distinct category."
1372,KVI-FMCG-0033,1.0,match,"The competitor product 'Sprinkle Drinking Water 1.5L' exactly matches the master item 'Sprinkle Drinking Water 1.5L' in terms of brand ('Sprinkle'), model ('Water'), size (1.5L), and unit ('L'). All identifiers are consistent."
575,KVI-ELEC-0033,1.0,match,"The competitor product 'Belkin HDMI Cable 2m SUPER SAVE' matches exactly with the master item 'Belkin HDMI Cable 2m'. Both have the same brand 'Belkin', model is implicitly the same as the model name is not specified but the package size of 2.0m in the competitor's product matches exactly with the standardized item's details."
1397,KVI-FMCG-0035,1.0,match,"Both competitor product and master product share the same brand (Nestle), model (Pure Life), and have identical pack size (600ml) indicated in the unit of measurement as ml. Hence, they are an exact match."
33,KVI-HARD-0044,0.9383,match,"The competitor product 'Bosch Drill Bit Set 10pcs' matches exactly with the master item 'Bosch Drill Bit Set 10pcs' with brand 'Bosch', model 'PRO', size 10 pcs, and unit 'pcs'."
1888,,0.0,no_match,"The competitor product 'Random unbranded keychain 5pcs' does not match any master KVI candidates in terms of brand, model, and type. The competitors' item is a keychain, while master candidates are electronic devices. Additionally, there is a discrepancy in product type and brand presence."
1103,KVI-ELEC-0010,0.9585,match,"The competitor product 'Samsung 25W Fast Charger 1pcs' matches the master list entry 'Samsung 25W Fast Charger 1pcs' in brand ('Samsung'), model (EP-TA800), size (1), quantity (pcs), and units (pcs)."
639,KVI-FMCG-0112,0.8777,match,"The competitor product 'Vixol Toilet Cleaner 450ml x12 PACK' matches the master product 'Vixol Toilet Cleaner 450ml'. Both products are by the brand 'Vixol', the model is the same, and the size and unit are identically stated as 450ml. The competitor product description indicates a bundled pack of 12, but the core product details align perfectly."
850,KVI-HARD-0042,0.954,match,"The competitor product 'Watering Can Plastic 10L' matches exactly with the master KVI candidate 'Watering Can Plastic 10L', having the same brand 'Generic', model 'Plastic', pack size of 10.0 L, and the unit 'L'."
1351,KVI-HARD-0010,0.9149,match,"The competitor product matches the master item based on the following criteria: The brand '3M' matches, the model 'Microfiber' matches, the size quantity '2pcs' matches, and both titles refer to a yellow microfiber cloth with no variance in the product description."
682,KVI-FMCG-0102,0.95,match,"Competitor product 'ไทด์ Tide Powder Detergent 3kg' matches exactly with KVI master item 'Tide Powder Detergent 3kg': Same brand (Tide), model ('Original'), size (3kg), and unit (kg)."
174,KVI-FMCG-0076,0.95,match,"The competitor product 'ดัชมิลล์ Dutch Mill UHT Milk 180ml' matches exactly with the master product 'Dutch Mill UHT Milk 180ml'. Both have the same brand (Dutch Mill), model (UHT), size (180ml), and no conflicting flavor or variant descriptions."
227,KVI-FMCG-0097,1.0,match,"The competitor product 'Nivea Body Lotion Whitening 100ml' matches exactly with the master product in terms of brand 'Nivea', model 'Whitening', pack size '100ml' and unit 'ml'. It is not a different flavor, size, or variant."
812,KVI-HARD-0012,0.9199,match,"The competitor product 'Magic Mop Spin 360 1pcs' matches exactly with the master item 'Magic Mop Spin 360 1pcs' as both share the same brand 'Magic', model 'Spin360', pack size of 1.0, and are listed in the same unit 'pcs'."
1571,KVI-FMCG-0037,0.9182,match,"The competitor product 'M-150 Enrgy Drink 150ml' matches exactly with the master list product 'M-150 Energy Drink 150ml' in terms of brand ('M-150'), model ('Original'), size (150ml), and unit (ml). The only discrepancy is the spelling of 'Energy' in the title, which does not affect the overall match."
229,KVI-FMCG-0016,1.0,match,"The competitor product 'สิงห์ Singha Beer 490ml' matches the master list item 'Singha Beer 490ml' in brand 'Singha', model 'Lager', size 490ml, and unit 'ml'. All attributes correspond exactly."
1568,KVI-HARD-0015,0.8654,match,"The competitor product is 'Ziploc Storage Bag Gallon 15pcs'. Matches exactly with master KVI candidate 'Ziploc Storage Bag Gallon 15pcs' in terms of brand (Ziploc), product name, model (Storage), pack size (15pcs), and units (pcs)."
540,KVI-ELEC-0014,0.95,match,"The competitor product 'Belkin Surge Protector 6-Outlet 1pcs Hot Deal' matches with the master KVI candidate 'Belkin Surge Protector 6-Outlet 1pcs' in brand (Belkin), product name (6-Outlet 1pcs), size (1pcs), and unit (pcs). There are no discrepancies in the product identifiers."
1128,KVI-HARD-0016,0.95,match,"The competitor product 'Ziploc Storge Bag Gallon 38pcs ส่งฟรี' matches the master list item 'Ziploc Storage Bag Gallon 38pcs' because the brand 'Ziploc', the model 'Storage', the pack size '38', and the unit 'pcs' are all identical. The only difference is a minor spelling error in 'Storge' instead of 'Storage', which does not affect the overall match."
1968,,0.0,no_match,"The competitor product 'Cooking apron floral pattern' does not match any available master items in terms of brand, model, or product category. All top KVI candidates are fabric softeners, whereas the competitor product is an apron."
1751,KVI-HARD-0016,0.8591,match,"The competitor product 'Ziploc Storage Bag Gallon 38pcs Free Delivery' matches exactly with the standardized item 'Ziploc Storage Bag Gallon 38pcs'. Both have the same brand 'Ziploc', model 'Storage', pack size of '38' pcs, and they are in the same category of hardline. No discrepancies were found in the description."
515,KVI-FMCG-0102,0.9435,match,"The competitor product 'Tide Powder Detergent 3kg' matches exactly with the master list item 'Tide Powder Detergent 3kg' in brand (Tide), model (Original), size (3kg), and unit (kg)."
946,KVI-FMCG-0062,0.95,match,"The competitor product 'MAMA Tom Yum Goong 90g' matches the master list item 'MAMA Tom Yum Goong 90g' perfectly in terms of brand ('MAMA'), model ('Tom Yum'), and pack size (90g). There are no discrepancies in flavor or variant."
1299,KVI-FMCG-0092,0.9473,match,"The competitor product matches the master KVI candidate 'Colgate Toothpaste Total 75g' by the same brand (Colgate), model (Total), size (75g), and unit (g)."
1878,,0.0,no_match,"The competitor product is a USED iPhone 8 64GB unlocked, which does not match any of the items in the master list as they all are SanDisk or Kingston storage devices, not smartphones. Additionally, there is no matching brand, model, or product category."
1664,KVI-FMCG-0064,1.0,match,"The competitor product 'มาม่า MAMA Pork Flavor 60g' matches exactly with the master item 'MAMA Pork Flavor 60g' in brand (MAMA), model (Pork), size (60g), and unit (g). There are no discrepancies in flavor, size, or variant."
1218,KVI-FMCG-0081,0.925,match,"The competitor product 'Anchor Butter Salted 454g Limited!' matches the master item 'Anchor Butter Salted 454g' in brand (Anchor), model (Salted), size (454g), and unit (g). All identifiers are consistent, confirming it is the same product."
372,KVI-FMCG-0101,0.9192,match,"The competitor product 'Tide Powder Detergent 1,7kg' has a brand 'Tide', a model similar to 'Original', and matches the size of 1.7 kg, confirming it aligns with KVI's standardized record."
1889,,0.0,no_match,"The competitor product 'Cooking apron floral pattern' does not match any items in the master KVI candidates. None of the provided products are related to cooking aprons, and there are no similarities in brand, model, size, or category."
617,KVI-HARD-0024,0.825,match,"Product 'Scotch-Brite Dish Sponge 2pcs' matches with the brand 'Scotch-Brite', size '2pcs', and model 'Soft'. All identifiers align exactly."
1684,KVI-FMCG-0082,0.954,match,"The competitor product 'Pantene Shampoo Smooth Silky 170ml' matches exactly with the master list entry in terms of brand 'Pantene', model 'Smooth', size '170ml', and product name 'Pantene Shampoo Smooth Silky 170ml'."
1325,KVI-FMCG-0106,1.0,match,"The competitor product 'Downy Concentrate Lavender 600ml' matches exactly with the master KVI candidate 'Downy Concentrate Lavender 600ml' in brand ('Downy'), model ('Lavender'), size (600ml), and unit (ml). All identifiers are consistent."
1799,,0.0,no_match,"The competitor product 'Generic phone case clear silicone' does not match any items from the master list as it does not have a brand identifier or model name present in the master products, which are all electronics related."
360,KVI-FMCG-0103,0.9129,match,"The competitor product 'Comfort Fbric Softener Pink 600ml' matches exactly with the master KVI product 'Comfort Fabric Softener Pink 600ml' in terms of brand (Comfort), model (Pink), size (600 ml), and unit (ml). The slight spelling difference ('Fbric' vs. 'Fabric') is not substantial enough to disqualify the match."
906,KVI-FMCG-0075,0.739,no_match,"The competitor product is labeled as 'Mei. Fresh Milk 830ml', but the master list has 'Meiji Fresh Milk 830ml', showing a brand mismatch (Mei vs. Meiji). Despite matching size and model, the brand identifier difference results in no match."
757,KVI-HARD-0033,0.795,match,"The competitor product 'Glade Air Freshener Lavender 250ml' matches exactly with the master KVI candidate 'Glade Air Freshener Lavender 250ml' in brand, model, pack size (250ml), and unit (ml) without any differences in flavor, size, or variant."
1963,,0.0,no_match,"The competitor product is a used iPhone 8 with 64GB storage, whereas the KVI candidates are memory cards with different brands (SanDisk, Kingston) and types. There is no match in brand, model, or product category."
249,KVI-FMCG-0109,1.0,match,"The competitor product 'เดทตอล Dettol Antibacterial Liquid 250ml' matches exactly with the master KVI candidate 'Dettol Antibacterial Liquid 250ml'. Both have the same brand 'Dettol', the same model is not specified but both refer to a liquid product, identical size quantity (250ml), and units (ml) are the same."
1242,KVI-FMCG-0085,0.8045,match,"The product from the competitor 'แพนทีน Pantene Shampoo Smooth Silky 650ml' matches exactly with the master product 'Pantene Shampoo Smooth Silky 650ml'. Both share the same brand 'Pantene', model 'Smooth', size quantity '650ml', and unit 'ml', confirming a valid match."
679,KVI-HARD-0034,0.95,match,"The competitor product 'Glade Air Freshener Lavender 400ml Hot Deal' matches exactly with the master KVI product 'Glade Air Freshener Lavender 400ml'. Both share the same brand 'Glade', model 'Lavender', size 400ml, and unit 'ml'."
1053,KVI-FMCG-0024,0.98,match,"The competitor product is 'Singh Drinking Water 330ml', which matches the master KVI item 'Singha Drinking Water 330ml' in terms of brand (Singha), model (Water), size (330ml), and units (ml). The only difference is a slight variation in the title due to the presence of the phrase 'ลดราคา' which does not affect the core product identification."
1755,KVI-FMCG-0080,0.92,match,"The competitor product 'Anchor Butter Salted 227g' matches exactly with the master KVI candidate 'Anchor Butter Salted 227g' by brand 'Anchor', model 'Salted', size '227g', and physical unit 'g'."
1638,KVI-FMCG-0003,0.8865,match,"The competitor product 'Coca-Cola Original Taste 1.25L BUY1GET1!!!' matches the KVI master product 'Coca-Cola Original Taste 1.25L'. Both have the exact brand 'Coca-Cola', the exact model recognized as 'Classic', and both have the same size of 1.25 liters. No discrepancies in flavor or variant were found."
902,KVI-FMCG-0014,0.95,match,The brand 'Fanta' matches exactly with the competitor's product. The model 'Orange' also matches perfectly. The size of 1.25L matches with the competitor's size of 1.25L. All identifiers are consistent with no discrepancies.
1852,,0.0,no_match,"The competitor product 'DIY craft glue gun mini' does not have a matching brand, model, size, or unit with any of the master KVI candidates."
1185,KVI-FMCG-0112,0.95,match,"The competitor product 'Vixol Toilet Cleaner 450ml' matches the master product 'Vixol Toilet Cleaner 450ml' in brand 'Vixol', exact model naming, size quantity of 450ml, and metric unit 'ml'. All key identifiers align perfectly."
562,KVI-FMCG-0055,1.0,match,"The competitor product 'Pringles Sour Cream 147g' matches exactly with the master KVI candidate 'Pringles Sour Cream 147g' in terms of brand ('Pringles'), model ('Sour Cream'), pack size (147g), and unit (g). No discrepancies found."
1493,KVI-FMCG-0110,0.99,match,"The competitor product 'Dettol Antibacterial Liquid 500ml Save 20฿' matches exactly with the master KVI candidate 'Dettol Antibacterial Liquid 500ml'. All identifiers (brand: Dettol, model: Original), size/quantity (500ml), and unit (ml) are consistent."
1068,KVI-ELEC-0022,1.0,match,"The competitor product 'Duracell Plus Power AA 8pcs' matches exactly with the master list item with the same brand 'Duracell', model 'Plus', size '8pcs', and unit 'pcs'."
912,KVI-FMCG-0046,0.8649,match,"The competitor product 'Lay's Classic Salted 50g' matches the master item 'Lay's Classic Salted 50g' in brand, model, size (50g), and unit (g). Therefore, the items are identical."
1158,KVI-ELEC-0033,0.8254,match,"Both products include the brand 'Belkin', have the model as 'F3Y023', the size is exactly 2.0 meters, and the units match as 'm'."
853,KVI-ELEC-0017,1.0,match,"Comparing the details:
- Brand: Energizer (matched)
- Model: Max (matched)
- Size: AA (matched)
- Pack size: 8 (matched)
- Unit: pcs (matched)
The competitor product 'Energizer Max AA 8pcs' exactly matches with 'Energizer Max AA 8pcs' from the master list."
1623,KVI-ELEC-0026,0.96,match,"The competitor product matches the master list in all aspects: brand is 'Philips', model is 'Essential', size quantity is 3pcs, and the flavor/variant is 'Warm White'. Therefore, it is a true match."
1356,KVI-FMCG-0065,0.9344,match,"The competitor product 'WaiWai Original 60g' matches exactly with master item 'WaiWai Original 60g' in terms of brand ('WaiWai'), model ('Original'), size (60g), and unit (g)."
273,KVI-FMCG-0086,0.892,match,"The competitor product 'Sun. Shampoo Black Shine 180ML' matches with the master product 'Sunsilk Shampoo Black Shine 180ml'. The brand 'Sunsilk' is the same, the model 'Black' is identical, and both products have the same pack size of 180ml. Therefore, they are considered a match."
1805,,0.0,no_match,Filtered by local retrieval layer: Similarity score fell well below minimum structural threshold.
1252,KVI-ELEC-0019,0.8479,match,"The competitor product matches the standardized master list item based on the exact brand 'Energizer', model 'Max', size '4pcs', and physical unit 'pcs'."
1746,KVI-HARD-0004,0.8067,match,"The competitor product '3M Duct Tape Silver 50mm Save 20฿' matches the KVI master item '3M Duct Tape Silver 50mm'. The brand '3M' matches, the model is identified as 'Heavy', and the size is specified as 50mm which aligns with the KVI master entry."
990,KVI-ELEC-0009,0.9701,match,"The competitor product and the matched master KVI item have exactly the same product name, brand (Apple), size (1pcs), and unit (pcs). All identifiers match exactly."
471,KVI-FMCG-0032,0.9484,match,"The competitor product 'Sprinkle Drinking Water 600ml' matches exactly with the master KVI item 'Sprinkle Drinking Water 600ml'. Both items have the same brand 'Sprinkle', model 'Water', pack size of 600ml, and unit 'ml'."
1903,,0.0,no_match,Filtered by local retrieval layer: Similarity score fell well below minimum structural threshold.
1794,,0.0,no_match,Filtered by local retrieval layer: Similarity score fell well below minimum structural threshold.
274,KVI-FMCG-0035,0.95,match,"The competitor product matches the brand 'Nestle', model 'Pure Life', size '600ml', and unit 'ml' exactly. There are no discrepancies in flavor or variant; therefore, it is a valid match."
1484,KVI-ELEC-0021,0.9538,match,"The competitor product 'Duracell Plus Power AA 4pcs' matches the master list item 'Duracell Plus Power AA 4pcs' in brand, model, pack size (4pcs), and unit (pcs). All identifiers match exactly."
1322,KVI-FMCG-0023,0.9406,match,"The raw title 'Heineken Lager 620ml' matches exactly with the product name 'Heineken Lager 620ml' from the master list. The brand 'Heineken' is identical, the model is specified as 'Original' which is consistent across the board. The size quantity is 620ml which matches perfectly with the master entry's packSize and unit."
1901,,0.0,no_match,"The competitor product 'Cute cat ear hairband' does not match any item from the canonical master list based on brand identifiers, model names, and product type. The available master candidates are electronic devices and home cleaning products, which are not related to the competitor's hair accessory."
991,KVI-HARD-0001,0.9695,match,The competitor product '3M Scotch Magic Tape 19mm Limited' matches with the master item '3M Scotch Magic Tape 19mm' based on the following comparisons: Brand - both are '3M'; Model - both are 'Magic'; Size - both are 19mm; Unit - both are 'mm'. All identifiers match exactly.
667,KVI-ELEC-0024,0.8656,match,"The competitor product matches the brand 'Panasonic', model 'Eneloop', pack size '4pcs', and the unit 'pcs' exactly with the master list entry KVI-ELEC-0024."
1846,,0.0,no_match,"The competitor product description specifies a 'phone case', while the KVI candidates are all unrelated electronics products (Samsung Galaxy Buds and SanDisk SD cards). No brand, model, or category matches."
949,KVI-ELEC-0014,0.8749,match,"The competitor product 'Blkin Surge Protector 6-Outlet 1pcs SET 6 ขวด' has been cleaned to 'Blkin Surge Protector 6-Outlet 1pcs'. The master KVI candidate 'Belkin Surge Protector 6-Outlet 1pcs' has the same product name, brand 'Belkin' matches, and both have the same pack size of 1 pcs. The only discrepancy is a potential typographical error in the brand name (Blkin vs. Belkin), but the essence of the product matches."
1411,KVI-ELEC-0023,0.8541,match,"The competitor product 'Panasonic Eneloop AA 2pcs Free Delivery' matches the master KVI candidate 'Panasonic Eneloop AA 2pcs' in brand ('Panasonic'), model ('Eneloop'), size quantity (2 pieces), and unit ('pcs')."
1485,KVI-FMCG-0088,1.0,match,"The competitor product 'Sunsilk Shampoo Black Shine 480ml' matches exactly with the master KVI candidate. The brand 'Sunsilk' is the same, the model 'Black' is identical, and both the size (480ml) and unit (ml) match perfectly."
1109,KVI-ELEC-0028,1.0,match,"The product matches exactly in terms of brand (SanDisk), model (Ultra), size (64GB), quantity (1pcs), and units (pcs)."
313,KVI-FMCG-0049,0.8664,match,"The competitor product 'Lay's Sour Cream Onion 28g' matches the master list item 'Lay's Sour Cream Onion 28g' exactly in brand, model, size (28g), and unit (g)."
1508,KVI-FMCG-0105,0.9586,match,"The competitor product 'Comfort Fabric Softener Pink 3.2L' exactly matches the master KVI entry with 'standardizedItemId' KVI-FMCG-0105. Both the brand 'Comfort', model 'Pink', size '3.2L', and unit 'L' are identical."
109,KVI-HARD-0019,0.7597,match,"The competitor product 'WD-40 Multi-Use Spray 191g' matches exactly with the master list item 'WD-40 Multi-Use Spray 191g'. Both products have the same brand 'WD-40', model 'Original', pack size of 191g, and unit 'g'."
456,KVI-FMCG-0092,0.9,match,"The competitor product is 'Colgate Too. Total 75g', which matches the master KVI candidate 'Colgate Toothpaste Total 75g' in terms of brand ('Colgate'), model ('Total'), and size (75g). The physical metric units match (g). No discrepancy in flavor or variant, hence a true match is confirmed."
64,KVI-FMCG-0022,0.95,match,"The competitor product 'Heineken Lager 500ml ใหม่!' matches the master list entry for 'Heineken Lager 500ml' in terms of brand ('Heineken'), model ('Original'), and size (500ml). The content and size align with the canonical entry, confirming a match."
1657,KVI-FMCG-0038,0.9696,match,"The competitor product 'M-150 Energy Drink 250ml' perfectly matches the master KVI candidate with the ID 'KVI-FMCG-0038'. Both the product name, brand, model, size, and units are identical. The comparison confirms an exact match."
865,KVI-FMCG-0094,0.99,match,"The competitor product 'คอลเกต Colgate Toothpaste Tot. 150g' matches exactly with the master product 'Colgate Toothpaste Total 150g'. Both have the same brand 'Colgate', model 'Total', size of '150g', and unit 'g'. Thus confirmed as a match."
1652,KVI-HARD-0044,0.95,match,"Brand matches 'Bosch', product name and model match 'Bosch Drill Bit Set 10pcs', pack size matches '10' pieces, and unit matches 'pcs'. Therefore, this is a confirmed match."
1584,KVI-FMCG-0034,0.8249,match,"The competitor product 'Nestle Pure Life Water 330ml' matches exactly with the master KVI candidate 'Nestle Pure Life Water 330ml' in terms of brand, model, size, and units. Brand is 'Nestle', model is 'Pure Life', size is '330ml', which are all identical."
694,KVI-FMCG-0054,0.95,match,"The competitor product 'Pringles Sour Crem 110g' matches with the KVI item 'Pringles Sour Cream 110g'. Both items have the same brand 'Pringles', the same model 'Sour Cream', the same size of 110 grams, and the same unit 'g'. All identifiers are exactly matching, confirming a true match."
1945,,0.0,no_match,"The competitor product 'Cute cat ear hairband' does not match any items from the master list. The master list contains electronic items and hardline products which are completely different from hair accessories, therefore there is no match."
327,KVI-FMCG-0083,0.95,match,"The competitor product 'Pantene Shampoo Smooth Silky 300ml' matches exactly with the master KVI item 'Pantene Shampoo Smooth Silky 300ml' by brand 'Pantene', model 'Smooth', size 300ml, and unit 'ml'."
380,KVI-FMCG-0031,0.869,match,"The competitor product 'Sprinkle Drinking Water 330ml BIG SALE' matches exactly with the master item 'Sprinkle Drinking Water 330ml'. Both have the brand 'Sprinkle', model 'Water', size of 330ml, and the same type of product. No differences in flavor, size, or variant were noted."
1762,,0.0,no_match,"The competitor product 'Random unbranded keychain 5pcs' does not match any items from the master list based on brand, model, and product type. There are no similarities with the listed 'Anker' or 'Kingston' products which are electronics, while the competitor product is a non-branded keychain."
1735,KVI-FMCG-0042,1.0,match,"The competitor product 'Lipton Lemon Tea 450ml' matches the master KVI candidate 'Lipton Lemon Tea 450ml'. Both have the same brand 'Lipton', model 'Lemon', and pack size of 450ml. No discrepancies in flavor, size, or variant."
1046,KVI-FMCG-0067,0.8816,match,"The competitor product 'Yum Yum Chicken Noodle 60g' matches the master item 'Yum Yum Chicken Noodle 60g' in brand ('Yum Yum'), model ('Chicken'), size (60g), and unit ('g'). Possible match found."
1279,KVI-HARD-0027,0.8619,no_match,"The competitor entry specifies '1pcs' but matches with 'Rubber Gloves Yellow 1pcs' from the master list under a different brand (Scotch-Brite). The brand identifiers do not match: competitor product does not specify brand, while master candidate is 'Scotch-Brite'. Therefore, it is categorized as no_match."
613,KVI-FMCG-0008,0.857,match,"The competitor product 'Pepsi Cola 1.45L' matches exactly with the master KVI candidate 'Pepsi Cola 1.45L' based on brand 'Pepsi', model 'Original', size 1.45L, and unit 'L'."
1389,KVI-HARD-0018,0.74,no_match,"The competitor product is 'Super Glue Loc. Original 5g GIFT SET', but it is identified as 'Super Glue Loctite Original 5g'. While the brand 'Loctite' and size '5g' match, the mention of 'GIFT SET' indicates it may have included additional items or packaging not specified in the KVI master list. Thus, it cannot be considered an exact match."
1753,KVI-FMCG-0017,0.99,match,"The competitor product 'Singha Beer 630ml' matches exactly with our canonical master item 'Singha Beer 630ml' in terms of brand 'Singha', size (630ml), and product variant (Lager). The model names and sizes are identical, confirming a true match."
563,KVI-FMCG-0090,1.0,match,"The competitor product 'โดฟ Dove Body Wash Original 500ml' matches exactly with the master product 'Dove Body Wash Original 500ml'. Both have the same brand 'Dove', model 'Original', size '500ml' and identical physical metric units 'ml'. No variations in flavor, size, or product type were found."
1402,KVI-FMCG-0008,0.8573,match,"The competitor product 'Pepsi Cola 1.45L' matches exactly with the master list item 'Pepsi Cola 1.45L' in terms of brand (Pepsi), model (Original), size (1.45L), and unit (L)."
1911,,0.0,no_match,Filtered by local retrieval layer: Similarity score fell well below minimum structural threshold.
1736,KVI-HARD-0035,0.9236,match,"The brand 'Baygon' matches the competitor product. The product name 'Baygon Mosquito Coil 10pcs' matches exactly with the cleaned title. The pack size of '10pcs' matches the master list entry with a pack size of '10.0' and unit 'pcs', confirming a complete match."
1943,,0.0,no_match,"The competitor product is a 'Plastic flower pot 6 inch' which does not match any of the KVI candidates in terms of brand, model, or product type. The available KVI candidates are watering cans and a sponge, which are different products. Therefore, it is confirmed that there is no match."
1436,,0.0,no_match,Brand 'Sta' does not match 'Stanley'; the model is absent in competitor title; and the competitor product may refer to a different variant.
1955,,0.0,no_match,"The product 'Generic phone case clear silicone' does not match any items from the canonical master list based on product category, brand, and model identifiers."
904,KVI-FMCG-0114,0.95,match,"The competitor product 'Vixol Toilet Cleaner 900ml GIFT SET' matches with the master list item 'Vixol Toilet Cleaner 900ml'. The brands 'Vixol' are the same, the model is implicitly the same as there's no other model specified, and the pack size is exactly 900ml, which confirms a exact metric unit match."
603,KVI-FMCG-0089,0.9,match,"The competitor product 'โดฟ Dove Body Wash Original 200ml Hot Deal' matches exactly with the master KVI candidate 'Dove Body Wash Original 200ml'. Both have the same brand 'Dove', model 'Original', and size '200ml'."
1565,KVI-FMCG-0060,0.8004,match,"The competitor product 'MAMA Tom Yum Goong 55g' matches exactly with the master product 'MAMA Tom Yum Goong 55g', including brand 'MAMA', model 'Tom Yum', size '55g', and unit 'g'."
1101,KVI-ELEC-0026,0.96,match,"The competitor product description matches exactly with the master item in terms of brand (Philips), model (Essential), size (9W), flavor (Warm White), quantity (3pcs), and unit (pcs)."
1807,,0.0,no_match,"The competitor product is an 'iPhone 8 64GB unlocked', while the available KVI candidates all pertain to memory storage products (SanDisk and Kingston) which do not match in brand, model, size, or type."
1583,KVI-FMCG-0063,0.846,match,"The competitor product 'MAMA Pork Flavor 55g' matches with the master candidate 'MAMA Pork Flavor 55g' with an exact brand 'MAMA', model 'Pork', size '55g', and unit 'g'."
1443,KVI-FMCG-0041,0.9124,match,"Both the brand (Lipton) and model (Lemon) are identical, and the pack size is 250ml, which matches the competitor product specification."
316,KVI-FMCG-0049,0.9,match,"The competitor product 'Lay's Sour Cream Onion 28g' matches exactly with the master KVI entry 'Lay's Sour Cream Onion 28g'. Both brand 'Lay's', model 'Sour Cream', and size '28g' are identical."
1382,KVI-FMCG-0088,0.9463,match,"The competitor product 'Sunsilk Shmpoo Black Shine 480ml' matches exactly with master item 'Sunsilk Shampoo Black Shine 480ml' in terms of brand (Sunsilk), model (Black), size (480ml), and units (ml). The only difference is a slight typo in 'Shmpoo' vs 'Shampoo', which does not affect the match."
920,KVI-FMCG-0027,0.9,match,"The competitor product 'Singha Dri. Water 6L' matches exactly with the master KVI product 'Singha Drinking Water 6L' in terms of brand ('Singha'), model ('Water'), size quantity (6L), and unit (L). There are no discrepancies in flavor or variant."
1596,KVI-ELEC-0017,0.95,match,"Raw and cleaned title match confirms brand, model, and pack size. Both specify 'Energizer', 'Max', and 'AA 8pcs'. No discrepancies found in flavor, size, or variant."
196,KVI-ELEC-0017,0.8616,match,"The competitor product 'Energizer Mx AA 8pcs' matches exactly with the master list entry 'Energizer Max AA 8pcs'. The brand 'Energizer' is identical, the model name 'Max' matches perfectly, and both products have the same size of 8 pcs, ensuring consistency in quantity and physical metric units."
1392,KVI-HARD-0012,0.9199,match,"The competitor product 'Magic Mop Spin 360 1pcs' matches exactly with the KVI candidate 'Magic Mop Spin 360 1pcs' in terms of brand (Magic), model (Spin360), size quantity (1.0), and unit (pcs). No variations in flavor or size are present, confirming a true match."
1635,KVI-HARD-0006,0.8474,match,"The competitor product 'Stanley Screwdriver Set 6pcs' matches the master candidate in brand 'Stanley', product name 'Stanley Screwdriver Set 6pcs', quantity '6pcs' and physical unit 'pcs' exactly, confirming it as a match."
1882,,0.0,no_match,"The competitor product 'USED iPhone 8 64GB unlocked' does not match any of the available KVI candidates in terms of brand, model, and product type. The competitors product is a smartphone while the KVI candidates are all storage devices (SD cards), which are distinctly different products."
1187,KVI-FMCG-0099,1.0,match,"The competitor product 'นีเวีย Nivea Body Lotion Whitening 400ml' matches exactly with the master KVI candidate 'Nivea Body Lotion Whitening 400ml' in terms of brand (Nivea), model (Whitening), and pack size (400ml). The physical metric unit is also the same (ml)."
1537,KVI-ELEC-0039,0.8782,match,"The competitor product 'Sumsung Samsung Galaxy Buds 2 1pcs' matches the master list item 'Samsung Galaxy Buds 2 1pcs'. The brand 'Samsung' is identical, the model 'Buds2' corresponds to 'Samsung Galaxy Buds 2', the pack size is 1.0 and the unit is 'pcs', which match exactly."
228,KVI-FMCG-0051,0.95,match,"The competitor product 'Lay's Sour Cream Onion 75g' matches exactly with the master entry for 'Lay's Sour Cream Onion 75g' in terms of brand ('Lay's'), model ('Sour Cream'), size quantity (75g), and physical metric units (g)."
1005,KVI-FMCG-0099,1.0,match,"The competitor product 'นีเวีย Nive Body Lotion Whitening 400ML BIG SALE' matches with the master product 'Nivea Body Lotion Whitening 400ml' as both are by the same brand 'Nivea', have the same model 'Whitening', and exactly match in size (400ml) and unit (ml). The only difference is the competitors title includes 'BIG SALE' and uses a different capitalization for 'ml' which does not affect the match."
297,KVI-FMCG-0105,1.0,match,"The competitor product 'คอมฟอร์ท Comfort Fabric Softener Pink 3.2L' matches with our master product 'Comfort Fabric Softener Pink 3.2L' in terms of brand 'Comfort', model 'Pink', size '3.2L', and unit 'L'. All identifiers match exactly."
513,KVI-FMCG-0076,0.95,match,"The competitor product 'Dutch Mill UHT Milk 180ml' exactly matches the master list item 'Dutch Mill UHT Milk 180ml' in terms of brand ('Dutch Mill'), model ('UHT'), size (180ml), and unit (ml). All identifiers align perfectly."
82,KVI-FMCG-0007,0.9,match,"The competitor product 'Pepsi Cola 500ML Free Delivery' matches the master entry 'Pepsi Cola 500ml'. Both products are from the brand Pepsi, have the same model 'Original', and both have the same pack size of 500ml. The only difference is the casing of the unit (ML vs ml), which is negligible. Therefore, this is a valid match."
503,KVI-FMCG-0100,0.95,match,"The product titles match exactly. The brand 'Tide' is consistent across both products. The size is 900g in both the competitor and the master list. No flavor, variant, or other discrepancies were found."
1890,,0.0,no_match,Filtered by local retrieval layer: Similarity score fell well below minimum structural threshold.
971,KVI-FMCG-0089,0.9707,match,"The competitor product 'Dove Body Wash Original 200ML' matches the master list item with ID 'KVI-FMCG-0089' because it has the same brand 'Dove', model 'Original', and size '200ML', which is equal to 200.0 ml."
219,KVI-FMCG-0005,0.9551,match,"The competitor product 'Coca-Cola Original Taste 2L' matches exactly with the KVI master item 'Coca-Cola Original Taste 2L' in terms of brand ('Coca-Cola'), size (2L), and none of the variables (flavor/variant) differ."
143,KVI-FMCG-0091,1.0,match,"The competitor product 'โดฟ Dove Body Wsh Original 1L' matches the master entry 'Dove Body Wash Original 1L' exactly in brand ('Dove'), model ('Original'), size (1L), and unit (L). There is no variance in flavor, size, or variant."
1714,KVI-FMCG-0037,0.9715,match,"The competitor product 'M-150 Energy Drink 150ml' matches exactly with the master candidate 'M-150 Energy Drink 150ml' in terms of brand 'M-150', model 'Original', size quantity of 150ml, and physical metric unit 'ml'. All identifiers confirm this is a true match."
1921,,0.0,no_match,Filtered by local retrieval layer: Similarity score fell well below minimum structural threshold.
829,KVI-ELEC-0025,0.963,match,"The competitor product 'Philips LED Bulb 9W Warm White 1pcs' exactly matches the master KVI product 'Philips LED Bulb 9W Warm White 1pcs' in brand (Philips), model (Essential), pack size (1.0 pcs), and unit (pcs). The comparison of all identifying attributes confirms a direct match."
1641,KVI-FMCG-0019,1.0,match,"The competitor product 'ช้าง Chang Beer 490ml BIG SALE' matches exactly with the master KVI candidate 'Chang Beer 490ml'. The brand 'Chang', model 'Classic', size '490ml', and units 'ml' are identical."
198,KVI-ELEC-0018,0.95,match,"The competitor product 'Energizer Max AAA 2pcs' matches exactly with the KVI candidate 'Energizer Max AAA 2pcs'. Both have the same brand 'Energizer', model 'Max', size of 2 pieces, and are listed in 'pcs' as the unit."
381,KVI-HARD-0014,0.9384,match,"The competitor product 'Glad Trash Bag Black 30 Gallon 30pcs' matches exactly with the master item in terms of brand (Glad), model (Strong), size (30 Gallon), and quantity (30 pcs). All identifiers are consistent."
34,KVI-ELEC-0006,0.83,match,"The competitor product 'Ankr PowerLine USB-C 1.8m' matches exactly with 'Anker PowerLine USB-C 1.8m' in terms of brand (Anker), model (A8187), size (1.8m), and unit (m)."
473,KVI-FMCG-0070,1.0,match,"The competitor product 'Foremost Fresh Milk 450ml' matches exactly with the master KVI item 'Foremost Fresh Milk 450ml' in terms of brand 'Foremost', model 'Fresh', size '450ml', and unit 'ml'. No discrepancies in flavor, size, or variant."
751,KVI-FMCG-0095,1.0,match,"The competitor product 'Sensodyne Toothpaste Original 75g' matches exactly with the master KVI product with ID 'KVI-FMCG-0095'. The brand 'Sensodyne', model 'Original', and pack size '75g' are all identical."
1824,,0.0,no_match,"The competitor product is a 'Random unbranded keychain 5pcs' which has different attributes compared to all listed master KVI candidates. There is no matching brand, model, or relevant product match in terms of category, size, or type."
11,KVI-HARD-0006,0.6995,match,"The competitor product 'Stanley Scr, Set 6pcs GIFT SET' matches the master item 'Stanley Screwdriver Set 6pcs' in brand (Stanley), model (STMT60630), size (6pcs), and thus is confirmed as a match."
1981,,0.0,no_match,"The competitor product is a Yoga mat with specifications that do not match any of the items in the master KVI candidates, which are all microfiber cloths or duct tape. Therefore, this entry is not a match."
880,KVI-ELEC-0003,0.9,match,"The competitor's product is identified as 'Apple USB-C to Lightning 1m' which matches the KVI master list item with standardizedItemId 'KVI-ELEC-0003'. The brand 'Apple' is consistent, the model and product descriptions also confirm a direct match. The pack size is 1.0m, which aligns with the canonical dimensions."
1080,KVI-HARD-0019,0.95,match,"The competitor product 'WD-40 Multi-Use Spray 191g' matches exactly with KVI master entry 'WD-40 Multi-Use Spray 191g' with brand 'WD-40', model 'Original', size '191g', and unit 'g'. No discrepancies found."
89,KVI-FMCG-0057,0.9436,match,"The competitor product 'Tasto Potato Chips 75g' matches the master list item 'Tasto Potato Chips 75g' in terms of brand (Tasto), model (Salted), size (75g), and unit (g). All key identifiers align perfectly, confirming a strong match."
1223,KVI-ELEC-0019,0.9314,match,"The competitor product 'Energizer Max AAA 4pcs' matches exactly in brand 'Energizer', model 'Max', and pack size '4pcs'."
341,KVI-ELEC-0021,0.7948,match,"The competitor product 'Duracell Plus Pow. AA 4pcs' matches with the master entry 'Duracell Plus Power AA 4pcs' in brand 'Duracell', model 'Plus', pack size of '4.0' pcs, and the unit 'pcs'. All identifiers match exactly without any discrepancies."
1667,KVI-HARD-0007,0.9426,match,"The competitor product 'Bosch Drill GSB 550 1pcs' matches exactly with the master KVI candidate 'Bosch Drill GSB 550 1pcs' in terms of brand ('Bosch'), model ('GSB550'), size ('1pcs'), and unit ('pcs'). All identifiers align perfectly."
1014,KVI-HARD-0034,0.9535,match,"The competitor product 'Glade Air Freshener Lavender 400ml' matches exactly with the master product 'Glade Air Freshener Lavender 400ml'. All identifiers including brand (Glade), model (Lavender), size (400ml) are consistent."
1691,KVI-ELEC-0038,0.8646,no_match,Brand 'Rzer' does not exactly match master brand 'Razer'. The product represents a different spelling (typo) of the brand name.
1444,KVI-HARD-0008,0.957,match,"The competitor product 'Scotch-Brite Sponge Multi-Purpose 3pcs' matches exactly with the master product 'Scotch-Brite Sponge Multi-Purpose 3pcs' in brand, model, size, and quantity. All identifiers including brand 'Scotch-Brite', size '3pcs', and model 'Heavy' are consistent."
621,KVI-FMCG-0093,1.0,match,"The competitor product 'คอลเกต Colgate Toothpaste Total 100g' matches the master product 'Colgate Toothpaste Total 100g' exactly by brand (Colgate), model (Total), size quantity (100g), and physical metric units (g). No discrepancies found in flavor, size, variant or any unlisted products."
1377,KVI-HARD-0039,0.8486,match,"The competitor product matches the master list item with the same brand 'Karcher', the product name 'Garden Hose 15m', a pack size of 15.0 meters, and the same unit 'm'."
1364,KVI-FMCG-0048,1.0,match,"The competitor product 'Lay's Classic Salted 160g' exactly matches the master KVI candidate in brand 'Lay's', model 'Classic', size '160g' and unit 'g'. Thus a confirmed match is found."
1709,KVI-HARD-0026,0.8996,match,"The competitor product matches the master product in brand (Scotch-Brite), exact product name (Dish Sponge 6pcs), size quantity (6), and unit (pcs). No variation in flavor or other descriptors was noted."
1639,KVI-FMCG-0039,0.98,match,"The competitor product 'Redbull Red Bull Energy Drink 150ml' matches exactly with the master item 'Red Bull Energy Drink 150ml' in terms of brand ('Red Bull'), model ('Classic'), size quantity (150.0), and metric units ('ml')."
973,KVI-HARD-0001,0.95,match,"The competitor product '3M Scotch Magic Tape 19mm ใหม่!' exactly matches the master item '3M Scotch Magic Tape 19mm' in brand, model, and size (19mm), confirming it is an exact variant of the listed product."
395,KVI-FMCG-0044,0.9,match,"The competitor product 'Nescafe Original 240ml ใหม่!' matches with the master product 'Nescafe Original 240ml' by the same brand 'Nescafe', the same model 'Original', and identical size of '240ml'. No differences in flavor or variant are noted."
169,KVI-ELEC-0022,1.0,match,"Both the competitor product and the master KVI candidate have the same brand (Duracell), model (Plus), size (8), and unit (pcs). The product name matches exactly: 'Duracell Plus Power AA 8pcs', confirming they are the same product."
811,KVI-FMCG-0084,1.0,match,"The competitor product title 'Pantene Shampoo Smooth Silky 480ml' matches exactly with the master KVI candidate 'Pantene Shampoo Smooth Silky 480ml'. Brand, model, size, and unit all correspond identically with the master list."
1980,,0.0,no_match,"The competitor product is a plastic flower pot with a size of 6 inches, while none of the master KVI candidates are flower pots or match the specified size, brand, and type."
762,KVI-FMCG-0018,0.875,match,"The competitor product 'Chng Beer 320ml' matches a master KVI candidate 'Chang Beer 320ml' in brand ('Chang'), size (320ml), and the product name is effectively identical (considering 'Chng' is a typos of 'Chang'). Thus, confirmed a match based on careful comparison."
191,KVI-FMCG-0031,0.8106,match,"The competitor product 'Sprinkle Dri. Water 330ml' matches with our canonical master list item 'Sprinkle Drinking Water 330ml' as both share the same brand 'Sprinkle', model 'Water', size '330ml', and unit 'ml'. The slight difference in the title does not affect the match as they refer to the same product."
493,KVI-HARD-0026,0.849,match,"The competitor product 'Scotch-Brit Dish Sponge 6pcs' matches exactly with master item 'Scotch-Brite Dish Sponge 6pcs' in brand (Scotch-Brite), pack size (6 pcs), and product name."
578,KVI-FMCG-0026,0.95,match,"The competitor product 'Singha Drinking Water 1,5L' matches perfectly with the master list entry 'Singha Drinking Water 1.5L'. Both have the brand 'Singha', model 'Water', and size '1.5L', with the correct unit of measurement. The slight difference in the use of a comma versus a period for the decimal point is not significant in this context."
1680,KVI-FMCG-0066,0.95,match,"The competitor product 'WaiWai Ori. 90g' exactly matches our master list item 'WaiWai Original 90g' in brand (WaiWai), model (Original), size (90g) and units (g). The description does not indicate a different flavor or variant."
1248,KVI-FMCG-0080,0.9229,match,"The competitor product 'Anchor Butter Salted 227g' matches exactly with the master product 'Anchor Butter Salted 227g' in brand 'Anchor', model 'Salted', size '227g', and units 'g'."
862,KVI-FMCG-0115,0.8831,match,"The competitor product 'Magiclean Bathroom Spray 500' matches the master product 'Magiclean Bathroom Spray 500ml' in brand (Magiclean), model (Original), size (500ml), and unit (ml). The only difference is that the competitor product does not specify 'ml' but it can be inferred from the context."
585,KVI-ELEC-0013,0.95,match,"The brand 'Xiaomi' matches the competitor's raw title. The model is implicitly aligned as it is labeled Xiaomi Mi Power Bank 20000 with pack size of 1pc, which exactly matches the cleaned title and the master list product specifications."
645,KVI-FMCG-0057,0.9436,match,"The competitor product 'Tasto Potato Chips 75g' matches exactly with the master item 'Tasto Potato Chips 75g'. The brand 'Tasto', model 'Salted', size (75g) and units (g) all correspond precisely."
1895,,0.0,no_match,"The competitor product 'DIY craft glue gun mini' has no matching brand or model in the master list. The related items are all adhesives from the brand Loctite in different pack sizes (5g and 3g), which are non-comparable to a glue gun."
88,KVI-FMCG-0060,0.931,match,"The competitor product 'MAMA Tom Yum Goong 55g' matches with the master KVI candidate 'MAMA Tom Yum Goong 55g' based on identical brand 'MAMA', exact model 'Tom Yum', matching pack size of 55g, and the same unit of measure 'g'."
1593,KVI-FMCG-0082,1.0,match,Brand 'Pantene' matches; Model 'Smooth' matches; Size 170ML (170.0ml) matches with physical unit 'ml'.
616,KVI-FMCG-0045,0.7602,no_match,The competitor product 'Ly's Classic Salted 28g x12 PACK' has a different brand identifier ('Ly's' vs 'Lay's') and indicates a pack count (x12) not present in the master list item.
162,KVI-HARD-0020,1.0,match,"The competitor product 'WD-40 Multi-Use Spray 333g' matches the master list item 'WD-40 Multi-Use Spray 333g' in brand (WD-40), model (Original), size (333g), and unit (g). There are no discrepancies in flavor, size, or product variants."
155,KVI-ELEC-0012,0.9099,match,"The competitor product 'Anker PowerCore 10000 1pcs' matches exactly with the master KVI entry 'Anker PowerCore 10000 1pcs' on brand (Anker), model (A1263), size quantity (1.0), and physical metric unit (pcs)."
440,KVI-ELEC-0005,0.85,match,"The competitor product 'Ankr PowerLine USB-C 0.9m' matches the master candidate 'Anker PowerLine USB-C 0.9m' in brand ('Anker'), model ('A8187'), size (0.9m), and units (m) exactly. The only difference is a misspelling in the brand name (Ankr vs Anker), but it is likely a typographical error."
348,KVI-ELEC-0001,0.8152,match,"The competitor product 'Apple Lig. USB Cable 1m' matches the master entry 'Apple Lightning USB Cable 1m' with exact brand 'Apple', model 'MD818', size '1.0 m', and unit 'm' indicating it is a true match."
1909,,0.0,no_match,"The competitor product 'Plastic flower pot 6 inch' does not match any items in the master KVI list, which contains watering cans and a dish sponge. Key attributes such as brand, model, and category do not align."
899,KVI-FMCG-0021,0.9,match,"The competitor product 'Heineken 330ml' matches the master list item 'Heineken Lager 330ml' in brand (Heineken), size (330ml), and unit (ml). The model is considered a variant of the original product."
1335,KVI-HARD-0029,0.9654,match,"The competitor product 'Clorox Disinfecting Wipes 35pcs' matches exactly with the master list item 'Clorox Disinfecting Wipes 35pcs'. Both have the same brand 'Clorox', the same pack size of 35pcs, and the units are consistent (pcs). The model is implicitly provided by the context."
430,KVI-FMCG-0042,1.0,match,"The competitor product 'Lipton Lemon Tea 450ml' matches precisely with the master KVI candidate 'Lipton Lemon Tea 450ml'. Both the brand 'Lipton', the model 'Lemon', the pack size of '450ml', and the unit 'ml' correspond exactly."
1295,KVI-FMCG-0052,0.6405,match,"Brand 'Pringles' matches, model 'Original' matches, size '110g' matches, and unit 'g' matches exactly."
998,KVI-FMCG-0099,0.95,match,"The competitor product is 'Nivea Body Lotion Whi' with a size of 400ML, which matches the master KVI candidate 'Nivea Body Lotion Whitening 400ml' in brand name, model ('Whitening'), size (400ml), and unit (ml). Therefore, a true match is confirmed."
1731,KVI-FMCG-0005,0.9551,match,"The competitor product 'Coca-Cola Original Taste 2L' exactly matches the master entry for 'Coca-Cola Original Taste 2L' in terms of brand, size (2L), and unit (L). There are no discrepancies in flavor, size, or variant."
782,KVI-ELEC-0039,0.9,match,"The competitor product 'Smsung Galaxy Buds 2 1pcs x12 PACK' matches the master entry 'Samsung Galaxy Buds 2 1pcs' in brand (Samsung), model (Buds2), size (1pcs), and unit (pcs). The discrepancy in the pack size descriptor (x12) indicates a packaging difference rather than a variant difference."
732,KVI-ELEC-0014,0.8198,match,"The competitor product 'Belkin Surge Protector 6-O. 1pcs GIFT SET' matches the master list item 'Belkin Surge Protector 6-Outlet 1pcs'. Both have the same brand 'Belkin', similar model designation (with '6-O.' referring to '6-Outlet'), the size quantity is identical (1 pcs), and the unit of measure is also consistent (pcs). The only difference is the additional wording 'GIFT SET', which does not change the product type."
879,KVI-ELEC-0028,0.8442,match,"The competitor product 'SanDisk Ult. SD 64GB 1pcs x12 PACK' matches with the KVI master item 'SanDisk Ultra SD 64GB 1pcs'. The brand 'SanDisk' matches with the competitor, and both products have the same storage capacity of 64GB. The pack size is 1 piece ('1pcs'), as the competitor's title suggests it's a pack of 12, indicating multiple units but still fall under the correct product category."
1012,KVI-HARD-0022,0.8838,match,"Both the competitor product and the master KVI candidate share the same brand 'IKEA' and model 'SAMLA', with an exact match in size quantity (11L) and physical metric unit (L). The product name differs slightly due to the word 'Cler' vs 'Clear', but this is likely a typographical error in the competitor title."
560,KVI-ELEC-0039,0.8063,match,"The competitor product 'Samsung Galaxy Buds 2 1pcs' matches exactly with the master list item in terms of brand (Samsung), model (Buds2), size quantity (1), and unit (pcs). Both products are identified as the same item."
1809,,0.0,no_match,"The competitor product 'Cooking apron floral pattern' does not match any item from the master list as it describes a different category (apron vs fabric softener) and there are no matching brand, model, or size specifications."
1501,KVI-ELEC-0015,0.8579,match,"The competitor product 'Energizer Max AA 2pcs' matches exactly with the master entry 'Energizer Max AA 2pcs' in terms of brand ('Energizer'), model ('Max'), pack size (2.0 pcs), and product description."
1031,KVI-ELEC-0038,0.946,match,"Both the brand (Razer) and product name (Razer BlackWidow Keyboard 1pcs) match exactly. The model from the master list (BW-V3) aligns with the competitor's product context, and the pack size (1pcs) aligns perfectly in terms of quantity and unit."
1774,,0.0,no_match,"The competitor product is a phone case, while the KVI candidates are all electronic accessories (earbuds and SD cards), which do not match in brand, category, or product type."
279,KVI-FMCG-0075,0.8879,match,"The competitor product 'Meiji Fresh Milk 830ml x12 PACK' matches the master product 'Meiji Fresh Milk 830ml' in brand 'Meiji', model 'Fresh', size quantity of 830ml, and physical unit 'ml'. The pack size matches as it can be inferred that 'x12 PACK' refers to 12 units of a 830ml item."
1421,KVI-ELEC-0033,0.8,match,"The competitor product 'Belkin HDMI Cable 2m x12 PACK' matches the master KVI candidate in brand (Belkin), model, and size (2m). The term 'x12 PACK' implies a pack of 12, but the fundamental product (HDMI Cable 2m) is an exact match. Thus, confirming a match."
1070,KVI-FMCG-0067,0.8816,match,"The competitor product 'Yum Yum Chicken Noodle 60g' matches exactly with the master list item 'Yum Yum Chicken Noodle 60g' based on brand (Yum Yum), model (Chicken), size (60g), and unit (g). All identifiers are consistent."
1037,KVI-HARD-0030,0.8628,match,"The competitor product 'Clo. Disinfecting Wipes 75pcs' matches the master product 'Clorox Disinfecting Wipes 75pcs' based on brand 'Clorox', model 'Original', size of 75 pcs, and the same unit metric 'pcs'. There are no discrepancies in flavor, size, or variant."
892,KVI-ELEC-0038,0.95,match,"The competitor product matches exactly with the master list entry for the Razer BlackWidow Keyboard. Brand 'Razer', model contains 'BW', size is '1pcs', and unit is 'pcs' all match as per the requirements."
965,KVI-FMCG-0047,0.9357,match,"The competitor product 'Lays Lay's Classic Salted 75g' matches exactly with the master item 'Lay's Classic Salted 75g' in brand, model, and size (75g)."
58,KVI-FMCG-0036,0.939,match,"The competitor product 'Nestle Pure Life Water 1.5L' matches the master item 'Nestle Pure Life Water 1.5L' in terms of brand ('Nestle'), model ('Pure Life'), size (1.5L), and unit (L) exactly."
555,KVI-ELEC-0016,0.95,match,"The competitor product 'Energizer Max AA 4pcs' matches exactly with master KVI product 'Energizer Max AA 4pcs'. Both brands are the same (Energizer), model names match (Max), size quantities are identical (4 pcs), and the physical metric units match (pcs)."
234,KVI-FMCG-0041,0.95,match,"The competitor product title 'ลิตรipton Lemon Tea 250ml' matches the master product 'Lipton Lemon Tea 250ml' in brand 'Lipton', model 'Lemon', size '250ml' and physical metrics 'ml'. All identifiers match exactly."
1906,,0.0,no_match,"The competitor product 'Yoga mat 6mm thick blue' does not match any item from our KVI master list in terms of brand, model, size, or product category. The available master candidates are all microfiber cloths and completely differ from a 'Yoga mat'."
1773,,0.0,no_match,"The competitor product 'USED iPhone 8 64GB unlocked' does not match any master items in brand, model, or category. The available master candidates are all storage devices (SanDisk and Kingston) and do not relate to any smartphones."
164,KVI-ELEC-0022,1.0,match,"The competitor product 'Duracell Plus Power AA 8pcs' matches exactly with the master product 'Duracell Plus Power AA 8pcs' in terms of brand (Duracell), model (Plus), size quantity (8), and unit (pcs). Therefore, it's a true match."
1166,KVI-FMCG-0054,0.99,match,"The competitor product entry matches the master KVI candidate on all points: the brand 'Pringles', model 'Sour Cream', exact pack size of 110g, and matching unit 'g'. All identifiers are consistent."
193,KVI-FMCG-0085,0.9,match,"The competitor product 'Pantene Shampoo Smooth Silky 650ml GIFT SET' matches the master list item 'Pantene Shampoo Smooth Silky 650ml' exactly in terms of brand (Pantene), model (Smooth), and pack size (650ml). The description includes 'GIFT SET', but this does not change the core product details."
379,KVI-HARD-0027,0.9578,no_match,"The product from the competitor has a pack size of 1pcs, while the closest match in the master list (KVI-HARD-0027) has a pack size of 1.0, but the brand 'Scotch-Brite' and model 'Heavy' do not match with the competitor's brand and model, leading to a final decision of 'no_match' due to a strict brand requirement."
536,KVI-HARD-0034,0.95,match,"The competitor product 'Glade Air Freshener ลิตรavender 400ml' matches exactly with the master product 'Glade Air Freshener Lavender 400ml' in terms of brand (Glade), model (Lavender), and size (400ml) without any discrepancies in units or flavor."
1822,,0.0,no_match,"The competitor product is a plastic flower pot with a size of 6 inches, whereas the available master KVI candidates are watering cans (5L and 10L) and sponges (6pcs). None of the candidates match the brand, model, product type, or size/variant of the competitor product."
1135,KVI-HARD-0042,1.0,match,"Brand: Generic, Model: Plastic, Size: 10L exactly matches both in name and specifications."
244,KVI-FMCG-0113,0.9,match,"The competitor product 'Vixol Toi. Cleaner 700ml' matches the master KVI candidate 'Vixol Toilet Cleaner 700ml' exactly in terms of brand (Vixol), model (Original), size (700ml), and unit (ml). Therefore, a match is confirmed."
749,KVI-FMCG-0046,1.0,match,"The competitor product 'เลย์ Lay's Classic Salted 50g' exactly matches the master KVI candidate 'Lay's Classic Salted 50g' in brand (Lay's), model (Classic), size quantity (50g), and unit (g). No inconsistencies or variations in flavor, size, or variant were found."
1978,,0.0,no_match,"The competitor product is a 'DIY craft glue gun mini', which does not match any of the master list entries that are glue products from Loctite or Bosch. No matching brand, model, or size is identified."
709,KVI-FMCG-0030,0.99,match,"The competitor product 'Crystal Drinking Water 1.5L' matches the master list entry 'Crystal Drinking Water 1.5L' in brand, model, size (1.5L), and unit (L). Therefore, it is a true match."
1859,,0.0,no_match,"The competitor product (USED iPhone 8 64GB unlocked) does not match any items in the master list as it is an electronic device (smartphone) whereas the master list contains SD cards. The brand, model, and product type differ entirely."
4,KVI-HARD-0009,0.8117,match,"The competitor product 'Scotch-Brite Sponge Multi-Purpose 5pcs' matches exactly with the master item 'Scotch-Brite Sponge Multi-Purpose 5pcs' in terms of brand (Scotch-Brite), model (Heavy), pack size (5pcs), and unit (pcs). The similarity score indicates a strong match."
541,KVI-HARD-0023,0.9483,match,"The competitor product title 'IKEA SAMLA Box Clear 22L' matches exactly with the master KVI candidate 'IKEA SAMLA Box Clear 22L'. The brand, model, size (22L), and units (L) are all identical."
913,KVI-HARD-0021,0.9688,match,"The competitor product 'Tupperware Modular Mate 1.7L PACK 12' matches the master KVI product 'Tupperware Modular Mate 1.7L'. Both have the same brand (Tupperware), model (Square), size (1.7L), and unit (L). Therefore, it is confirmed as a match."
1317,KVI-FMCG-0006,0.95,match,"The competitor product 'เป๊ปซี่ Pepsi Cola 325ml' matches the master KVI product 'Pepsi Cola 325ml' in brand ('Pepsi'), model ('Original'), size (325ml), and unit (ml) exactly."
658,KVI-HARD-0003,0.8779,match,"The competitor product '3M Duct Tape Silver 48mm BIG SALE' matches the master list entry '3M Duct Tape Silver 48mm'. Both have the same brand '3M', model 'Heavy', and pack size '48mm', matching all critical identifiers."
1800,,0.0,no_match,"The competitor product is a phone case while all candidates are electronic accessories (buds and SD cards). There is no matching brand, model, or product category."
789,KVI-FMCG-0042,0.9195,match,"The competitor product 'Lipton Lemon Tea 450ml' matches exactly with the standardized item in our master list, which is also 'Lipton Lemon Tea 450ml'. The brand 'Lipton', model 'Lemon', size '450ml', and units 'ml' all correspond perfectly."
1413,KVI-ELEC-0002,0.95,match,"The competitor product 'Apple Lightning USB Cable 2m' has the same brand 'Apple', the model is the same as the master list 'MD818', and the size is 2.0 m, which matches the master list product. No discrepancies in flavor or variant exist."
1154,KVI-FMCG-0031,0.83,match,"Both the brand (Sprinkle) and product name (Sprinkle Drinking Water) match exactly. The pack size is 330ml, which matches the competitor product's description of 330ml. No discrepancies in flavor or variant were found."
856,KVI-FMCG-0003,0.9,match,"The competitor product 'Coca-Cola Ori. Taste 1.25L x12 PACK' exactly matches the master product 'Coca-Cola Original Taste 1.25L' in terms of brand ('Coca-Cola'), model ('Classic'), size (1.25L), and packaging (12 pack). All the identifiers correspond correctly."
909,KVI-HARD-0012,0.9199,match,"The competitor product 'Magic Mop Spin 360 1pcs' matches with the master KVI candidate 'Magic Mop Spin 360 1pcs' on brand 'Magic', model 'Spin360', size quantity '1', and unit 'pcs'."
693,KVI-FMCG-0050,0.9186,match,"The competitor product 'Lays Lay's Sour Cream Onion 50g PROMO -10%' is a perfect match with master list product 'Lay's Sour Cream Onion 50g'. Brand identifiers, model names, size quantities (50g), and physical metric units (g) all match exactly."
1597,KVI-HARD-0042,0.9546,match,"The competitor product 'Watering Can Plastic 10L' matches the master list product 'Watering Can Plastic 10L' in brand 'Generic', model 'Plastic', pack size '10.0' L, and unit 'L'."
1345,KVI-ELEC-0010,0.9,match,"The competitor product 'Sumsung Samsung 25W Fast Charger 1pcs' matches the master record 'Samsung 25W Fast Charger 1pcs' in brand ('Samsung'), model ('EP-TA800'), size quantity (1), and physical metric units ('pcs'). The only difference is a spelling error in 'Sumsung', which is assumed to be a typographical error."
135,KVI-HARD-0019,0.848,match,"The competitor product 'WD-40 Multi-Use Spray 191g BIG SALE' matches exactly with the master entry 'WD-40 Multi-Use Spray 191g'. Both have the same brand 'WD-40', product name, model name, size (191g), and unit (g) with no differences in flavor, variant or listing."
1902,,0.0,no_match,"The competitor product 'Plastic flower pot 6 inch' does not match any item from the master list, which consists of watering cans and dish sponges with different brands, models, sizes, and categories."
755,KVI-ELEC-0005,0.95,match,"The brand 'Anker' matches exactly. The model 'A8187' is the same across both products. The size '0.9m' is identical in both the competitor entry and the canonical master list. Therefore, this item is a direct match."
481,KVI-ELEC-0004,0.95,match,"The competitor product matches the master KVI candidate with the same brand (Apple), model (MX0K2), product name (Apple USB-C to Lightning 2m), size (2m), and unit (m). The only difference is the price context which does not affect the matching criteria."
282,KVI-ELEC-0039,0.8063,match,"The competitor product 'Samsung Galaxy Buds 2 1pcs' matches exactly with the master item 'Samsung Galaxy Buds 2 1pcs' in terms of brand (Samsung), model (Buds2), size (1pcs), and unit (pcs). Thus, a true match is confirmed."
910,KVI-FMCG-0067,0.8816,match,"The competitor product 'Yum Yum Chicken Noodle 60g' matches exactly with the master product 'Yum Yum Chicken Noodle 60g' in terms of brand 'Yum Yum', model 'Chicken', size '60g', and units 'g'."
696,KVI-FMCG-0094,1.0,match,"The competitor product 'Colgate Toothpaste Total 150g' matches exactly with the master list item 'Colgate Toothpaste Total 150g'. Both items have the same brand 'Colgate', model 'Total', pack size '150g', and unit 'g'."
1689,KVI-HARD-0004,0.96,no_match,"The competitor product is '3M Duct Tape Silver 50mm', which matches the product name and brand but has a different model name (master KVI has model 'Heavy'). Additionally, the pack size matches the dimensions (50mm). However, the model discrepancy means this is not a strict match."
1873,,0.0,no_match,"The competitor product is a phone case, while the master KVI candidates are all electronic items (Samsung Galaxy Buds 2 and SanDisk Ultra SD cards). There are no matching brand identifiers, model names, size quantities, or physical metric units."
340,KVI-FMCG-0023,0.9,match,"The competitor product is identified as 'Heineken Lager 620ml'. The brand matches (Heineken), the size matches (620ml), and although the original title has a different format ('Heinekn Heineken ลิตรager 620ml ใหม่!'), the essential elements such as the brand and size are consistent with the master list entry."
103,KVI-HARD-0044,0.88,match,"The competitor product is a Bosch Drill Bit Set that contains 10 pieces, which matches the product name, brand, and pack size (10pcs) of the KVI candidate. There is a complete match in product specifications."
1081,KVI-HARD-0009,0.9036,match,"The competitor product 'Scotch-Brite Sponge Multi-Purpose 5pcs BUNDLE' matches with the master item 'Scotch-Brite Sponge Multi-Purpose 5pcs'. They share the same brand 'Scotch-Brite', size '5pcs', and are categorized as multi-purpose sponges. No discrepancies in flavor, size, variant, or product listing."
323,KVI-ELEC-0035,0.9176,match,"The competitor product 'Apple MagSafe Charger 1pcs' matches exactly with the master entry 'Apple MagSafe Charger 1pcs' in terms of brand (Apple), model (MHXH3), size (1), and unit (pcs)."
1562,KVI-FMCG-0095,0.9642,match,"The competitor product 'Sensodyne Toothpaste Original 75g' matches the master list item 'Sensodyne Toothpaste Original 75g' exactly in brand (Sensodyne), model (Original), size (75g). There are no differences in flavor, size, or variant."
1395,KVI-ELEC-0015,0.85,match,"The competitor product 'Energizer Max AA 2pcs' has a matching brand 'Energizer', model 'Max', pack size of 2.0 pcs, and both sizes/units are identical. No discrepancies in flavor or variants were found."
94,KVI-ELEC-0034,0.849,match,"The product details verify that both the competitor product and the master list entry share the same brand (Anker), model (HDMI Cable), exact size (1.8m), and units (meters). Therefore, it is confirmed as a match."
1425,KVI-FMCG-0054,0.95,match,"The competitor product 'Pringles Sour Cream 110g' exactly matches the master item in brand ('Pringles'), model ('Sour Cream'), size quantity (110g), and physical metric units (g)."
756,KVI-FMCG-0092,0.8,match,"The competitor product 'คอลเกต Colgate Toothpaste Total 75g SET 6 ขวด' matches the master product 'Colgate Toothpaste Total 75g'. The brand 'Colgate' is the same, the model 'Total' matches, and both products have the same size of 75g."
1682,KVI-ELEC-0006,0.95,match,"The competitor product 'Ankr PowerLine USB-C 1.8m' matches the master record 'Anker PowerLine USB-C 1.8m' in terms of brand ('Anker'), model ('A8187'), and physical dimensions (size of 1.8m). All identifiers match exactly, confirming a true match."
355,KVI-ELEC-0010,0.8,match,"The brand 'Samsung' in the competitor product matches the brand 'Samsung' in the master product. The model 'EP-TA800' is a defined model for Samsung's 25W charger. The pack size of '1.0 pcs' matches the description of '1pcs' in the competitor entry. Therefore, all identifiers correspond directly, confirming a match."
619,KVI-HARD-0034,0.8654,match,"The competitor product 'Glade Air Freshener Lavender 400ml x12 PACK' matches with the master KVI item 'Glade Air Freshener Lavender 400ml' based on identical brand 'Glade', model 'Lavender', size of 400ml, and unit of 'ml'. The pack quantity of 12 doesn't affect the product match as the key attributes match perfectly."
825,KVI-FMCG-0033,0.9,match,"The competitor product is 'Sprinkle Dri. Water 1.5L'. It matches the master product 'Sprinkle Drinking Water 1.5L' in brand, model, size, and unit. Both products are 1.5 liters of drinking water from the brand 'Sprinkle'. The only difference is the term 'Dri' in the competitor title does not affect the identification of the product. Therefore, the items are considered a match."
137,KVI-ELEC-0037,0.9609,match,The product name 'Logitech Wireless Mouse 1pcs' matches exactly with the cleaned title. The brand 'Logitech' and the model 'M331' from the master list correspond with the competitor's entry. The pack size of 1.0 and the unit 'pcs' also match perfectly.
685,KVI-FMCG-0080,0.922,match,"The competitor product 'Anchor Butter Salted 227g' exactly matches the master KVI candidate 'Anchor Butter Salted 227g' on brand, model, size (227g), and unit (g)."
1216,KVI-ELEC-0017,1.0,match,"The cleaned title matches the product name exactly. The brand 'Energizer', model 'Max', and pack size of 8 pcs are all consistent with our master list entry, confirming it is the same product."
1231,KVI-FMCG-0022,0.95,match,"The competitor product 'Heineken Lager 500ml Free Delivery' matches exactly with the master KVI candidate for 'Heineken Lager 500ml', including brand 'Heineken', model 'Original', size 500ml, and units 'ml'."
1432,KVI-FMCG-0001,0.95,match,"The competitor product 'Coca-Cola Original Taste 330ML Free Delivery' is an exact match with the master list entry 'Coca-Cola Original Taste 330ml' in terms of brand ('Coca-Cola'), model ('Classic'), pack size (330.0 ml), and the unit (ml). Both the flavor and specifications are consistent."
1610,KVI-ELEC-0003,0.95,match,"The competitor product title 'Appl USB-C to Lightning 1m ใหม่!' exactly matches the brand 'Apple' and the product name 'Apple USB-C to Lightning 1m'. The size is 1m with unit 'm', which is consistent with the master KVI candidate's pack size and unit. There are no discrepancies in flavor, size, or variant, confirming a true match."
175,KVI-FMCG-0046,0.9357,match,"The competitor product 'Lays Lay's Classic Salted 50g' matches exactly with the master product 'Lay's Classic Salted 50g'. Both have the same brand 'Lay's', model 'Classic', and size '50g'."
1671,KVI-FMCG-0096,0.9669,match,"The competitor product 'Sensodyne Toothpaste Original 100g' matches exactly with the master KVI product 'Sensodyne Toothpaste Original 100g' in terms of brand (Sensodyne), model (Original), size (100g), and unit (g). All identifiers are confirmed to be identical."
641,KVI-FMCG-0086,0.971,match,"The product matches exactly in brand (Sunsilk), model (Black), size (180), and unit (ml) as present in the canonical master list."
1908,,0.0,no_match,"The competitor product is a 'DIY craft glue gun mini', whereas the master candidates are all glue products of a different type and brand. No matching brand, model, or product type. Hence, they do not match."
359,KVI-HARD-0009,0.96,match,"The competitor product 'Scotch-Brite Sponge Multi-Purpose 5pcs' matches the entry from the master list with the exact brand 'Scotch-Brite', model 'Heavy', size quantity of 5 pcs, and the same product name."
1007,KVI-ELEC-0029,1.0,match,"The competitor product 'SanDisk Ultra SD 128GB 1pcs' matches exactly with the master KVI candidate 'SanDisk Ultra SD 128GB 1pcs' based on brand (SanDisk), model (Ultra), size (128GB), quantity (1), and unit (pcs). All descriptors are identical."
1591,KVI-FMCG-0105,0.9065,match,"The competitor product 'Comfort Fbric Softener Pink 3.2L' matches exactly with the master product 'Comfort Fabric Softener Pink 3.2L' in terms of brand 'Comfort', model 'Pink', size '3.2L', and unit 'L'."
954,KVI-ELEC-0022,1.0,match,"The competitor product ""Duracell Plus Power AA 8pcs"" matches exactly with the master KVI product ""Duracell Plus Power AA 8pcs"", including brand ""Duracell"", model ""Plus"", size quantity of 8 pcs, and unit ""pcs""."
267,KVI-ELEC-0021,0.8708,match,"The competitor product 'Duracell Plus Power AA 4pcs BIG SALE' matches the master entry 'Duracell Plus Power AA 4pcs' in terms of brand ('Duracell'), model ('Plus'), pack size (4 pcs), and unit (pcs). Although the raw title included 'BIG SALE', it does not alter the core product attributes which correspond exactly to the master list."
1283,KVI-ELEC-0040,0.9148,match,"The competitor product 'Xiomi Redmi AirDots 3 1pcs' exactly matches the master product 'Xiaomi Redmi AirDots 3 1pcs' in brand ('Xiaomi'), model ('RD3'), size quantity (1), and unit ('pcs')."
995,KVI-HARD-0012,0.875,match,"The competitor product 'Magic Mop Spin 360 1pcs' matches the master KVI entry 'Magic Mop Spin 360 1pcs' based on identical brand ('Magic'), model ('Spin360'), size (1 pcs), and unit ('pcs'). No discrepancies in flavor or variant are noted."
678,KVI-FMCG-0091,0.95,match,"The competitor product 'โดฟ Dove Body Wash Original 1L' matches the KVI master list item 'Dove Body Wash Original 1L' in brand ('Dove'), model ('Original'), size (1L), and unit ('L'). All identifiers match exactly."
786,KVI-HARD-0037,0.99,match,"The competitor product 'Baygon Insect Spray Multi 600' matches the master list item 'Baygon Insect Spray Multi 600ml' in brand ('Baygon'), model ('Multi'), and size ('600' matches '600ml'). The units are equivalent (600 ml is equal to 600). Therefore, this is a match."
1645,KVI-HARD-0005,0.8094,match,"The competitor product 'Stanley Hammer Claw 16oz 1pcs' matches exactly with the master item 'Stanley Hammer Claw 16oz 1pcs'. The brand 'Stanley', model (not directly compared but inferred as matching based on product name), size '16oz', quantity '1pcs', and unit 'pcs' also correspond perfectly."
657,KVI-HARD-0034,0.9,match,"1. The competitor product is 'Glade Air Fre. Lavender 400ml' and the master KVI candidate is 'Glade Air Freshener Lavender 400ml'. The brand 'Glade' and model 'Lavender' match exactly. 
2. The pack size of the competitor product is 400ml, which matches the KVI candidate pack size of 400ml. 
3. All identifiers correspond with the cleaning needed for a perfect match leading to a final decision of 'match'."
1686,KVI-HARD-0008,0.7765,match,"Brand 'Scotch-Brite' matches; product name 'Sco. Sponge Multi-Purpose 3pcs' matches 'Scotch-Brite Sponge Multi-Purpose 3pcs'; pack size 3pcs matches; therefore, this is a match."
1923,,0.0,no_match,"The competitor product 'USED iPhone 8 64GB unlocked' does not match any item from the master list, which includes different products (SanDisk and Kingston storage devices). There is no similarity in brand, model, or product type."
582,KVI-HARD-0038,0.84,match,"The competitor product 'Karcher Garden Hose 10m GIFT SET' matches with the master list entry 'Karcher Garden Hose 10m' in brand (Karcher), size (10m), and product name (Garden Hose). The addition of 'GIFT SET' is not contradictory to the product description."
1306,KVI-ELEC-0029,0.9045,match,"The competitor product 'SanDisk Ultra SD 128. 1pcs' matches the master KVI candidate 'SanDisk Ultra SD 128GB 1pcs' in brand, model, size (128 vs 128GB), quantity (1pcs vs 1pcs), and unit (pcs vs pcs). The only difference is '128' versus '128GB', but the essential components match, thus confirming a match."
441,KVI-HARD-0021,1.0,match,"The competitor product 'Tupperware Modular Mate 1.7L' matches the master list entry 'Tupperware Modular Mate 1.7L'. The brand is the same ('Tupperware'), the model is confirmed as 'Square', the size is exactly 1.7L, and the unit is 'L'."
1841,,0.0,no_match,"The competitor product is a 'Cooking apron floral pattern' which has no brand, model, or size information that matches with any of the master list products. All master candidates are fabric softeners or dish sponges, which are unrelated to cooking aprons."
1592,KVI-FMCG-0105,0.8963,match,"The competitor product 'Comfort Fabric Softener Pink 3.2L x12 PACK' matches the master product 'Comfort Fabric Softener Pink 3.2L' based on brand 'Comfort', exact model 'Pink', and pack size of '3.2L'. Both items are identical in brand and size despite the competitor indicating a pack quantity of 12."
492,KVI-FMCG-0057,0.7781,match,Brand (Tasto) matches; Model (Salted) matches; Size (75g) matches; Units (g) match.
189,KVI-FMCG-0074,0.881,match,"The competitor product 'เมจิ Meiji Fresh Milk 450ml' matches the master KVI candidate 'Meiji Fresh Milk 450ml' in terms of brand (Meiji), model (Fresh), size (450ml), and unit (ml). All identifiers are consistent."
1842,,0.0,no_match,"The competitor product is a 'USED iPhone 8 64GB unlocked', which is a mobile phone, while the master KVI candidates are all storage devices (SD cards) with different brands and models. There is no brand identifier, model name, size quantity or physical metric unit that matches the competitor product, confirming a mismatch."
44,KVI-ELEC-0009,1.0,match,"The competitor product 'Apple 20W USB-C Power Adapter 1pcs' matches exactly with the master KVI candidate 'Apple 20W USB-C Power Adapter 1pcs' regarding brand (Apple), model (MHJE3), size (1pcs), and unit (pcs), confirming it as a true match."
987,KVI-HARD-0038,0.9697,match,"The product from the competitor has the same brand ('Karcher'), model ('Standard'), size (10m), and unit (m) which matches the master KVI candidate."
690,KVI-FMCG-0007,0.8455,match,"The competitor product 'Pepsi Cola 500ML' exactly matches the master KVI candidate 'Pepsi Cola 500ml' in terms of brand (Pepsi), size (500ml), and unit (ml). The differences in case (ML vs. ml) do not affect the match. Both entries refer to the original flavor."
291,KVI-ELEC-0003,0.9,match,"The competitor product 'App. USB-C to Lightning 1m ใหม่!' matches with the master KVI candidate 'Apple USB-C to Lightning 1m' based on exact brand (Apple), model (MX0K2), size (1m), and units (m). The similarity score indicates a strong match."
1977,,0.0,no_match,"The competitor product 'Plastic flower pot 6 inch' does not match any item from the master list. The available master candidates list products that are different categories (watering cans and a dish sponge) and do not match the description, brand, size, or any relevant details with the competitor's item."
1543,KVI-FMCG-0011,0.8747,match,"The competitor product 'Spr. Lemon-Lime 1.25L' matches the master KVI candidate for 'Sprite Lemon-Lime 1.25L' in brand (Sprite), model (Classic), size (1.25L), and unit (L). The description does not mention any variant or flavor differences."
30,KVI-ELEC-0026,0.96,match,"The competitor product 'Philips LED Bulb 9W Warm White 3pcs' matches the master KVI entry 'Philips LED Bulb 9W Warm White 3pcs' in terms of brand 'Philips', model 'Essential', size quantity of '3', and unit 'pcs'. No differences are found."
1961,,0.0,no_match,"The competitor product 'Random unbranded keychain 5pcs' does not match any of the items in the master list as it has a different brand ('unbranded') and product type ('keychain') than products from the master list which are all electronics. Their packs sizes also differ (5pcs vs 1pcs). Thus, it is considered a no match."
1598,KVI-FMCG-0075,0.95,match,"The competitor product 'เมจิ Meiji Fresh Milk 830ml' exactly matches the master KVI candidate 'Meiji Fresh Milk 830ml' in brand ('Meiji'), model ('Fresh'), size quantity ('830ml'), and physical metric units ('ml'). No discrepancies found."
1011,KVI-FMCG-0098,0.963,match,"The cleaned title matches the product name from the master KVI candidate. The brand is 'Nivea', model is 'Whitening', pack size is 200ml, and the unit is 'ml'. All attributes of the competitor product entry match the details of the KVI candidate."
438,KVI-FMCG-0013,0.9637,match,"The competitor product 'Fanta Orange 325ml SET 6 ขวด' matches exactly with the master list item 'Fanta Orange 325ml' in terms of brand (Fanta), model (Orange), pack size (325.0 ml), and unit (ml). The only additional information is the mention of 'SET 6 ขวด', which does not alter the essential product details."
1203,KVI-ELEC-0008,0.8742,match,"The competitor product 'Anker USB-C 20W Charger 1pcs' matches exactly with the master product in brand 'Anker', product name 'Anker USB-C 20W Charger 1pcs', model 'A2633', size 1pcs, and unit 'pcs'."
1452,KVI-FMCG-0070,0.95,match,"The competitor product 'โฟร์โมสต์ Foremost Fresh Milk 450.' matches exactly with the master product in brand (Foremost), model (Fresh), size (450 ml), and unit (ml). No discrepancies in size, flavor, or variant were found."
7,KVI-FMCG-0003,0.95,match,"The competitor product 'Coca-Cola Original Taste 1.25L' matches the master KVI candidate 'Coca-Cola Original Taste 1.25L' in brand (Coca-Cola), size (1.25L), and flavor (Original Taste) exactly."
428,KVI-FMCG-0016,0.89,match,"The competitor product 'Singha Beer 490' matches the master KVI candidate 'Singha Beer 490ml' in brand (Singha), model (Lager), and quantity (490ml). The description is exact regarding the beer type and packaging size."
1748,KVI-FMCG-0057,0.8156,match,"The competitor product 'Tasto Pot. Chips 75g' matches the master product 'Tasto Potato Chips 75g' on brand (Tasto), model (Salted), and pack size (75g). All identifiers including brand and size are in agreement, therefore a match is confirmed."
1741,KVI-FMCG-0021,0.95,match,"The competitor product specifies 'Heineken' as the brand. The cleaned title confirms it as 'Heineken Lager 330ml', matching in brand and size. Both sizes are '330ml' and the unit is correct. The model is consistent as 'Original' (though not explicitly mentioned in the competitor's product, as it's a common identifier for Heineken) establishing a strong match."
662,KVI-FMCG-0087,1.0,match,"Both competitor and master product entries have the same brand 'Sunsilk', model 'Black Shine', pack size '320ml', and units; thus, they match exactly."
319,KVI-FMCG-0067,0.8416,match,"The competitor product 'Yum Yum Chicken Noodle 60g' matches the master list item 'Yum Yum Chicken Noodle 60g' based on exact brand, model, size (60g), and unit (g). The additional context in the competitor's title (BUY1GET1!!!) does not affect the match."
374,KVI-HARD-0043,0.8712,match,"Competitor product 'บ๊อช Bosch Drill Bit Set 5pcs' matches the master KVI candidate 'Bosch Drill Bit Set 5pcs' with exact brand 'Bosch', model 'PRO', size '5pcs'. All identifiers match without discrepancies."
972,KVI-FMCG-0054,0.7416,match,"The competitor product 'Pringles Sour Cream 110g SUPER SAVE' matches with master product 'Pringles Sour Cream 110g'. Both have the same brand 'Pringles', model 'Sour Cream', size 110g, and unit 'g', confirming a true match."
1017,KVI-ELEC-0011,1.0,match,"The competitor product 'เสี่ยวมี่ Xiaomi 33W Charger 1pcs !!!' exactly matches the master product 'Xiaomi 33W Charger 1pcs' in terms of brand 'Xiaomi', model 'MDY-11-EX', size quantity (1.0), and unit (pcs). The description and identifiers are consistent, thus confirming a match."
405,KVI-HARD-0027,0.9578,match,"The competitor product 'Rubber Gloves Yellow 1pcs PROMOTION' matches exactly with the master KVI product 'Rubber Gloves Yellow 1pcs' based on product name, brand (Scotch-Brite), model (Heavy), pack size (1.0), and unit (pcs). The description and specifications align perfectly."
1658,KVI-FMCG-0047,1.0,match,"The competitor product 'Lay's Classic Salted 75g' matches exactly with the master KVI candidate 'Lay's Classic Salted 75g'. The brand 'Lay's', model 'Classic', size '75g', and unit 'g' all match perfectly."
1957,,0.0,no_match,"The competitor product is an iPhone 8 with 64GB storage, which does not match any of the available master KVI candidates that are all memory storage devices (SD cards) with different brands and models."
181,KVI-ELEC-0026,0.8869,match,"The competitor product 'Philips LED Bulb 9W Warm White 3pcs BIG SALE' matches the master list entry 'Philips LED Bulb 9W Warm White 3pcs' in terms of brand (Philips), model (Essential), pack size (3pcs), and unit (pcs). The only difference is the additional text 'BIG SALE' which does not affect the match."
981,KVI-HARD-0029,0.95,match,"The competitor product 'Clorox Disinfecting Wip. 35pcs' matches the master item 'Clorox Disinfecting Wipes 35pcs' in brand (Clorox), model (Original), size (35 pcs), and unit (pcs). All identifiers are consistent."
583,KVI-FMCG-0020,0.8249,match,"The competitor product 'Chang Beer 620ml SET 6 ขวด' matches exactly with the master item 'Chang Beer 620ml'. Both have the same brand 'Chang', model 'Classic' and size '620ml'. No differences in flavor, variant or unlisted product."
1856,,0.0,no_match,"The competitor product 'Cute cat ear hairband' is not related to any items from the master KVI candidates, which primarily include electronics and cleaning products. No brand, model, or size matches."
1287,KVI-ELEC-0040,0.8484,match,"The competitor product 'เสี่ยวมี่ Xiaomi Redmi AirDots 3 1pcs' matches the master product 'Xiaomi Redmi AirDots 3 1pcs' exactly in brand 'Xiaomi', model 'RD3' (implied to be same model), size quantity of '1' and unit 'pcs'."
429,KVI-HARD-0036,0.8617,no_match,"The brand is slightly different; 'Bygon' vs 'Baygon'. The rest of the attributes match, but brand mismatch results in a 'no_match' decision."
295,KVI-HARD-0022,0.9517,match,"The product matches in brand (IKEA), model (SAMLA), size (11L), and unit (L) without any discrepancies."
666,KVI-FMCG-0044,0.9326,match,"The competitor product 'Nescafe Original 240ml' matches exactly with the master item 'Nescafe Original 240ml' in terms of brand ('Nescafe'), model ('Original'), size (240ml), and unit (ml)."
159,KVI-ELEC-0029,0.954,match,"The competitor product 'SanDisk Ultra SD 128GB 1pcs' exactly matches the master KVI product 'SanDisk Ultra SD 128GB 1pcs' in terms of brand ('SanDisk'), model ('Ultra'), size (128GB), pack size (1.0), and unit ('pcs'). All identifiers are consistent."
735,KVI-HARD-0033,0.86,match,"The competitor product 'Glade Air Freshener Lavender 250ml' exactly matches the master product 'Glade Air Freshener Lavender 250ml' in brand ('Glade'), model ('Lavender'), size quantity (250ml), and unit (ml). No discrepancies in flavor, size, or variant."
765,KVI-HARD-0010,0.9708,match,"The product '3M Microfiber Cloth Yellow 2pcs' matches exactly with the master list entry in terms of brand '3M', model 'Microfiber', size '2pcs', and physical units 'pcs'."
558,KVI-FMCG-0078,0.9333,match,"The competitor product 'Dutch Mill UHT Milk 1L SET 6 ขวด' matches the master list entry 'Dutch Mill UHT Milk 1L'. Both products have the same brand 'Dutch Mill', model 'UHT', and size of 1L. The only difference is that the competitor's product is a set of 6 bottles, but it refers to the same base product."
98,KVI-FMCG-0024,0.95,match,"The competitor product 'Singha Drinking Water 330' exactly matches the master KVI candidate 'Singha Drinking Water 330ml' in terms of brand ('Singha'), model ('Water'), and size (330ml). The metric unit 'ml' corresponds to the provided size. Therefore, a true match is confirmed."
1132,KVI-FMCG-0009,0.95,match,"The competitor product 'Pepsi Cola 1.5L BIG SALE' matches the KVI master product 'Pepsi Cola 1.5L' with exact brand 'Pepsi', model 'Original', size '1.5L', and unit 'L'. The extra 'BIG SALE' in the competitor title does not affect the matching criteria."
1157,KVI-HARD-0030,0.963,match,"Competitor product 'Clorox Disinfecting Wipes 75pcs' matches exactly in brand 'Clorox', model 'Original', and size '75pcs' (quantitative). The unit 'pcs' also matches."
890,KVI-FMCG-0079,0.9,match,"The competitor product 'Anchor Butter Salted 100g Hot Deal' matches the master item 'Anchor Butter Salted 100g'. The brand is 'Anchor', the model is 'Salted', and the size is exactly 100g, matching both the quantity and unit."
714,KVI-FMCG-0004,0.8934,match,"The competitor product 'Coc-Cola Original Taste 1.5L' is compared to the master KVI candidate 'Coca-Cola Original Taste 1.5L'. The brand identifiers match (Coca-Cola), the model aligns with the product's context, size quantity is identical (1.5L), and the unit is also the same (L). Although there is a spelling difference in the brand name ('Coc-Cola' vs 'Coca-Cola'), it is likely a typo and does not affect the product identification."
999,KVI-HARD-0009,0.7934,match,"The competitor product 'Sco. Sponge Multi-Purpose 5pcs' matches with the master KVI candidate 'Scotch-Brite Sponge Multi-Purpose 5pcs' in brand (Scotch-Brite), model (Heavy), size (5.0 pcs), and unit (pcs)."
1162,KVI-FMCG-0033,0.9499,match,"The competitor product 'Sprinkle Drinking Water 1.5L' matches the master item 'Sprinkle Drinking Water 1.5L' by the same brand 'Sprinkle', pack size '1.5' liters, and physical metric unit 'L'. All details are identical and there's no inconsistency in flavor, variant, or size."
952,KVI-ELEC-0001,0.7743,match,"The competitor product 'Apple Lightning USB Cable 1m x12 PACK' matches with the master product 'Apple Lightning USB Cable 1m' by brand ('Apple'), model ('MD818'), and size (1m). The only difference is the pack quantity (12 PACK). Thus, they are essentially the same product."
153,KVI-FMCG-0091,0.95,match,"The competitor product 'โดฟ Dove Body Wash Original 1L' matches exactly with the master item 'Dove Body Wash Original 1L'. Both share the same brand 'Dove', model 'Original', size (1L), and unit (L)."
286,KVI-FMCG-0068,1.0,match,"The competitor product 'Yum Yum Chicken Noodle 90g' exactly matches the master KVI entry for 'Yum Yum Chicken Noodle 90g'. Brand 'Yum Yum', model 'Chicken', size 90g and unit 'g' are consistent."
1552,KVI-HARD-0020,0.9538,match,"The competitor product 'WD-40 Multi-Use Spray 333g' matches exactly with the master list entry for 'WD-40 Multi-Use Spray 333g' in terms of brand ('WD-40'), model ('Original'), size (333g), and unit ('g')."
9,KVI-FMCG-0094,0.948,match,"The competitor product 'Colgate Toothpaste Total 150g SUPER SAVE' matches exactly with the standardized item 'Colgate Toothpaste Total 150g'. Both have the same brand 'Colgate', model 'Total', pack size of 150g, and unit 'g'. Hence, it is confirmed as a match."
1075,KVI-HARD-0011,0.8886,match,"The competitor product '3M Microfiber Cloth Yellow 4pcs GIFT SET' matches the master list entry '3M Microfiber Cloth Yellow 4pcs'. Both have the brand '3M', model 'Microfiber', pack size of 4, and unit 'pcs'. The titles are semantically identical."
869,KVI-ELEC-0014,0.8497,match,"Brand 'Belkin' matches, product name 'Surge Protector 6-Outlet 1pcs' matches exactly. Size quantity is 1pcs, and unit is 'pcs', which matches perfectly with the competitor's product entry."
1074,KVI-FMCG-0011,0.9349,match,"The competitor product 'Sprite Lemon-Lime 1.25L' matches exactly with the master KVI candidate 'Sprite Lemon-Lime 1.25L' in terms of brand ('Sprite'), model ('Classic'), pack size (1.25L), and units (L)."
1108,KVI-HARD-0011,0.9709,match,"The competitor product '3M Microfiber Cloth Yellow 4pcs SET 6 ขวด' matches the master product '3M Microfiber Cloth Yellow 4pcs' in brand (3M), model (Microfiber), pack size (4.0 pcs) and unit (pcs). The titles confirm the product is indeed the same item without any flavor, variant, or size discrepancy."
1704,KVI-FMCG-0091,0.9,match,"The competitor product 'Dove Body Wsh Original 1L BUNDLE' matches the master candidate 'Dove Body Wash Original 1L' in terms of brand (Dove), model (Original), size (1L), and unit (L) with no discrepancies found. The 'BUNDLE' designation does not alter the product's nature, confirming the match."
1405,KVI-FMCG-0089,0.85,match,"The competitor product 'Dove Body Wsh Original 200ml' matches the master KVI item 'Dove Body Wash Original 200ml' in brand ('Dove'), model ('Original'), size quantity (200ml), and physical metric unit (ml). The only difference is the spelling of 'Wash' vs 'Wsh', which is a minor discrepancy and does not affect the match."
1149,KVI-FMCG-0012,0.8234,match,"The competitor product 'Sprit Lemon-Lime 1.5L' matches the master list entry 'Sprite Lemon-Lime 1.5L' with exact brand ('Sprite'), model ('Classic'), and size (1.5L). The only discrepancy is a minor spelling difference in the brand name, but it is clearly identified as the same product."
1232,KVI-FMCG-0090,0.9736,match,"The competitor product 'Dove Body Wash Original 500ml' matches perfectly with the master entry 'Dove Body Wash Original 500ml'. The brand 'Dove', model 'Original', and size '500ml' with units matched exactly."
1316,KVI-FMCG-0058,0.9593,match,"The competitor product 'Bento Squid Snack 20g' matches the master KVI item 'Bento Squid Snack 20g' exactly in brand ('Bento'), model ('Squid'), size (20g), and unit (g). No discrepancies found."
1745,KVI-HARD-0010,0.9708,match,"The competitor's product '3M Microfiber Cloth Yellow 2pcs' matches the master entry in brand, model, size (2pcs), and unit (pcs) exactly, with a high similarity score."
1843,,0.0,no_match,"The competitor product 'Cooking apron floral pattern' does not match the category, brand, model, size, or unit of any items in the master list."
593,KVI-FMCG-0109,1.0,match,"The competitor product 'Detol Det. Antibacterial Liquid 250ml' matches the master product 'Dettol Antibacterial Liquid 250ml' with exact brand 'Dettol', model presence is inferred as 'Original', the size is exactly 250ml as specified, and the units are matching. No variations in flavor or unlisted attributes exist."
1970,,0.0,no_match,"The competitor product 'Yoga mat 6mm thick blue' does not match any of the candidate products, which are all microfiber cloths and duct tape, hence different products altogether."
1626,KVI-FMCG-0076,0.8153,match,"The competitor product 'ดัชมิลล์ Dutch Mill UHT Milk 180ml' matches the master product 'Dutch Mill UHT Milk 180ml' in brand ('Dutch Mill'), model ('UHT'), pack size (180ml), and unit (ml). No differences in flavor, size, or variant."
289,KVI-FMCG-0067,0.8,match,"The competitor product 'Yum Yum Chicken Noodle 60g' matches the master entry 'Yum Yum Chicken Noodle 60g' on brand 'Yum Yum', model 'Chicken', and pack size of 60g. The title and size are exact matches, and there are no variants mentioned."
1050,KVI-HARD-0023,0.9483,match,"The competitor product 'IKEA SAMLA Box Clear 22L' matches exactly with the KVI master product 'IKEA SAMLA Box Clear 22L'. Brand, model, size, and units are identical."
100,KVI-FMCG-0083,0.9538,match,"The competitor product 'Pantene Shampoo Smooth Silky 300ml' matches exactly with the master list item 'Pantene Shampoo Smooth Silky 300ml' in brand, model, size quantity (300ml), and unit (ml)."
1140,KVI-ELEC-0031,0.884,match,"The competitor product 'Apple AirPods Pro 2nd Gen 1pcs' matches the master KVI candidate in brand (Apple), model (A2698), size (1.0), and unit (pcs). Therefore, it is a confirmed match."
1431,KVI-FMCG-0073,1.0,match,"The competitor product 'Meiji Fresh Milk 200ml' exactly matches the master list item with the same brand 'Meiji', model 'Fresh', and pack size of 200ml."
116,KVI-ELEC-0015,0.95,match,"The competitor product 'Energizer Max AA 2pcs' matches the master list entry for 'Energizer Max AA 2pcs' based on identical brand ('Energizer'), model ('Max'), size ('2'), and unit ('pcs'). No discrepancies were found."
172,KVI-FMCG-0091,0.9,match,"The competitor product 'โดฟ Dove Body Wash Original 1L' matches the master list item 'Dove Body Wash Original 1L'. Both have the same brand 'Dove', model 'Original', size of 1L, and identical product names."
1276,KVI-FMCG-0089,1.0,match,"The competitor product 'Dove Body Wash Original 200ml' matches exactly with the master list item 'Dove Body Wash Original 200ml'. Both the brand 'Dove', model 'Original', size '200ml', and units 'ml' are identical. No discrepancies found."
1572,KVI-HARD-0015,0.8734,match,"The competitor product 'Ziploc Storage Bag Gallon 15pcs' matches exactly with the master product entry 'Ziploc Storage Bag Gallon 15pcs' in terms of brand (Ziploc), size (15pcs), and model (Storage), thus confirming a match."
1986,,0.0,no_match,"The competitor product 'Cute cat ear hairband' does not match any items in the master list. All potential matches are electronic devices or cleaning products and do not correlate with the competitor's brand, model, or category. There is no similarity in product type."
688,KVI-FMCG-0030,0.9,match,"The competitor product 'Crystal Drinking Wat, 1,5L' matches the master item 'Crystal Drinking Water 1.5L' in terms of brand ('Crystal'), model ('Water'), pack size (1.5L vs 1,5L), and unit (L). The only discrepancy is in the punctuation of the pack size, which does not affect the overall match."
970,KVI-FMCG-0031,0.8,match,"The competitor product 'Spr. Drinking Water 330ml' matches the master list item 'Sprinkle Drinking Water 330ml' in brand ('Sprinkle'), model ('Water'), size quantity (330ml), and unit (ml)."
1687,KVI-ELEC-0021,1.0,match,"Brand, model, size quantity, and unit all match exactly with the competitor product entry."
1781,,0.0,no_match,"The competitor product 'Random unbranded keychain 5pcs' does not match any item from the master list. The brands (Anker, Kingston) and products (keychain vs. electronic accessories) are different, and there are no matching sizes, quantities, or variants."
1513,KVI-HARD-0006,0.8072,match,"The competitor product is a Stanley Screwdriver Set containing 6 pieces, which matches the brand (Stanley), product name (Stanley Screwdriver Set 6pcs), model (STMT60630), pack size (6.0), and unit (pcs) of the master KVI candidate."
614,KVI-ELEC-0006,0.9022,match,"The competitor product 'Anker PowerLine USB-C 1.8m' matches the master list item 'Anker PowerLine USB-C 1.8m' in brand (Anker), model (A8187), size (1.8), and units (m) exactly."
1561,KVI-FMCG-0104,0.9055,match,"The competitor product 'Comfort Fbric Softener Pink 1.4L PACK 12' matches with the master product 'Comfort Fabric Softener Pink 1.4L'. Both the brand 'Comfort', model 'Pink', and size '1.4L' match exactly. Size and unit are verified to be the same."
722,KVI-ELEC-0028,0.879,match,"The competitor product 'SanDisk Ultra SD 64GB 1pcs Free Delivery' matches exactly with the master list item 'SanDisk Ultra SD 64GB 1pcs' in terms of brand ('SanDisk'), model ('Ultra'), size ('64GB'), packaging ('1pcs'), and unit ('pcs'). All identifiers are exactly aligned, confirming a true match."
1042,KVI-HARD-0034,0.95,match,"The competitor product 'Glade Air Freshener ลิตรavender 400ml' matches with the master product 'Glade Air Freshener Lavender 400ml' in all attributes: brand (Glade), model (Lavender), size (400ml), and unit (ml)."
1022,KVI-FMCG-0072,1.0,match,"The competitor product 'Foremost Fresh Milk 2L' exactly matches the master KVI item 'Foremost Fresh Milk 2L' in terms of brand ('Foremost'), model ('Fresh'), size quantity (2L), and physical metric units (L). Therefore, it is a confirmed match."
450,KVI-HARD-0011,0.9709,match,"The competitor product '3M Microfiber Cloth Yellow 4pcs' matches exactly with the master item '3M Microfiber Cloth Yellow 4pcs' in brand, model, size (4pcs), and unit (pcs). The similarity score indicates a high match certainty."
467,KVI-FMCG-0025,0.95,match,"The competitor product Raw Title 'สิงห์ Singha Drinking Water 600ml Limited!' matches the brand 'Singha', model 'Water', and size '600ml' exactly with the master list item. The pack size is 600.0 ml, and the units are also 'ml', which are consistent. No discrepancies in flavor or variant were identified."
283,KVI-HARD-0044,0.8815,match,"The competitor product 'บ๊อช Bosch Drill Bit Set 10pcs' matches exactly with master item 'Bosch Drill Bit Set 10pcs' in brand (Bosch), product name (Bosch Drill Bit Set 10pcs), quantity (10pcs), and unit (pcs)."
1044,KVI-FMCG-0026,0.99,match,The brand identifier 'Singha' matches; the model 'Water' is consistent; the size '1.5L' in the competitor product matches exactly with '1.5L' in the master list.
993,KVI-FMCG-0054,0.95,match,"The competitor product 'Pringles Sour Cre. 110g' matches the master KVI candidate 'Pringles Sour Cream 110g' in brand, model, size (110g), and unit (g). The similarity score is high, confirming a true match."
364,KVI-ELEC-0023,0.7665,match,"The competitor product 'Panasonic Eneloop AA 2pcs ใหม่!' matches the master item 'Panasonic Eneloop AA 2pcs' with identical brand (Panasonic), model (Eneloop), size (2 pcs), and units (pcs). The extra 'ใหม่!' in the title does not alter the product identification."
1609,KVI-FMCG-0083,0.95,match,"The competitor product 'Pantene Shampoo Smooth Silky 300ml' matches exactly with the master item 'Pantene Shampoo Smooth Silky 300ml' in brand, model, size (300ml), and unit (ml)."
1527,KVI-HARD-0028,0.9541,match,"The competitor product 'Rubber Gloves Yellow 2pcs' matches exactly with the master candidate 'Rubber Gloves Yellow 2pcs' from Scotch-Brite in terms of brand ('Scotch-Brite'), product name, model ('Heavy'), size quantity (2 pcs), and unit (pcs). All criteria are satisfied."
149,KVI-FMCG-0111,0.9429,match,"The competitor product 'Dettol Antibacterial Liquid 1.2L' matches exactly with the master KVI candidate 'Dettol Antibacterial Liquid 1.2L' in brand ('Dettol'), model ('Original'), size (1.2 L), and unit (L)."
1811,,0.0,no_match,"The competitor product is a phone case, but the available master KVI candidates are all unrelated electronic products (headphones and SD cards). No match in product type, brand, or description."
145,KVI-FMCG-0015,0.95,match,"The competitor product 'Singha Beer 320ml ใหม่!' matches exactly with the master product 'Singha Beer 320ml' in brand ('Singha'), size (320ml), and model ('Lager')."
1487,KVI-FMCG-0094,0.95,match,"The competitor product matches with the master KVI candidate 'Colgate Toothpaste Total 150g' in terms of brand (Colgate), model (Total), size quantity (150g), and physical metric units (grams). There is no mention of a flavor or variant in the competitor entry that would indicate a mismatch."
111,KVI-FMCG-0017,0.95,match,"The competitor product 'Singha Beer 630ML BIG SALE' matches with the master item 'Singha Beer 630ml' due to identical brand 'Singha', model 'Lager', and exact pack size of 630ml. The only difference is the inclusion of 'BIG SALE' in the title, which does not affect the match."
532,KVI-HARD-0014,0.8961,match,"The competitor product matches the master item in brand ('Glad'), model ('Strong'), size (30 Gallon), and unit (30 pcs). The product names are also identical. There are no discrepancies in flavor, size, or variants."
1694,KVI-HARD-0035,0.85,no_match,"The competitor product 'Bay. Mosquito Coil 10pcs' is from the brand Bay, but it is not an exact match with our master list because it refers to 'Baygon Mosquito Coil 10pcs', where the brand 'Bay' does not match 'Baygon'."
569,KVI-FMCG-0064,1.0,match,"The competitor product 'MAMA Pork Flavor 60g' matches exactly with the master entry 'MAMA Pork Flavor 60g' in terms of brand ('MAMA'), model ('Pork'), size (60g), and units (g). All identifiers align perfectly, confirming a match."
609,KVI-ELEC-0008,0.826,match,"The competitor product 'Anker USB. 20W Charger 1pcs' matches with the master entry 'Anker USB-C 20W Charger 1pcs' based on brand (Anker), model (A2633) similar to USB-C, size (1pcs), and unit (pcs)."
831,KVI-FMCG-0012,0.95,match,"The competitor product 'Sprite Lemon-Lime 1.5L ใหม่!' matches with the master entry. The brand is 'Sprite', model name is consistent with 'Classic', and both the size (1.5L) and unit (L) match perfectly."
1750,KVI-FMCG-0107,1.0,match,"The competitor product 'Downy Concentrate Lavender 1.35L' exactly matches the master KVI entry 'Downy Concentrate Lavender 1.35L' in terms of brand (Downy), model (Lavender), size (1.35L), and physical units (L). All identifiers align perfectly."
1932,,0.0,no_match,"The competitor product 'USED iPhone 8 64GB unlocked' does not match any of the available master KVI candidates in terms of brand, model, or category, and describes a different type of product (mobile phone vs. storage devices)."
15,KVI-ELEC-0004,0.8095,match,"The competitor product description matches the brand 'Apple' and model 'USB-C to Lightning 2m' exactly. The size is 2m, which is consistent with the standardized item. No other variants or flavors are present."
1294,KVI-HARD-0021,0.9,match,"The competitor product closely matches the master list item based on brand (Tupperware), model (Modular Mate), and size (1.7L). There are no discrepancies in physical metric units or product variants."
1010,KVI-FMCG-0093,0.9,match,"The competitor product 'คอลเกต Colgte Toothpaste Total 100g' matches the master list product 'Colgate Toothpaste Total 100g' in brand (Colgate), model (Total), size (100g), and units (g)."
506,KVI-ELEC-0015,0.7972,match,"The competitor product 'เอเนอร์ไจเซอร์ Energizer Max AA 2pcs BUNDLE' matches exactly with the master product 'Energizer Max AA 2pcs'. Both products share the brand 'Energizer', model 'Max', and pack size '2 pcs'. The physical metric units and quantity are also identical."
1300,KVI-ELEC-0024,0.9577,match,"The competitor product 'Panasonic Eneloop AA 4pcs' exactly matches the canonical master entry 'Panasonic Eneloop AA 4pcs' in terms of brand (Panasonic), model (Eneloop), size (4 pcs), and unit (pcs)."
1239,KVI-ELEC-0016,0.9319,match,"The competitor product 'Energizer Max AA 4pcs' matches exactly with the master KVI item in terms of brand (Energizer), model (Max), size (4 pieces), and unit (pcs). All identifiers align perfectly."
1236,KVI-FMCG-0095,1.0,match,"The competitor product 'Sensodyne Toothpaste Original 75g' matches the master list entry for Sensodyne Toothpaste Original 75g with exact brand 'Sensodyne', model 'Original', pack size '75g' and unit 'g'. All identifiers match exactly."
1024,KVI-FMCG-0051,0.7453,match,"Comparing the competitor entry 'ลิตรy's Sour Cream Onion 75g' with master KVI 'Lay's Sour Cream Onion 75g'. Brand matches: 'Lay's' and 'ลิตรy's'. Model matches: 'Sour Cream'. Pack size matches: 75g. The units are the same (grams). All required identifiers match, confirming a match."
1309,KVI-FMCG-0102,0.85,match,"The competitor product 'Tide Powder Detergent 3kg' matches exactly with the master KVI candidate 'Tide Powder Detergent 3kg'. The brand 'Tide' is identical, the size is 3kg, and the model is 'Original', confirming an exact match."
389,KVI-FMCG-0067,0.9,match,"The competitor product 'Yum Yum Chickn Noodle 60g' matches with the master product 'Yum Yum Chicken Noodle 60g' in brand, model, size (60g), and unit (g). The only difference is a minor spelling error in 'Chicken'. As the brand, model, size, and units are correctly aligned, this is considered a match."
1928,,0.0,no_match,"The competitor product is a 'Plastic flower pot 6 inch', which does not match any items in the master list. The master candidates all pertain to watering cans and a dish sponge, which are unrelated. There is no alignment in brand, model, size, or category."
1465,KVI-FMCG-0063,0.9174,match,"The competitor product 'MAMA Pork Flavor 55g' matches exactly in brand 'MAMA', model 'Pork', size '55g' and unit 'g' with the master KVI candidate 'MAMA Pork Flavor 55g', confirming it is a true match."
331,KVI-FMCG-0028,1.0,match,"The competitor product 'Crystal Drinking Water 350ml' matches exactly with the master list entry 'Crystal Drinking Water 350ml' in terms of brand 'Crystal', model 'Water', pack size of 350ml, and unit 'ml'."
818,KVI-FMCG-0106,0.95,match,"Competitor product 'Downy Concentrate Lavender 600ml PROMO -10%' matches exactly with master item 'Downy Concentrate Lavender 600ml' in terms of brand (Downy), model (Lavender), size (600ml), and unit (ml), confirming it is the same product."
1531,KVI-HARD-0012,0.9199,match,"All attributes match exactly: Brand 'Magic', Model 'Spin360', Size 1 pcs, Unit 'pcs'."
917,KVI-FMCG-0001,0.9585,match,"The competitor product 'Coca-Cola Original Taste 330ML' has the same brand 'Coca-Cola', exact model match 'Classic', and the same pack size of 330ml, meeting all required criteria for a match."
942,KVI-FMCG-0046,1.0,match,"The competitor product 'Lay's Classic Salted 50g BUY1GET1!!!' matches the master entry 'Lay's Classic Salted 50g' exactly in brand ('Lay's'), model ('Classic'), packing size (50g), and metric units (g). The slight difference in wording ('BUY1GET1!!!') does not alter the core identifiers or dimensions, affirming a direct match."
1636,KVI-FMCG-0020,0.9112,match,"The competitor product 'ช้าง Chang Beer 620ml' matches the master product 'Chang Beer 620ml' in brand 'Chang', exactly matches the size of '620ml', and both share the same product category and model. There are no differences in flavor or variant as indicated."
1576,KVI-FMCG-0004,0.95,match,"The competitor product 'CocaCola Coca-Cola Original Taste 1.5L' matches with the master KVI candidate 'Coca-Cola Original Taste 1.5L' based on brand 'Coca-Cola', model 'Classic', size '1.5L', and metric unit 'L'. All identifiers are consistent."
26,KVI-HARD-0006,0.8474,match,"The competitor product 'Stanley Screwdriver Set 6pcs' matches exactly with the master KVI entry 'Stanley Screwdriver Set 6pcs' by brand 'Stanley', model 'STMT60630', size '6pcs' and units 'pcs'."
1649,KVI-ELEC-0016,0.8063,match,"The competitor product 'Energizer Max AA 4pcs ลดราคา' matches exactly with the master item 'Energizer Max AA 4pcs'. Both have the same brand 'Energizer', model 'Max', packaging size of 4 pcs, and physical unit 'pcs', confirming a true match."
1550,KVI-HARD-0008,0.9,match,"The competitor product 'Sco. Sponge Multi-Purpose 3pcs' matches the KVI item 'Scotch-Brite Sponge Multi-Purpose 3pcs' in brand (Scotch-Brite), model (Heavy), size (3 pcs), and unit (pcs). Therefore, a match is confirmed."
1090,KVI-FMCG-0087,1.0,match,"The competitor product 'Sunsilk Shampoo Black Shine 320ml' matches exactly with the master KVI candidate 'Sunsilk Shampoo Black Shine 320ml'. Both have the same brand 'Sunsilk', model 'Black', size of 320ml, and the physical metric unit 'ml'."
784,KVI-FMCG-0109,0.95,match,"Brand 'Dettol' matches, product name 'Dettol Antibacterial Liquid 250ml' matches exactly with the competitor's cleaned title, size 250ml matches, and physical units 'ml' are the same."
1926,,0.0,no_match,"The competitor product is a 'DIY craft glue gun mini' which does not match any identified brand identifiers, model names, size quantities, or physical metric units from the master list. The master list contains products under the brand 'Loctite' (Super Glue) in specified sizes of 3g and 5g, while the competitor product is a mini glue gun, which is a different type of product altogether."
121,KVI-HARD-0027,0.9578,match,"The competitor product 'Rubber Gloves Yellow 1pcs' exactly matches the master KVI product 'Rubber Gloves Yellow 1pcs' in terms of brand (Scotch-Brite), model (Heavy), size (1pcs), and packaging units (pcs)."
1542,KVI-FMCG-0111,0.8547,match,"The competitor product 'Dettol Antibacterial Liquid 1.2L' matches exactly with the master product 'Dettol Antibacterial Liquid 1.2L' in brand, model, size, and unit. The confidence score indicates a strong match."
246,KVI-FMCG-0092,0.9473,match,"The competitor product 'Colgate Toothpaste Total 75g' matches exactly with the master KVI candidate 'Colgate Toothpaste Total 75g'. Both have the same brand (Colgate), model (Total), pack size (75g), and metric units (g)."
1904,,0.0,no_match,Filtered by local retrieval layer: Similarity score fell well below minimum structural threshold.
432,KVI-FMCG-0056,0.939,match,"The competitor product 'Tasto Potato Chips 27g' matches the master item with the same brand 'Tasto', model 'Salted', and pack size of 27g, all of which are identical. Therefore, it confirms a true match."
1640,KVI-ELEC-0001,0.9538,match,"The competitor product 'Apple Lightning USB Cable 1m' matches exactly with the master list entry 'Apple Lightning USB Cable 1m': Both share the same brand (Apple), product name (Apple Lightning USB Cable 1m), model (MD818), size (1.0), and units (m)."
1383,KVI-ELEC-0034,0.8329,match,"The competitor product 'Anker HDMI Cable 1,8m' matches with the master product 'Anker HDMI Cable 1.8m' on brand 'Anker', size '1.8m' (noting that '1,8m' is the European decimal format equivalent to '1.8m'), and no additional variants or flavors are present."
1727,KVI-HARD-0009,0.96,match,"Competitor product 'Scotch-Brite Sponge Multi-Purpose 5pcs' matches exactly with master KVI candidate 'Scotch-Brite Sponge Multi-Purpose 5pcs' in terms of brand (Scotch-Brite), model (Heavy), quantity (5pcs), and unit (pcs)."
1414,KVI-ELEC-0032,1.0,match,"The competitor product 'Sony WH-1000XM5 1pcs' matches exactly with the master entry 'Sony WH-1000XM5 1pcs' in brand, model, size (1pcs), and unit (pcs)."
1404,KVI-HARD-0012,0.9199,match,"The competitor product 'Magic Mop Spin 360 1pcs' matches the master item on brand 'Magic', model 'Spin360', pack size '1.0', and unit 'pcs', confirming it is the same product."
1353,KVI-ELEC-0018,0.95,match,"The competitor product 'Energizer Mx AAA 2pcs' matches exactly with the master list item 'Energizer Max AAA 2pcs'. Both have the same brand 'Energizer', model 'Max', size of 2 'pcs', and are of the same type. No discrepancies in flavor or variant."
559,KVI-FMCG-0021,0.6405,match,"The competitor product 'ไฮเนเก้น Hei. Lager 330ML Hot Deal' matches the master list item 'Heineken Lager 330ml' in brand (Heineken), model (Original), size (330ml), and unit (ml). Both products are lager beers and correspond in all key identification aspects."
1880,,0.0,no_match,"The competitor product is an iPhone 8, whereas the candidates are SD card products from SanDisk and Kingston. There is no brand, model, or product category match."
1500,KVI-HARD-0025,0.95,match,"The competitor product 'Scotch-Brite Dish Sponge 4pcs BUNDLE' matches exactly with the master KVI candidate 'Scotch-Brite Dish Sponge 4pcs'. Both share the same brand 'Scotch-Brite', the same model 'Soft', and the pack size of '4pcs'. Therefore, it confirms a match."
1450,KVI-FMCG-0033,0.9,match,"The competitor product 'Sprinkle Drinking Water 1,5L Hot Deal' matches exactly with 'Sprinkle Drinking Water 1.5L' from the master KVI list in terms of brand ('Sprinkle'), model ('Water'), size (1.5L, converted from 1,5L), and units (L). All identifiers align."
1739,KVI-ELEC-0001,0.9538,match,"Both competitor product and KVI candidate have the same brand 'Apple', model matches ('MD818'), exact size of '1m', and the unit is 'm', confirming they are the same product."
511,KVI-FMCG-0020,0.8676,match,"The competitor product 'Chng Beer 620ML' matches with the master product 'Chang Beer 620ml' due to exact brand ('Chang'), matching model ('Classic'), identical pack size (620ml), and unit (ml)."
373,KVI-FMCG-0071,0.7458,match,"The competitor product 'For. Fresh Milk 830ml' matches the master list entry 'Foremost Fresh Milk 830ml' in brand ('Foremost'), model ('Fresh'), and size (830ml), confirming it as a true match."
1996,,0.0,no_match,The product description 'USED iPhone 8 64GB unlocked' is different in brand (Apple vs SanDisk/Kingston) and product category (smartphone vs memory storage) compared to all available master KVI candidates.
1410,KVI-HARD-0032,0.929,match,"The competitor product 'Windex Glass Cleaner 1L' matches the master list item 'Windex Glass Cleaner 1L' in terms of brand 'Windex', model 'Original', pack size '1.0', and unit 'L'. The identifiers align perfectly, confirming an exact match."
192,KVI-ELEC-0014,0.8749,match,"The competitor product 'Blkin Surge Protector 6-Outlet 1pcs' matches the master KVI product 'Belkin Surge Protector 6-Outlet 1pcs' exactly in model and specifications. The brand is similar (Blkin is presumably a typo for Belkin), and both have the same size and packaging details."
1867,,0.0,no_match,"The competitor item is a 'Cooking apron floral pattern', whereas all master KVI candidates are fabric softeners and a dish sponge, which do not match in product type or description."
866,KVI-FMCG-0067,0.8816,match,"The brand 'Yum Yum' matches the competitor product's brand. The model 'Chicken' is also consistent with the competitor's title. Both products have the same pack size of 60g, and the units are the same (g). Therefore, the competitor product is a match."
1324,KVI-ELEC-0008,0.9117,match,"The competitor product 'Anker USB-C 20W Charger 1pcs' matches exactly with the master product 'Anker USB-C 20W Charger 1pcs' in brand, model, pack size, and unit."
1958,,0.0,no_match,"The competitor product 'Cute cat ear hairband' does not match any items in the master list based on brand, model, size, or category. The master candidates are all electronic items, while the competitor product is neither a brand or model listed in the master items."
568,KVI-HARD-0011,0.9709,match,"The competitor product matches exactly with the KVI master list based on brand (3M), model (Microfiber), product name (3M Microfiber Cloth Yellow 4pcs), pack size (4), and unit (pcs)."
1049,KVI-FMCG-0004,0.9392,match,"The competitor product 'Coca Cola Coca-Cola Original Taste 1.5L' matches with the master KVI product 'Coca-Cola Original Taste 1.5L'. Both products share the same brand ('Coca-Cola'), model ('Classic'), pack size (1.5) and unit (L), confirming an exact match."
1386,KVI-FMCG-0083,1.0,match,"The competitor product 'Pantene Shampoo Smooth Silky 300ml' matches exactly with the master KVI product 'Pantene Shampoo Smooth Silky 300ml' in brand, model, size (300ml), and product description."
509,KVI-HARD-0023,0.948,match,"The competitor product 'IKEA SAMLA Box Clear 22L' matches with the master KVI product 'IKEA SAMLA Box Clear 22L'. Both products have the same brand (IKEA), model (SAMLA), size (22L), and unit (L). No discrepancies were found."
1857,,0.0,no_match,"Competitor product is a keychain with 5pcs, whereas the master candidates are electronic products with different brands, models, sizes, and pack quantities. No matching attributes."
535,KVI-HARD-0045,0.95,match,"The competitor product title 'บ๊อช Bosch Drill Bit Set 15pcs' matches exactly with the master item 'Bosch Drill Bit Set 15pcs'. Brand 'Bosch' matches exactly, model 'PRO' is present but not required to match for exact product, size quantity is 15pcs which matches exactly with pack size, and the unit is the same (pcs). Therefore, it is confirmed as a match."
875,KVI-FMCG-0021,0.943,match,"The competitor product 'Heineken Lager 330ml' matches with the master product 'Heineken Lager 330ml'. Both have the same brand 'Heineken', the same model 'Original', the same pack size of 330.0 ml, and the same unit 'ml'."
1114,KVI-FMCG-0050,0.9,match,"The competitor product 'Lay's Sour Cream Onion 50g' matches exactly with the master KVI candidate 'Lay's Sour Cream Onion 50g' in terms of brand 'Lay's', model 'Sour Cream', size quantity of 50g, and metric unit 'g'."
979,KVI-ELEC-0009,0.9073,match,"The competitor product matches exactly with the master product based on brand ('Apple'), model identifier is irrelevant in this context as the product is identified by its name, size (1pcs), and unit (pcs) are exactly the same."
1486,KVI-FMCG-0024,0.95,match,"The competitor product 'Singh Singha Drinking Water 330ml' matches exactly with the master entry 'Singha Drinking Water 330ml'. The brand 'Singha', model 'Water', size 330ml and unit 'ml' are identical."
422,KVI-FMCG-0002,0.95,match,"The competitor product 'Coca-Cola Original Taste 500ML' matches exactly with the master entry 'Coca-Cola Original Taste 500ml'. Both have the same brand 'Coca-Cola', the same model 'Classic', and the same pack size of 500ml."
1860,,0.0,no_match,Filtered by local retrieval layer: Similarity score fell well below minimum structural threshold.
1454,KVI-FMCG-0099,0.95,match,"The competitor product 'นีเวีย Niv. Body Lotion Whitening 400ml' matches the master entry 'Nivea Body Lotion Whitening 400ml' perfectly in terms of brand (Nivea), model (Whitening), pack size (400ml), and unit (ml). There are no discrepancies in flavor, size, variant, or categorization."
805,KVI-FMCG-0070,1.0,match,"The competitor product 'Foremost Fresh Milk 450ml' matches exactly with the master KVI candidate 'Foremost Fresh Milk 450ml' in terms of brand ('Foremost'), model ('Fresh'), pack size (450ml), and unit (ml)."
713,KVI-ELEC-0015,0.8579,match,"Brand matches 'Energizer', model matches 'Max', size matches 2pcs, units match 'pcs'."
1126,KVI-FMCG-0098,1.0,match,"The competitor product 'นีเวีย Nivea Body Lotion Whitening 200ml' matches in brand 'Nivea', model 'Whitening', size '200ml', and unit 'ml' exactly with the master product 'Nivea Body Lotion Whitening 200ml'."
1390,KVI-ELEC-0035,0.692,match,"The competitor product 'Apple MagSafe Charger 1pcs' matches exactly with the master product name. The brand 'Apple' is the same. The model is not explicitly mentioned but is generally associated with the MagSafe Charger. Size quantity is '1pcs', which matches. Thus, this is considered a match."
1093,KVI-ELEC-0022,1.0,match,"Brand is Duracell, model is Plus, size is 8pcs, and all identifiers match exactly with the canonical master list."
461,KVI-FMCG-0086,0.9404,match,"The brand 'Sunsilk' matches exactly. The model 'Black' matches exactly. The size is 180ML in the competitor product, which is equivalent to 180ml in the master product, and the units are matching. Therefore, this entry is confirmed as a match."
1208,KVI-HARD-0034,0.95,match,"The competitor product matches the master KVI candidate on brand (Glade), model (Lavender), size (400ml), and units (ml)."
154,KVI-HARD-0001,0.8523,match,"The competitor product '3M Scotch Magic Tape 19mm Hot Deal' matches the master KVI item with standardizedItemId 'KVI-HARD-0001' in brand (3M), model (Magic), size (19mm), and unit (mm). The only difference is the addition of 'Hot Deal' in the competitor description, which does not affect the match criteria."
747,KVI-FMCG-0030,0.8512,match,"The competitor product 'Crystl Drinking Water 1.5L' matches the master entry 'Crystal Drinking Water 1.5L' with the exact brand 'Crystal', model 'Water', and pack size '1.5L'. The only difference is the spelling of 'Crystal' which is a minor and common variation. All other attributes match correctly."
723,KVI-HARD-0032,0.8,match,"The competitor product 'Windex Glass Cleaner 1L' matches exactly with the master KVI candidate 'Windex Glass Cleaner 1L' based on brand (Windex), product name (Windex Glass Cleaner), size (1L), and the unit (L). There's no variation in flavor, size, or model."
556,KVI-HARD-0035,0.851,match,"The competitor product 'Baygon Mosquito Coil 10pcs Hot Deal' matches with master item 'Baygon Mosquito Coil 10pcs' in the following aspects: Brand (Baygon), Model (matches directly since model is not specified but is found to be 'Original' in the master), Pack Size (10pcs), and Unit (pcs). The additional term 'Hot Deal' in the competitor's title does not indicate a different product."
1278,KVI-FMCG-0099,0.9,match,"The competitor product 'Nive Body Lotion Whitening 400ml' matches the master product 'Nivea Body Lotion Whitening 400ml' in brand (Nivea), model (Whitening), pack size (400ml) and unit (ml). Attributes verify identity, confirming this as a true match."
1088,KVI-HARD-0012,0.7823,match,"The competitor product 'Magic Mop Spin 360 1pcs ใหม่!' exactly matches the master KVI entry 'Magic Mop Spin 360 1pcs' in terms of brand ('Magic'), model ('Spin360'), size quantity (1), and unit ('pcs'). No other competing products are considered since the exact match is found."
1331,KVI-HARD-0043,0.9393,match,"The competitor product 'Bosch Drill Bit Set 5pcs' matches exactly with the master product 'Bosch Drill Bit Set 5pcs' in terms of brand 'Bosch', model 'PRO', size '5pcs', and unit 'pcs'."
1780,,0.0,no_match,"Competitor product is an 'iPhone 8 64GB' which does not match any of the available master KVI candidates that are all storage devices (SanDisk/Kingston flash drives) and not smartphones. Brand, model, and type mismatch."
1569,KVI-FMCG-0005,0.7855,match,"Brand 'Coca-Cola' matches; Product name matches exactly; Size is 2L and unit is L, which matches the competitor product."
318,KVI-ELEC-0030,0.8439,no_match,"Brand identifiers do not match (Kin vs Kingston). Even though the model implies a similar product, the brand is a crucial differentiator, resulting in a no match."
86,KVI-FMCG-0098,1.0,match,"The competitor product 'Nivea Body Lotion Whitening 200ML' matches with our master list entry 'Nivea Body Lotion Whitening 200ml' as both the brand (Nivea), model (Whitening), packSize (200.0), and unit (ml) are identical. The only difference is the usage of uppercase letters in the cleaned title which doesn't affect the match."
211,KVI-FMCG-0101,1.0,match,"The competitor product 'Tide Powder Detergent 1.7kg' exactly matches the master product 'Tide Powder Detergent 1.7kg' in terms of brand 'Tide', model 'Original', size '1.7kg', and the metric unit 'kg'."
1718,KVI-FMCG-0064,0.95,match,"The competitor product 'MAMA Pork Flvor 60g' matches exactly with the master list product 'MAMA Pork Flavor 60g'. The brand 'MAMA', model 'Pork', size '60g', and unit 'g' all align without discrepancies."
1238,KVI-FMCG-0094,0.9482,match,"The competitor product 'Colgate Toothpaste Total 150g' matches exactly with the master item 'Colgate Toothpaste Total 150g' in terms of brand (Colgate), model (Total), pack size (150g), and units (g)."
1266,KVI-FMCG-0109,0.92,match,"The competitor product 'Detol Det. Antibacterial Liquid 250ml' is verified to match the master product 'Dettol Antibacterial Liquid 250ml' by the same brand 'Dettol', with the identical size of 250ml. Both entries correspond exactly in product name, brand identifiers, and physical metric units."
809,KVI-FMCG-0016,0.95,match,"The competitor product 'Singha Beer 490ml' matches exactly with the master KVI candidate. Both have the same brand 'Singha', the same product name 'Singha Beer 490ml', the same size quantity '490ml', and the same unit 'ml'."
411,KVI-ELEC-0035,0.8408,match,"The competitor product 'Apple MgSafe Charger 1pcs' matches with the master product 'Apple MagSafe Charger 1pcs' as both have the same brand 'Apple', model 'MHXH3', size quantity '1', and unit 'pcs'."
182,KVI-ELEC-0015,1.0,match,"The product from the competitor matches the master list item in all relevant attributes: the brand 'Energizer', model 'Max', pack size of 2 (pcs), and the product name 'Energizer Max AA 2pcs' are all identical."
860,KVI-ELEC-0003,0.9436,match,"The competitor product 'Apple USB-C to Lightning 1m' matches exactly with the master item 'Apple USB-C to Lightning 1m' in terms of brand (Apple), model (MX0K2), size quantity (1.0), and unit (m). There are no discrepancies in flavor, size, or variant."
849,KVI-HARD-0019,0.886,match,"The competitor product 'WD-40 Mul. Spray 191g' matches the master product 'WD-40 Multi-Use Spray 191g'. The brand 'WD-40' is identical. The model name is considered original based on context. The size is exactly 191g, and the units are both in grams."
1152,KVI-FMCG-0017,0.9,match,"The competitor product 'Singha Beer 630' matches the master KVI candidate for 'Singha Beer 630ml' in brand ('Singha'), model ('Lager'), pack size (630ml), and unit (ml)."
1675,KVI-ELEC-0001,0.9538,match,"The competitor product 'Apple Lightning USB Cable 1m' matches exactly with the master list entry 'Apple Lightning USB Cable 1m' by brand 'Apple', model 'MD818', size '1m', and the unit 'm'."
1769,,0.0,no_match,"The competitor product is a 'Generic phone case clear silicone', while the top available master KVI candidates are all electronic items (Samsung Galaxy Buds and SanDisk SD cards) that do not match the category, brand, size, and model."
462,KVI-ELEC-0027,0.8298,match,"The competitor product 'Osram LED Bulb 12W Cool 1pcs' exactly matches the brand 'Osram', model 'Value', size 12W, and pack size of 1pcs (using pcs as the unit), aligning with the master list product."
222,KVI-FMCG-0103,0.9618,match,"The competitor product 'Comfort Fabric Softener Pink 600ml' matches exactly with the master product in brand (Comfort), model (Pink), size quantity (600ml), and physical metric units (ml)."
1366,KVI-ELEC-0015,0.8579,match,"The competitor product 'Energizer Max AA 2pcs' matches with the master list entry 'Energizer Max AA 2pcs' on brand 'Energizer', model 'Max', pack size '2.0', and unit 'pcs', confirming a true match."
1333,KVI-FMCG-0058,0.9593,match,"The competitor product 'Bento Squid Snack 20g' matches exactly with the master KVI candidate 'Bento Squid Snack 20g' in terms of brand 'Bento', model 'Squid', size quantity '20g', and it has the same physical metric units."
900,KVI-ELEC-0005,0.95,match,"The competitor product 'Ank. PowerLine USB-C 0.9m BUNDLE' matches the master KVI candidate 'Anker PowerLine USB-C 0.9m' perfectly in terms of brand (Anker), model presence (A8187), size ('0.9m'), and unit ('m'). The only difference is the presence of the term 'BUNDLE' in the competitor's title, which does not alter the essential characteristics of the product."
1256,KVI-ELEC-0029,1.0,match,"The competitor product 'SanDisk Ultra SD 128GB 1pcs BIG SALE' matches exactly with the master list item 'SanDisk Ultra SD 128GB 1pcs' in terms of brand (SanDisk), model (Ultra), size (128GB), quantity (1pcs), and physical metric units (pcs). There are no variations or different flavors."
571,KVI-FMCG-0065,0.95,match,"The competitor product 'WaiWai Ori. 60g' matches the master item 'WaiWai Original 60g' in brand name (WaiWai), model name (Original), and both items have the same size (60g). There are no discrepancies in the size, units or brand presence."
623,KVI-FMCG-0053,0.95,match,"The competitor product 'Pringles Original 147g SET 6 ขวด' matches the master KVI candidate 'Pringles Original 147g'. Both products have the same brand 'Pringles', model 'Original', size 147g, and unit 'g'. No discrepancies in flavor or variant were found."
1777,,0.0,no_match,"The competitor product 'Cooking apron floral pattern' does not match any item from the master list in terms of brand, model, size, and type."
1398,KVI-ELEC-0040,0.95,match,"The competitor product 'Xiaomi Redmi AirDots 3 1pcs ส่งฟรี' matches the KVI product 'Xiaomi Redmi AirDots 3 1pcs' with the same brand 'Xiaomi', pack size of 1.0, and unit 'pcs'. No discrepancies in flavor, size, or variant."
945,KVI-ELEC-0035,0.873,match,"The competitor product title 'Apple MagSafe Charger 1pcs' matches the master KVI candidate 'Apple MagSafe Charger 1pcs' exactly. Both entries feature the brand 'Apple', the model ('MHXH3') corresponds to the same product category and size/quantity (1pcs). No differences in flavor or variant are present."
1417,KVI-FMCG-0008,0.7427,match,"The product title 'Pepsi Cola 1.45L Hot Deal' closely matches 'Pepsi Cola 1.45L' from the master list. Both have the same brand 'Pepsi', model 'Original', exact size of 1.45L, and no flavor or variant discrepancies."
151,KVI-ELEC-0030,0.9471,match,"The competitor product 'Kingston DataTraveler 64GB 1pcs' matches exactly with the master product 'Kingston DataTraveler 64GB 1pcs'. Both have the same brand 'Kingston', model 'DT100', size quantity of '1pcs', and unit 'pcs'."
391,KVI-FMCG-0013,0.8356,match,"The competitor product 'Fanta Orange 325ml GIFT SET' matches the master list item 'Fanta Orange 325ml' perfectly in brand ('Fanta'), model ('Orange'), size (325ml), and unit (ml). The presence of 'GIFT SET' does not constitute a variation in flavor, size, or variant that would prevent a match."
956,KVI-FMCG-0017,0.6775,no_match,"The competitor product is 'Sin, Beer 630ml' and the canonical master list has 'Singha Beer 630ml'. The brands 'Sin' and 'Singha' do not match, resulting in a 'no_match' decision despite the matching size and model."
804,KVI-ELEC-0010,0.958,match,"The competitor product 'Samsung 25W Fast Charger 1pcs' matches the master product 'Samsung 25W Fast Charger 1pcs' in brand (Samsung), model (EP-TA800), size quantity (1), and unit (pcs). All details are consistent and confirm a direct match."
1440,KVI-FMCG-0008,0.9,match,"The competitor product 'เป๊ปซี่ Pepsi Cola 1.45L' matches the master entry 'Pepsi Cola 1.45L' in terms of brand ('Pepsi'), model ('Original'), size (1.45L), and unit (L). The confidence is high because all attributes are identical."
417,KVI-ELEC-0032,0.9196,match,"The competitor product 'Sony WH-1000XM5 1pcs' matches exactly with the master KVI candidate 'Sony WH-1000XM5 1pcs' in terms of brand (Sony), model (WH1000XM5), size (1pcs), and unit (pcs). All identifiers align accurately."
1407,KVI-FMCG-0113,0.0,no_match,"The competitor product specifies 'Vix. Toilet Cleaner 700ml' while the closest master product is 'Vixol Toilet Cleaner 700ml'. The brand 'Vix' does not exactly match 'Vixol', which is a different brand identifier."
737,KVI-FMCG-0064,0.9179,match,"The competitor product 'MAMA Pork Flavor 60g Limited!' exactly matches the master KVI candidate 'MAMA Pork Flavor 60g' in terms of brand ('MAMA'), model ('Pork'), size (60g), and unit (g). The similarity score is high at 0.9179, confirming the match."
604,KVI-HARD-0010,0.9149,match,"The competitor product '3M Microfiber Clo. Yellow 2pcs' matches with the master product '3M Microfiber Cloth Yellow 2pcs'. Both have the same brand '3M', same model 'Microfiber', identical size (2 pcs), and unit (pcs)."
951,KVI-FMCG-0089,0.9,match,"The competitor product title specifies 'Dove Body Wash Original 200ml', which matches exactly with the master KVI candidate's product name and pack size. Brand 'Dove' and model 'Original' are also exact matches. There are no discrepancies in flavor, size, or variant."
1972,,0.0,no_match,"The competitor product is a DIY craft glue gun mini, while all master KVI candidates are glue products with different brands (Loctite) and models (Super) in different sizes. No matching identifiers in brand, model, or product type."
1094,KVI-FMCG-0053,0.8,match,"Brand 'Pringles' matches, model 'Original' matches, size 147g matches, physical unit 'g' matches."
38,KVI-ELEC-0019,0.826,match,"The competitor product 'Energizer Max AAA 4pcs GIFT SET' matches the brand 'Energizer', model 'Max', and the pack size of 4 pcs. The physical metric units are described as 'pcs' which is consistent with the master list entry."
1520,KVI-FMCG-0092,0.9473,match,"The competitor product 'Colgate Toothpaste Total 75g' matches the master product 'Colgate Toothpaste Total 75g' exactly in brand, model, size (75g), and unit (g). The product descriptions are identical."
1110,KVI-FMCG-0055,1.0,match,"The competitor product 'Pringles Sour Cream 147g' matches exactly with KVI master entry for 'Pringles Sour Cream 147g'. Brand matches 'Pringles', model matches 'Sour Cream', pack size is 147g, and all attributes are identical."
588,KVI-FMCG-0074,0.83,match,"The competitor product 'Meiji Fresh Milk 450ml ลดราคา' matches an item from the KVI master list with the same brand 'Meiji', model 'Fresh', size '450ml', and unit 'ml'. The price context does not influence the match decision."
1685,KVI-HARD-0040,0.969,match,"The competitor product 'Karcher Garden Hose 20m' matches exactly with the master list item 'Karcher Garden Hose 20m'. Both have the same brand 'Karcher', the model is 'Standard', pack size is 20.0m, and the unit is 'm'."
1470,KVI-FMCG-0061,0.844,match,"The competitor product 'มาม่า MAMA Tom Yum Goong 60g' matches exactly with the master KVI candidate 'MAMA Tom Yum Goong 60g' in terms of brand (MAMA), model (Tom Yum), pack size (60g), and physical metric unit (g)."
261,KVI-ELEC-0035,0.822,match,"The competitor product title 'Apple MagSafe Charger 1pcs Free Delivery' matches the standardized item 'Apple MagSafe Charger 1pcs' in brand 'Apple', model 'MHXH3', size quantity 1, and unit 'pcs'. All identifiers are consistent with the KVI master entry."
1838,,0.0,no_match,"The competitor product is a 'Generic phone case clear silicone', which does not match any of the master KVI candidates, all of which are electronic items with specific brand and model identifiers. No brand, model, or size is aligned."
1696,KVI-ELEC-0021,1.0,match,"The competitor product 'Duracell Plus Power AA 4pcs' matches exactly with the master item 'Duracell Plus Power AA 4pcs', with the same brand 'Duracell', model 'Plus', and size '4pcs' in unit 'pcs'."
272,KVI-FMCG-0025,0.9,match,"The competitor product 'Singha Drinking Water 600' matches the master list entry 'Singha Drinking Water 600ml' in brand, model, and size. The size in the master list is 600ml, which matches the size indicated as 600 (the competitor probably omits the 'ml' unit). No discrepancies in flavor or variant were observed."
1032,KVI-FMCG-0005,0.955,match,"The competitor product 'Coca-Cola Original Taste 2L' exactly matches the master KVI candidate 'Coca-Cola Original Taste 2L' in terms of brand, model, size (2L), and unit (L)."
1211,KVI-FMCG-0005,0.95,match,"The competitor product 'Coca Cola Coca-Cola Original Taste 2L' matches the master list entry 'Coca-Cola Original Taste 2L' on brand ('Coca-Cola'), model ('Classic'), size (2L), and unit (L), confirming it is a perfect match."
700,KVI-FMCG-0007,0.7687,match,"The competitor product 'เป๊ปซี่ Pepsi Cola 500ml' matches exactly with the master item 'Pepsi Cola 500ml'. Both products share the same brand 'Pepsi', size of '500ml', and are of the same type without any additional variants or flavors."
1311,KVI-ELEC-0010,0.8996,match,"The competitor product 'Sumsung Samsung 25W Fast Charger 1pcs' matches the master product 'Samsung 25W Fast Charger 1pcs' in brand (Samsung), model (EP-TA800), size (1pcs), and unit (pcs) exactly, with the only difference being a minor spelling error in 'Sumsung' instead of 'Samsung'."
79,KVI-FMCG-0048,1.0,match,The competitor product 'Lay's Classic Salted 160g' matches exactly with the master KVI item 'Lay's Classic Salted 160g'. The brand 'Lay's' and model 'Classic' are identical and the pack size of 160g is exactly as specified in both entries.
1656,KVI-FMCG-0028,0.8667,match,"The brand 'Crystl' is a variant spelling of 'Crystal', which matches the master list. The model is 'Water', and the pack size of 350ml matches exactly with the master candidate."
653,KVI-FMCG-0010,0.85,match,"The competitor product is 'Sprit Lemon-Lime 325ml' and matches exactly to the master product 'Sprite Lemon-Lime 325ml' based on brand (Sprite), model (Classic), size (325ml), and unit (ml)."
265,KVI-FMCG-0066,0.9023,match,"The competitor product 'Wai. Original 90g PACK 12' matches the master entry 'WaiWai Original 90g' as both have the same brand 'WaiWai', model 'Original', pack size '90g', and unit 'g'. The product identifiers are consistent, confirming a valid match."
731,KVI-ELEC-0028,0.8668,match,"The competitor product 'SanDisk Ultra SD 64GB 1pcs x12 PACK' matches exactly with the master product 'SanDisk Ultra SD 64GB 1pcs' in brand ('SanDisk'), model ('Ultra'), size ('64GB'), quantity ('1pcs'), and unit ('pcs'). Although the competitor entry indicates a pack of 12, the core product details match completely."
1016,KVI-HARD-0006,0.8321,match,The competitor product title matches the product name in the master list. The brand is 'Stanley' which is consistent. The model can be assessed as equivalent to the type described. The size of 6 pieces matches exactly in both the competitor entry and the master list.
497,KVI-ELEC-0014,0.9535,match,"The competitor product 'Belkin Surge Protector 6-Outlet 1pcs' matches the master KVI candidate 'Belkin Surge Protector 6-Outlet 1pcs' based on the exact match of brand 'Belkin', model 'BSV804', size '1pcs', and the physical unit 'pcs'."
296,KVI-FMCG-0016,0.99,match,"The competitor product 'Singha Beer 490ml' matches exactly with the master KVI candidate 'Singha Beer 490ml' in terms of brand (Singha), model (Lager), pack size (490ml), and unit (ml). There are no discrepancies in flavor, size, or variant."
290,KVI-ELEC-0010,0.8328,match,"The competitor product and KVI master item both match in brand (Samsung), size (1pcs), and product type (25W Fast Charger). Therefore, a true match is confirmed."
1992,,0.0,no_match,"The competitor product 'Cooking apron floral pattern' is not semantically comparable to any items in the master KVI candidates. No brand, model, size, or unit match found; the competitor's product is an apron whereas all KVI candidates are fabric softeners."
1604,KVI-FMCG-0048,0.99,match,"The competitor product 'Lays Lay's Classic Salted 160g' matches exactly with the master candidate 'Lay's Classic Salted 160g' in brand, model, size (160g), and unit (g). No discrepancies in flavor or variant."
646,KVI-FMCG-0060,0.93,match,"The competitor product 'MAMA Tom Yum Goong 55g' matches exactly with master list entry having standardizedItemId 'KVI-FMCG-0060', including the brand 'MAMA', size '55g', and model 'Tom Yum'."
1699,KVI-ELEC-0010,0.8996,match,The product name 'Samsung 25W Fast Charger 1pcs' exactly matches the cleaned title. The brand 'Samsung' and model 'EP-TA800' are consistent with the competitor entry. Size quantity of '1' in '1pcs' corresponds to a pack size of 1.0 with units as 'pcs' in the master list.
1302,KVI-HARD-0007,0.9426,match,"The competitor product 'Bosch Drill GSB 550 1pcs' matches the exact brand 'Bosch', model 'GSB550', size '1pcs' and unit 'pcs' with the top candidate from our master list."
293,KVI-HARD-0003,0.8,no_match,"The competitor product is 48mm size while the closest match from the master list is 50mm size, which does not match exactly."
1023,KVI-HARD-0032,0.929,match,"The competitor product 'Windex Glass Cleaner 1L' matches exactly with the master list entry 'Windex Glass Cleaner 1L'. The brand 'Windex', model 'Original', size '1L', and unit 'L' are identical."
339,KVI-FMCG-0066,0.9023,match,"The competitor product 'Wai. Original 90g' matches exactly with the master KVI candidate 'WaiWai Original 90g' in terms of brand ('WaiWai'), model ('Original'), size (90g), and unit (g)."
1776,,0.0,no_match,"The competitor product is a 'Random unbranded keychain 5pcs', which does not match with any available master KVI candidates that are all electronics products with different brands, models, and sizes."
1178,KVI-ELEC-0019,1.0,match,"The competitor product 'Energizer Max AAA 4pcs' matches exactly with the master product 'Energizer Max AAA 4pcs' in terms of brand (Energizer), model (Max), size quantity (4), and units (pcs)."
52,KVI-ELEC-0014,0.9535,match,"The competitor product 'Belkin Surge Protector 6-Outlet 1pcs' matches the master list product 'Belkin Surge Protector 6-Outlet 1pcs' in terms of brand ('Belkin'), product name, model ('BSV804'), size (1.0), and unit ('pcs'). All identifiers are consistent with the master entry."
1660,KVI-ELEC-0037,0.9343,match,"The competitor product 'Logitch Wireless Mouse 1pcs' matches the master KVI item 'Logitech Wireless Mouse 1pcs' on brand (Logitech), model (M331), size (1pcs), and unit (pcs). The only difference is a minor typo in the brand name (Logitch vs Logitech), which can be considered a match as the context suggests they refer to the same brand."
1792,,0.0,no_match,"The competitor product is a Yoga mat, which does not match any of the KVI master candidates that are all 3M microfiber cloths or duct tape products. There is no brand, model, or product category match."
1144,KVI-FMCG-0066,0.9398,match,"The competitor product 'WaiWai Original 90g' matches the master entry 'WaiWai Original 90g' on brand ('WaiWai'), model ('Original'), size (90g), and unit (g). All identifiers are confirmed to be the same."
1599,KVI-FMCG-0053,0.95,match,"The competitor product 'Pringles Original 147g PROMOTION' matches the master entry 'Pringles Original 147g' in brand ('Pringles'), model ('Original'), size (147g), and unit ('g'). The additional 'PROMOTION' term does not affect the match."
1505,KVI-ELEC-0036,0.9567,match,"The competitor product 'JBL Tune Wireless Earbuds 1pcs' matches the master list entry with brand 'JBL', model 'TUNE125', size quantity of 1pcs, and unit 'pcs'."
1679,KVI-FMCG-0111,0.7461,match,"The competitor product 'Dettol Antibacterial Liq. 1.2L' exactly matches the master product 'Dettol Antibacterial Liquid 1.2L' in brand ('Dettol'), model ('Original'), size quantity (1.2L), and unit ('L'). The only difference is in the wording of 'Liquid' versus 'Liq.', which is not significant enough to rule out a match."
552,KVI-FMCG-0008,0.8573,match,"The competitor product 'Pepsi Cola 1.45L' matches with the master item 'Pepsi Cola 1.45L' in brand, model, size (1.45L), and units (L)."
1553,KVI-FMCG-0106,0.95,match,"The competitor product 'Downy Concentrate ลิตรavender 600ml' matches exactly with the master product 'Downy Concentrate Lavender 600ml' in brand ('Downy'), model ('Lavender'), size (600ml), and unit (ml). No discrepancies in flavor, size, or variant are found."
1362,KVI-FMCG-0005,0.85,match,"The competitor product is 'Coca-Cola Original Taste 2L Free Delivery', which matches the master list item 'Coca-Cola Original Taste 2L' in brand, model, size (2L), and unit (L). There are no discrepancies in flavor or size."
668,KVI-ELEC-0030,0.9065,match,"The product from the competitor matches the brand 'Kingston', model 'DT100', packed size of '1pcs' in physical metric units, and a storage capacity of '64GB'."
1361,KVI-ELEC-0026,0.96,match,"The competitor product 'Philips LED Bulb 9W Warm White 3pcs' matches exactly with the master KVI candidate 'Philips LED Bulb 9W Warm White 3pcs'. Both have the same brand 'Philips', model 'Essential', pack size of 3pcs, and unit 'pcs'. The high similarity score further confirms the match."
1517,KVI-HARD-0026,0.85,match,"The competitor product 'Scotch-Brite Dish Sponge 6pcs ใหม่!' matches exactly with the master KVI candidate 'Scotch-Brite Dish Sponge 6pcs' in terms of brand (Scotch-Brite), model (Soft), size quantity (6 pcs), and unit (pcs). The additional term 'ใหม่!' does not affect the matching criteria."
592,KVI-HARD-0043,0.8605,match,"The competitor product 'Bosch Drill Bit St 5pcs' matches the master product 'Bosch Drill Bit Set 5pcs' in terms of brand (Bosch), product name (Drill Bit Set), and pack size (5pcs). The model and other details are consistent. Therefore, a match is confirmed."
643,KVI-FMCG-0060,0.7708,match,"The competitor product ('มาม่า MAMA Tom Yum Goong 55g ส่งฟรี') matches exactly with the master list product ('MAMA Tom Yum Goong 55g') in terms of brand (MAMA), model (Tom Yum), size (55g), and packaging unit (g)."
457,KVI-ELEC-0020,0.8549,match,"Both items share the same brand 'Energizer', model 'Max', and pack size of 8 pieces in 'pcs' units. The cleaned titles perfectly match, confirming that the competitor product is the same as the master list entry."
398,KVI-ELEC-0024,0.9577,match,"The competitor product 'Panasonic Eneloop AA 4pcs' matches the master list item with the same name, brand 'Panasonic', model 'Eneloop', and pack size of 4pcs."
635,KVI-FMCG-0009,0.8,match,"The competitor product 'เป๊ปซี่ Pepsi Cola 1,5L x12 PACK' matches with the KVI master item 'Pepsi Cola 1.5L'. Both have the same brand (Pepsi), the pack size of 1.5L, and the product type (Cola). The only difference is the packaging of 12 packs, which does not affect the match as size and brand are confirmed."
1412,KVI-ELEC-0030,0.9,match,"The brand 'Kingston' matches, the model corresponds as 'DT100', and the size is 64GB with a pack size of 1pcs, unit 'pcs' matches exactly. Therefore, all essential identifiers conform with the competitor product."
252,KVI-FMCG-0080,0.9229,match,"The product 'Anchor Butter Salted 227g' matches the master list entry with standardizedItemId 'KVI-FMCG-0080' in terms of brand ('Anchor'), model ('Salted'), pack size (227g), and unit (g)."
23,KVI-ELEC-0031,1.0,match,"The competitor product 'Apple AirPods Pro 2nd Gen 1pcs Hot Deal' matches exactly with the master product 'Apple AirPods Pro 2nd Gen 1pcs'. Both products have the same brand 'Apple', the same model 'A2698', the same pack size of 1.0 pcs, and the unit 'pcs'. No discrepancies in flavor, size, or variant."
201,KVI-ELEC-0022,0.7931,match,"The competitor product 'Duracell Plus Power AA 8pcs' matches exactly to the master KVI candidate 'Duracell Plus Power AA 8pcs' in brand (Duracell), model (Plus), size (8), and unit (pcs)."
1019,KVI-FMCG-0046,1.0,match,"The competitor product 'เลย์ Lay's Classic Salted 50g' matches the KVI master entry for 'Lay's Classic Salted 50g'. Both items share the exact brand 'Lay's', model 'Classic', size '50g', and unit 'g'."
250,KVI-ELEC-0024,0.9577,match,"The competitor product 'Panasonic Eneloop AA 4pcs PROMO -10%' exactly matches the master product 'Panasonic Eneloop AA 4pcs' in brand 'Panasonic', model 'Eneloop', pack size '4' in 'pcs', and does not describe a different flavor, size, or variant."
1600,KVI-FMCG-0071,1.0,match,"The competitor product 'Foremost Fresh Milk 830ml' matches exactly with the master KVI entry 'Foremost Fresh Milk 830ml'. Both have the same brand 'Foremost', model 'Fresh', size '830ml', and unit 'ml'."
439,KVI-FMCG-0087,0.874,match,"Raw title matches cleaned title. Brand 'Sunsilk' matches. Model 'Black Shine' corresponds with model 'Black'. Size '320' matches with packSize '320.0' and unit 'ml' matches. Therefore, the product matches our canonical master list."
308,KVI-FMCG-0017,1.0,match,"The competitor product 'Singha Beer 630ml' matches the master candidate 'Singha Beer 630ml' exactly in brand, size (630ml), and product name."
628,KVI-FMCG-0053,1.0,match,"The competitor product 'Pringles Original 147g Hot Deal' matches the master KVI item 'Pringles Original 147g'. Both have the same brand 'Pringles', model 'Original', size '147g' which is exactly the same in terms of physical metric units (grams). The price context does not affect the matching decision as it pertains only to the product's identification."
490,KVI-ELEC-0010,0.9585,match,"The competitor product 'Samsung 25W Fast Charger 1pcs' matches the master KVI candidate 'Samsung 25W Fast Charger 1pcs' in terms of brand (Samsung), product title, size (1 pcs), and unit (pcs). All identifiers match exactly."
351,KVI-HARD-0045,0.9,match,"The product from the competitor is a 'Bosch Drill Bit Set 15pcs', which matches both the brand 'Bosch' and the size '15pcs' found in the master list. The presence of similar terminology and the exact pack size confirm a match."
826,KVI-HARD-0001,0.9695,match,Brand: 3M matches with 3M. Model: Magic is equivalent. Size: 19mm is identical. Unit: mm indicates a direct match.
460,KVI-FMCG-0099,0.9,match,"The competitor product 'นีเวีย Nivea Body Lotion Whitening 400ml' matches exactly with master list entry 'Nivea Body Lotion Whitening 400ml' in terms of brand (Nivea), model (Whitening), size (400ml), and unit (ml). No discrepancies found in flavor, size or variant."
1582,KVI-FMCG-0057,0.9,match,"The competitor product 'Tasto Potato Chips 75g ลดราคา' matches exactly with the master product 'Tasto Potato Chips 75g'. The brand is 'Tasto', the model is 'Salted', the pack size is 75g, and the units are consistent. There are no discrepancies in flavor or size."
195,KVI-FMCG-0012,0.8,match,"The competitor product 'Sprit Lemon- Lime 1,5 L' matches the KVI master entry 'Sprite Lemon-Lime 1.5L' in brand ('Sprite'), model ('Classic'), and size (1.5L). The discrepancy in spacing and the character ' ลิตร' being a Thai word for 'L' does not affect the match as the key identifiers are the same."
1608,KVI-FMCG-0006,0.95,match,"The competitor product (Pepsi Cola 325ml) matches the master list item (Pepsi Cola 325ml) in terms of brand (Pepsi), model (Original), pack size (325ml), and unit (ml) exactly."
1969,,0.0,no_match,"The competitor product is a 'Generic phone case clear silicone', while the KVI master candidates are unrelated electronics products (Samsung Galaxy Buds 2 and SanDisk Ultra SD cards), which do not match in brand, model, or category."
139,KVI-HARD-0027,0.8882,no_match,The competitor product has a pack size of 1 piece while the best matching master product has a pack size of 1 piece but has a different brand (Scotch-Brite) compared to the competitor's unspecified brand.
377,KVI-FMCG-0077,0.9413,match,"The competitor product 'Dutch Mill UHT Milk 225ml PROMO -10%' matches the brand 'Dutch Mill', model 'UHT', size '225ml' and unit 'ml' exactly to the master list entry with ID 'KVI-FMCG-0077'."
452,KVI-FMCG-0079,0.95,match,"The competitor product 'Anchor Butter Salted 100g' exactly matches the master item 'Anchor Butter Salted 100g' in terms of brand (Anchor), model (Salted), size (100g), and unit (g). No discrepancies found."
453,KVI-HARD-0021,0.9688,match,"The competitor product 'Tupperware Modular Mate 1.7L PROMOTION' has the same brand 'Tupperware', the same model product name 'Modular Mate 1.7L', the same size of 1.7L, and same unit of 'L'. All identifiers match exactly."
1734,KVI-FMCG-0004,0.9214,match,"The product 'Coca Cola Coca-Cola Original Taste 1,5L' matches with 'Coca-Cola Original Taste 1.5L' from the master list. The brand 'Coca-Cola' matches exactly. The model is 'Classic', and the size is 1.5L, which matches the units and size quantity accurately."
1291,KVI-FMCG-0039,0.8432,match,"The competitor product 'Rd Bull Energy Drink 150ml' matches exactly with the master list item 'Red Bull Energy Drink 150ml' in terms of brand (Red Bull), model (Classic), size (150ml), and units (ml)."
1900,,0.0,no_match,"The competitor product 'Plastic flower pot 6 inch' does not match any items in the master list. The available KVI candidates are all watering cans and dish sponges, which do not match the product type, size, or brand."
1000,KVI-FMCG-0033,0.9499,match,"The competitor product 'Sprinkle Drinking Water 1.5L PROMO -10%' matches exactly with the master list item 'Sprinkle Drinking Water 1.5L' in terms of brand 'Sprinkle', size '1.5L', and model 'Water'. No discrepancies in size, unit, or brand are found."
1346,KVI-HARD-0025,1.0,match,"The brand 'Scotch-Brite' matches, the product name 'Dish Sponge 4pcs' matches, the pack size of 4.0 pcs matches, and the model 'Soft' is consistent. All identifiers correspond exactly without any discrepancies."
627,KVI-FMCG-0084,1.0,match,"The competitor product 'Pantene Shampoo Smooth Silky 480ml' matches exactly with the KVI master item 'Pantene Shampoo Smooth Silky 480ml' in brand (Pantene), model (Smooth), pack size (480ml), and unit (ml). No discrepancies found."
1391,KVI-FMCG-0073,0.8715,match,"The competitor product 'เมจิ Meiji Fresh Milk 200ml' matches exactly with the master KVI item 'Meiji Fresh Milk 200ml' in terms of brand (Meiji), model (Fresh), size (200ml), and unit (ml)."
1825,,0.0,no_match,"The competitor product 'Yoga mat 6mm thick blue' does not match any item in the canonical master list. None of the top available KVI candidates are yoga mats and there are significant differences in product type, brand, and specifications."
1201,,0.0,no_match,"The competitor product 'Rubber Glo. Yellow 1pcs BIG SALE' does not exactly match any item from the master list due to differences in brand and model. The brand is 'Rubber Glo' (not 'Scotch-Brite' or '3M'), and the item in the master list is a glove (specifically branded as 'Rubber Gloves Yellow'), while the competitor entry is vaguely indicated as 'Rubber Glo'. Additionally, the selling point of the competitor item suggests a 'BIG SALE', which is not referenced in the master list."
529,KVI-FMCG-0063,0.9174,match,"The competitor product 'MAMA Pork Flavor 55g' matches exactly with the master list item with ID 'KVI-FMCG-0063'. The brand 'MAMA', model 'Pork', size '55g' and unit 'g' are all identical."
1456,KVI-FMCG-0114,0.9605,match,"The competitor product 'Vixol Toilet Cleaner 900ml' matches exactly with the master KVI candidate 'Vixol Toilet Cleaner 900ml' in brand, model, size, and unit."
1979,,0.0,no_match,"The competitor product 'Generic phone case clear silicone' does not match any available master KVI candidates based on brand identifiers, model names, size quantities, and physical metric units."
1052,KVI-HARD-0039,0.9703,match,"The competitor product 'Karcher Garden Hose 15m' matches exactly with the master item 'Karcher Garden Hose 15m' in terms of brand ('Karcher'), model ('Standard'), size (15m), and unit (m)."
781,KVI-FMCG-0003,0.9,match,"The competitor product title matches the brand 'Coca-Cola' and the product name 'Original Taste' with the same size '1.25L'. The model is not considered as critical for this match, and all key identifiers align."
923,KVI-FMCG-0036,0.95,match,"The competitor product 'Nestle Pure Life Water 1.5 L' exactly matches the details of the master item 'Nestle Pure Life Water 1.5L' with the same brand 'Nestle', model 'Pure Life', pack size of 1.5 L, and identical physical metric units."
1796,,0.0,no_match,"The competitor product 'Random unbranded keychain 5pcs' does not match any item from the master list based on brand, model, and specifics. It describes an unlisted product which does not correspond to any of the items found: Anker and Kingston products with different pack sizes and categories."
396,KVI-FMCG-0037,1.0,match,"The competitor product 'M-150 Energy Drink 150ml' matches exactly with the master item 'M-150 Energy Drink 150ml' based on brand 'M-150', model 'Original', size '150ml', and unit 'ml'."
472,KVI-HARD-0007,0.823,match,"The competitor product with title 'บ๊อช Bosch Drill GSB 550 1pcs Hot Deal' matches the master KVI candidate 'Bosch Drill GSB 550 1pcs' in terms of brand (Bosch), model (GSB550), pack size (1.0 pcs), and unit (pcs). The description mentions no different flavor, size, or variant."
134,KVI-HARD-0018,0.937,match,"The competitor product 'Super Glue Loctite Original 5g' matches exactly with the master KVI product 'Super Glue Loctite Original 5g' based on brand, model, size (5g), and unit."
1215,KVI-ELEC-0014,0.8436,no_match,"Brand identifier 'Bel' does not match 'Belkin', which is the brand for the matched item. Therefore, this is classified as a no match."
1719,KVI-FMCG-0055,0.99,match,"The competitor product 'Pringles Sour Cream 147g' matches exactly with the master product. Brand (Pringles), model (Sour Cream), size (147g), and unit (g) are all identical."
1918,,0.0,no_match,"The competitor product is a USED iPhone 8 64GB unlocked, which does not match the brand (Apple vs SanDisk/Kingston), model (iPhone vs SD/DT100), and is an electronic device while the KVI candidates are storage devices."
354,KVI-FMCG-0021,0.8164,match,"The competitor product 'Heineken Lager 330ml' matches exactly with the master item 'Heineken Lager 330ml' on brand ('Heineken'), model ('Original'), and pack size (330ml) without any discrepancies in flavor or variant."
1451,KVI-HARD-0002,0.971,match,"The competitor item '3M Scotch Magic Tape 25mm' matches the master product entry with the same name, brand '3M', model 'Magic', and size of '25mm'."
322,KVI-ELEC-0031,0.9413,match,"Exact match found for product name 'Apple AirPods Pro 2nd Gen 1pcs', brand 'Apple', model 'A2698', size '1' and unit 'pcs'."
1123,KVI-HARD-0044,0.8401,match,The brand 'Bosch' matches with the canonical list. The product name 'Bosch Drill Bit Set 10pcs' matches the competitor's cleaned title. Size quantity of 10pcs and metric unit 'pcs' also match exactly.
104,KVI-FMCG-0052,0.99,match,"The competitor product 'Pringles Original 110g' matches exactly with the master KVI candidate 'Pringles Original 110g' in terms of brand ('Pringles'), model ('Original'), size (110g), and unit (g). The physical metrics and product identifiers are also aligned."
320,KVI-FMCG-0071,0.9,match,"The competitor product 'โฟร์โมสต์ Foremost Fresh Milk 830ml' matches exactly with the master KVI candidate 'Foremost Fresh Milk 830ml'. Brand identifier 'Foremost' is the same, model name 'Fresh' is identical, and both have the same size quantity of 830ml. No discrepancies in units or flavor were found, confirming a match."
365,KVI-HARD-0036,0.95,match,"The competitor product 'Baygon Insect Spray Multi 300ml BUNDLE' matches exactly with the master product 'Baygon Insect Spray Multi 300ml'. Both have the same brand 'Baygon', model 'Multi', size of 300ml, and are in the same category. The 'BUNDLE' in the competitor title does not alter the product identification."
442,KVI-FMCG-0092,0.803,match,"The competitor product 'Col. Toothpaste Total 75g BUNDLE' matches the master product 'Colgate Toothpaste Total 75g' in terms of brand 'Colgate', model 'Total', pack size '75g', and unit 'g'. All criteria for an exact match are satisfied."
753,KVI-HARD-0011,0.9709,match,"The competitor product '3M Microfiber Cloth Yellow 4pcs' matches exactly with the master product entry '3M Microfiber Cloth Yellow 4pcs' in terms of brand ('3M'), model ('Microfiber'), and size (4 pcs)."
299,KVI-FMCG-0095,0.832,match,"The competitor product 'Sensodyne Toothpste Original 75g x12 PACK' matches exactly with the master list item 'Sensodyne Toothpaste Original 75g'. The brand is 'Sensodyne', the model is 'Original', the pack size is 75g, and the unit is 'g'. The only difference is the additional notation of 'x12 PACK' which indicates packaging (12 units), not a different variant or flavor."
496,KVI-ELEC-0019,0.8479,match,"The competitor product 'เอเนอร์ไจเซอร์ Energizer Max AAA 4pcs' exactly matches the master product 'Energizer Max AAA 4pcs' in brand (Energizer), model (Max), size (4pcs), and packaging (4pcs)."
1202,KVI-FMCG-0098,0.8913,match,"The competitor product 'Nivea Body Lotion Whitening 200ml BUNDLE' matches exactly with the master product 'Nivea Body Lotion Whitening 200ml' in terms of brand (Nivea), model (Whitening), and size (200ml). The only difference is the mention of 'BUNDLE', which does not affect the core product match."
1820,,0.0,no_match,Filtered by local retrieval layer: Similarity score fell well below minimum structural threshold.
1669,KVI-ELEC-0035,0.873,match,"The competitor product 'Apple MagSafe Charger 1pcs' matches exactly with the master list product 'Apple MagSafe Charger 1pcs'. The brand 'Apple' and the pack size of '1pcs' match perfectly. Thus, a true match is confirmed."
449,KVI-HARD-0044,1.0,match,"The competitor product 'Bosch Drill Bit Set 10pcs' matches exactly with the master KVI candidate 'Bosch Drill Bit Set 10pcs' in terms of brand (Bosch), product name, model (PRO), pack size (10), and unit (pcs)."
1100,KVI-FMCG-0021,0.95,match,"The competitor product has the brand 'Heineken', matches the model 'Original', is 330ml in size (equivalent to 330M in the competitor title), and corresponds to the product name 'Heineken Lager 330ml'. All key attributes (brand, size, and type) are consistent with the master list."
332,KVI-ELEC-0008,0.9,match,"The competitor product 'Anker USB-C 20W Cha. 1pcs' exactly matches the master entry 'Anker USB-C 20W Charger 1pcs' in brand (Anker), model (A2633), quantity (1pcs), and unit (pcs). No discrepancies in size, flavor, or variant were found."
898,KVI-FMCG-0029,1.0,match,"The competitor product 'Crystal Drinking Water 600ml ใหม่!' exactly matches the master list item 'Crystal Drinking Water 600ml' in brand (Crystal), model (Water), pack size (600ml), and unit (ml)."
1478,KVI-FMCG-0060,0.857,match,"The competitor product 'มาม่า MAMA Tom Yum Goong 55g' matches exactly with the master product 'MAMA Tom Yum Goong 55g' in brand ('MAMA'), model ('Tom Yum'), size (55g), and unit ('g'). Therefore, it is confirmed as a match."
140,KVI-ELEC-0005,0.8502,match,"The competitor product 'Anker PowerLine USB-C 0.9m' matches exactly with the master KVI candidate 'Anker PowerLine USB-C 0.9m' in brand ('Anker'), model ('A8187'), size (0.9m). Both items describe the same product with the same specifications."
524,KVI-HARD-0014,0.9384,match,"The competitor product 'Glad Trash Bag Black 30 Gallon 30pcs' matches with the master entry 'Glad Trash Bag Black 30 Gallon 30pcs'. Both share the same brand 'Glad', model 'Strong', pack size of 30 pcs, and identical product name."
918,KVI-ELEC-0025,0.9228,match,"The competitor product 'Philips LED Bulb 9W Warm White 1pcs Free Delivery' matches the master KVI candidate 'Philips LED Bulb 9W Warm White 1pcs'. Both have the same brand 'Philips', the same model 'Essential' is inferred by the context of the product description, identical size with a pack size of 1pcs, and both are in the same unit of measure, 'pcs'."
1633,KVI-FMCG-0063,1.0,match,"The competitor product 'MAMA Pork Flvor 55g' matches exactly with the master list entry 'MAMA Pork Flavor 55g'. Both have the same brand 'MAMA', model 'Pork', size of 55g, and unit 'g'. The only difference is an apparent typo in the competitor's title ('Flvor' instead of 'Flavor'), but the meaning remains the same, confirming a match."
187,KVI-FMCG-0072,1.0,match,"The competitor product 'Foremost Fresh Milk 2L' matches exactly with the master product 'Foremost Fresh Milk 2L' in terms of brand 'Foremost', model 'Fresh', size '2L', and unit of measurement 'L'. No discrepancies found."
1915,,0.0,no_match,"The competitor product is a USED iPhone 8 64GB unlocked, which is a smartphone. None of the master KVI candidates match this product as they are all memory cards (SanDisk Ultra SD and Kingston DataTraveler). The brands, model names, sizes, and categories do not align. Thus, the comparison results in a no_match."
742,KVI-FMCG-0114,0.78,match,"The brand 'Vixol' matches, the model is 'Original', size is 900ml which is exactly the same as the competitor's entry, and the product is a toilet cleaner. No differences in flavor or variant."
1815,,0.0,no_match,"The competitor product 'DIY craft glue gun mini' does not match any of the available master KVI candidates. The competitor product is a glue gun, while the KVI candidates are various types of glue from the 'Loctite' brand, with different sizes (3g, 5g) and a different product category (adhesives), indicating a failure to match on product type, brand, and specifications."
303,KVI-FMCG-0023,0.9406,match,"The competitor product 'Heineken Lager 620ml' matches the master product 'Heineken Lager 620ml'. Both have the same brand 'Heineken', size (620ml), and product type. No flavor or variant differences exist."
1538,KVI-HARD-0008,0.957,match,"The competitor product 'Scotch-Brite Sponge Multi-Purpose 3pcs' matches the master list entry 'Scotch-Brite Sponge Multi-Purpose 3pcs' in terms of brand (Scotch-Brite), model (Heavy), size (3pcs), and unit (pcs)."
768,KVI-FMCG-0012,0.9091,match,"The competitor product is 'Sprite Lemon-Lime 1.5L' which matches both the brand 'Sprite' and the model name 'Classic'. The pack size of 1.5 liters and unit 'L' are identical to those listed in the master KVI candidate with ID KVI-FMCG-0012. Therefore, a match is confirmed."
1907,,0.0,no_match,"The competitor product 'USED iPhone 8 64GB unlocked' does not match any of the KVI master candidates as they all refer to SD cards which are different products. No direct match found in terms of brand, model, or item category."
329,KVI-ELEC-0002,0.955,match,"The competitor product 'Apple Lightning USB Cable 2m' matches exactly with the master item 'Apple Lightning USB Cable 2m' in terms of brand ('Apple'), model ('MD818'), pack size (2.0), and unit ('m'). There are no discrepancies in flavor, size, or variant."
401,KVI-FMCG-0040,0.9508,match,"Brand matches (Red Bull), model matches (Classic), size matches (250ml), and physical metric units match (ml)."
1939,,0.0,no_match,"The competitor product is a 'Yoga mat 6mm thick blue', which does not match any of the master KVI candidates. Master candidates are all 3M microfiber cloths and duct tape, which are entirely different products. No matches in brand, model, size, or type."
54,KVI-FMCG-0069,0.9588,match,"The competitor product 'Foremost Fresh Milk 225ml' matches exactly with the master item in terms of brand ('Foremost'), model ('Fresh'), size quantity (225ml), and physical metric units (ml)."
68,KVI-FMCG-0079,0.95,match,"Both products are from the brand 'Anchor', with the same model 'Salted', same size of 100g, and the same unit of measurement 'g'. The only difference is the product's presentation as a gift set, which does not change the underlying product."
369,KVI-FMCG-0015,0.8384,match,"The competitor product 'Singha Beer 320ml Hot Deal' matches the master list entry 'Singha Beer 320ml'. Both have the same brand 'Singha', size of 320ml, and the product name closely matches. The physical units are consistent and there is no indication of a different flavor or variant."
1422,KVI-ELEC-0004,0.9,match,"The competitor product 'Apple USB-C to Lightning 2m' matches with the master entry 'Apple USB-C to Lightning 2m'. Both have the same brand (Apple), the same model (MX0K2), the same size (2m), and the same unit (m). No discrepancies in flavor, size, or product variants were noted."
844,KVI-FMCG-0114,0.8089,match,"The competitor product is 'Vixol Toilet Cleaner 900' which matches the master list entry 'Vixol Toilet Cleaner 900ml' in terms of brand (Vixol), model (Original), and pack size (900ml). Thus, this entry is confirmed to be a match."
1499,,0.0,no_match,"The competitor product is 'Vix. Toilet Cleaner 450ml', but the matching candidates are all variants of 'Vixol Toilet Cleaner', indicating a different brand ('Vix' vs. 'Vixol'). Additionally, there are no compatible products with the exact brand name and model specified."
1401,KVI-ELEC-0004,0.9449,match,"The competitor product matches the master list item in brand ('Apple'), model ('MX0K2'), size ('2m'), and units ('m'). There is no indication of different flavors, sizes, or variants, confirming it is the exact product."
1761,,0.0,no_match,"The competitor product is a 'Plastic flower pot 6 inch', which does not match any of the available master KVI candidates. The candidates represent watering cans and a dish sponge, all of which are completely different product categories. Additionally, there are no matching brand identifiers, model names, sizes, or any other descriptors."
1611,KVI-FMCG-0007,0.8455,match,"The competitor product 'Pepsi Cola 500ml' matches the master list entry 'Pepsi Cola 500ml' in terms of brand (Pepsi), model (Original), size (500ml), and unit (ml)."
887,KVI-HARD-0027,0.957,no_match,"The competitor product is 'Rubber Gloves Yellow 1pcs', but the closest match is 'Rubber Gloves Yellow 1pcs' from KVI master list which has a different brand ('Scotch-Brite') compared to the implied brand of the competitor (undefined). Since the brand does not match and no brand is indicated, this results in a 'no_match' decision."
1189,KVI-FMCG-0066,0.9398,match,"The competitor product 'WaiWai Original 90g' matches the master KVI entry 'WaiWai Original 90g' in brand ('WaiWai'), model ('Original'), size (90g), and units (g)."
1705,KVI-HARD-0014,0.9384,match,"The competitor product 'Glad Trash Bag Black 30 Gallon 30pcs' matches exactly with the master KVI product 'Glad Trash Bag Black 30 Gallon 30pcs' in terms of brand (Glad), model (Strong), size (30 Gallon), quantity (30 pcs), and unit (pcs)."
1578,KVI-ELEC-0039,0.8498,match,"The competitor's product 'Smsung Galaxy Buds 2 1pcs' matches exactly with the master item 'Samsung Galaxy Buds 2 1pcs' in terms of brand (Samsung), model (Buds2), size (1pcs), and unit (pcs). The only discrepancy is a typo in the competitor's brand name 'Smsung' instead of 'Samsung', but it is clear they refer to the same product."
1156,KVI-FMCG-0068,1.0,match,"The competitor product 'Yum Yum Chicken Noodle 90g ใหม่!' matches exactly with the master item 'Yum Yum Chicken Noodle 90g'. The brand 'Yum Yum', model 'Chicken', pack size '90g', and unit 'g' are all identical."
1350,KVI-ELEC-0012,0.95,match,"Verified that the brand 'Anker', model name 'A1263', size quantity '1', and unit 'pcs' all match exactly with the competitor product."
905,KVI-HARD-0002,0.971,match,"The competitor product '3M Scotch Magic Tape 25mm' matches exactly with the master item '3M Scotch Magic Tape 25mm' in brand (3M), model (Magic), size (25mm), and metrics (mm)."
342,KVI-HARD-0031,0.8,match,"The competitor product 'Windex Glass Cleaner 500. Hot Deal' matches the master KVI product 'Windex Glass Cleaner 500ml'. Both share the same brand 'Windex', the model is compatible with 'Original', and the size/quantity is matched at 500ml. The slight variance in the title with 'Hot Deal' does not affect the core identifiers."
553,KVI-FMCG-0030,0.89,match,"The competitor product 'Crystal Drinking Water 1.5L SET 6 ขวด' has a cleaned title of 'Crystal Drinking Water 1.5L', which exactly matches the master product 'Crystal Drinking Water 1.5L'. The brand 'Crystal', model 'Water', size '1.5L', and unit 'L' all match exactly."
1879,,0.0,no_match,"The competitor product is a 'DIY craft glue gun mini' which does not match any of the available master KVI candidates based on product type, brand, and pack size."
130,KVI-HARD-0034,0.9535,match,"The competitor product 'Glade Air Freshener Lavender 400ml' matches the master product 'Glade Air Freshener Lavender 400ml' in brand, model, size (400ml), and units (ml). All attributes are identical."
1555,,0.0,no_match,"The competitor product is 'Rubbr Gloves Yellow 1pcs', while the closest match from the master list is 'Rubber Gloves Yellow 1pcs', but the brand 'Scotch-Brite' does not match the competitor's unspecified brand. The pack size of 1 pcs does match the competitor's, but due to the brand discrepancy and the fact that the competitor's title has a misspelling, this results in 'no_match'."
1729,KVI-FMCG-0046,0.95,match,"Brand 'Lay's' matches the competitor product. Model name 'Classic' matches exactly. Size quantity of 50g is identical in both entries. Therefore, the competitor product matches the item from the master KVI list."
761,KVI-HARD-0031,0.7657,match,"The competitor product matches the KVI master list as it has the same brand (Windex), exact product name (Windex Glass Cleaner 500ml), size (500ml), and unit (ml), confirming it is not a different flavor, size, or variant."
200,KVI-FMCG-0076,0.9,match,"The brand 'Dutch Mill' matches the competitor entry. The product name 'Dutch Mill UHT Milk 180ml' matches the cleaned title. The pack size 180ml is identical to the competitor's specification of 180ml. Therefore, all identifiers (brand, model, size, and unit) match exactly."
813,KVI-FMCG-0039,0.9536,match,"The competitor product 'Red Bull Energy Drink 150ML' matches the master KVI candidate 'Red Bull Energy Drink 150ml' in terms of brand, model, and size. Both have the exact brand 'Red Bull', the same model (implicitly Classic), and the same pack size of 150ml, with only a minor difference in the case of 'ml' in the cleaned title."
179,KVI-FMCG-0083,0.9,match,"The competitor product 'แพนทีน Pantene Shampoo Smooth Silky 300ml' matches exactly with the master entry for Pantene Shampoo Smooth Silky 300ml in terms of brand (Pantene), model (Smooth), size (300ml), and packaging (ml). All identifiers align perfectly, confirming it is the same product."
1966,,0.0,no_match,"The competitor product 'Cute cat ear hairband' does not match any items in the canonical master list. All candidates are related to electronics and hardline products, whereas the competitor product is a hair accessory. No brand, model, size or unit matches."
1898,,0.0,no_match,"The competitor product is a 'DIY craft glue gun mini', which does not match any of the candidate products. The candidates are all different types of glue and a drill, which do not correspond to the competitor's glue gun product."
618,KVI-HARD-0040,0.8835,match,"The competitor product 'Karcher Garden Hose 20m BUNDLE' matches with the master candidate 'Karcher Garden Hose 20m' in brand ('Karcher'), model ('Standard'), size quantity (20m), and physical metric unit (m). No differences in flavor, size, or variant detected."
393,KVI-ELEC-0007,0.95,match,"The competitor product and the master product have the same brand 'Anker', the same model 'PowerLine USB-C 3m', the same size '3m', and the same unit 'm'. The description matches exactly without any discrepancies."
1253,KVI-FMCG-0024,1.0,match,"The competitor product 'Singha Drinking Water 330ml' matches the master list item 'Singha Drinking Water 330ml' in brand, model, pack size (330ml), and unit (ml) exactly."
402,KVI-HARD-0038,0.9697,match,"The competitor product 'Karcher Garden Hose 10m' matches perfectly with the master KVI candidate 'Karcher Garden Hose 10m' in terms of brand, model, pack size of 10.0, and unit in meters."
66,KVI-FMCG-0100,0.95,match,"The competitor product 'Tide Powder Detergent 900g' matches exactly with the master list item 'Tide Powder Detergent 900g'. The brand 'Tide', model 'Original', pack size '900g', and unit 'g' are all the same."
1319,KVI-HARD-0018,1.0,match,"Brand 'Loctite' matches exactly. Model 'Super' matches exactly. Pack size '5g' matches exactly. The product descriptions are identical, confirming it is the same product."
60,KVI-FMCG-0072,0.9,match,"The competitor product 'Foremost Fresh Milk 2L ใหม่!' matches the master product 'Foremost Fresh Milk 2L' due to identical brand 'Foremost', model 'Fresh', size '2L' consistency, and unit 'L'. The additional descriptor 'ใหม่!' does not impact the match, as it is not a defining characteristic of the product."
1525,KVI-FMCG-0085,0.9571,match,"The competitor product 'Pantene Shampoo Smooth Silky 650ML' matches the master item 'Pantene Shampoo Smooth Silky 650ml' in brand (Pantene), model (Smooth), size (650ml), and unit (ml). No discrepancies found."
1885,,0.0,no_match,"The competitor product 'Generic phone case clear silicone' does not match any items in the master KVI candidates. The products listed are unrelated electronic items (Samsung Galaxy Buds and SanDisk SD cards) which have different categories, brands, and product types."
548,KVI-HARD-0003,0.9612,match,"The competitor product '3M Duct Tape Silver 48mm' matches exactly with the master list entry. Both share the same brand '3M', model 'Heavy', and pack size of 48mm."
573,KVI-FMCG-0075,1.0,match,"The competitor product 'เมจิ Meiji Fresh Milk 830ml' matches precisely with the master product 'Meiji Fresh Milk 830ml'. Both have identical brand ('Meiji'), model ('Fresh'), and size (830ml) with matching units (ml). No flavor or variant mismatch. Confirmed as an exact match."
376,KVI-FMCG-0083,1.0,match,"The brand is Pantene, the model is Smooth, the size is exactly 300ml which matches the competitor entry. All identifiers are perfectly aligned with the canonical master list."
670,KVI-ELEC-0022,0.98,match,"Competitor product matches with KVI entry where brand (Duracell), model (Plus), size (AA), and quantity (8 pcs) are identical."
1481,KVI-FMCG-0043,0.8,match,"The competitor product 'Nescafe Original 180ml Hot Deal' matches with the master list item 'Nescafe Original 180ml'. Both have the same brand 'Nescafe', model 'Original', size '180ml', and unit 'ml', confirming a true match."
1662,KVI-HARD-0028,0.884,match,"The competitor product is 'Rubber Gloves Yellow 2pcs x12 PACK', which corresponds to the master list entry 'Rubber Gloves Yellow 2pcs' from Scotch-Brite brand. Both the brand, model, size (2 pcs), and unit (pcs) match exactly, confirming this as a valid match."
488,KVI-FMCG-0088,0.938,match,"The competitor product 'Sansilk Sunsilk Shampoo Black Shine 480ml' matches exactly with the standardized master item 'Sunsilk Shampoo Black Shine 480ml' in terms of brand ('Sunsilk'), model ('Black'), size quantity (480ml), and physical metric units (ml)."
996,KVI-FMCG-0033,0.9499,match,"The competitor product 'Sprinkle Drinking Water 1.5L' matches exactly with the master product 'Sprinkle Drinking Water 1.5L' in brand, model, size (1.5L), and unit (L)."
922,KVI-FMCG-0103,0.8851,match,"The competitor product is 'Com. Fabric Softener Pink 600ml', which matches the brand 'Comfort', model 'Pink' and pack size '600ml' of the master item 'Comfort Fabric Softener Pink 600ml'."
1744,KVI-FMCG-0053,0.9,match,"The competitor product 'Pri. Original 147g' matches exactly with the master KVI candidate 'Pringles Original 147g' in terms of brand (Pringles), model (Original), size (147g), and unit (g)."
839,KVI-FMCG-0013,0.95,match,"The competitor product 'Fanta Ora. 325ML' is a Fanta brand drink with a size of 325 ml, which matches the master candidate 'Fanta Orange 325ml' in brand, model (Orange), size (325 ml), and unit (ml). There is a slight difference in the product name but the core identifiers (brand, size, unit) align."
1871,,0.0,no_match,"The competitor product 'Yoga mat 6mm thick blue' does not match any of the items in the KVI master list which are related to '3M Microfiber Cloth' and '3M Duct Tape', thus differing in brand, model, and product type."
1899,,0.0,no_match,"The competitor product 'DIY craft glue gun mini' does not match any product from the master list in terms of brand, model, and product type. The master candidates only feature various types of glue from the brand 'Loctite', not a glue gun."
1419,KVI-FMCG-0071,1.0,match,"The competitor product entry 'โฟร์โมสต์ Foremost Fresh Milk 830ml' matches the master list item 'Foremost Fresh Milk 830ml' by the same brand 'Foremost' and the exact model 'Fresh', with the same size of 830 ml."
212,KVI-FMCG-0019,0.9075,match,"The competitor product 'ช้าง Chang Beer 490ml' matches the master candidate with the same product name, brand 'Chang', size '490ml', and unit 'ml', confirming it as an exact match."
710,KVI-FMCG-0106,0.8762,match,"The competitor product 'Downy Concentrate Lav. 600ml' matches exactly with the master item 'Downy Concentrate Lavender 600ml' in brand ('Downy'), model ('Lavender'), size (600ml), and unit (ml)."
1106,KVI-HARD-0010,0.8946,match,"The competitor product '3M Microfibr Cloth Yellow 2pcs' exactly matches the master product '3M Microfiber Cloth Yellow 2pcs' in brand ('3M'), model ('Microfiber'), size (2 pcs), and unit ('pcs'). Therefore, it is confirmed as a match."
821,KVI-FMCG-0031,0.9479,match,"Both the competitor product and the matched item have the same brand 'Sprinkle', product name 'Drinking Water', and exact pack size of 330ml. All identifiers match exactly."
705,KVI-FMCG-0109,0.8464,match,"The competitor product 'Dettol Antibcterial Liquid 250ml x12 PACK' matches the master list item 'Dettol Antibacterial Liquid 250ml' by brand 'Dettol', model 'Original', size of 250ml, and unit 'ml'. However, it is part of a pack of 12, which is not directly listed but is considered a variation of the same product size."
1371,KVI-ELEC-0029,0.8531,no_match,The competitor product specifies 'SanDisk Ult.' whereas the KVI master product is 'SanDisk Ultra'; the brand model does not match exactly.
1257,KVI-FMCG-0061,1.0,match,"The competitor product 'MAMA Tom Yum Goong 60g' exactly matches the master product 'MAMA Tom Yum Goong 60g' in brand (MAMA), model (Tom Yum), size (60g), and physical metric unit (g)."
129,KVI-FMCG-0013,0.9637,match,"The competitor product 'Fanta Orange 325ML' matches exactly with the master product 'Fanta Orange 325ml' in terms of brand (Fanta), model (Orange), size (325), and units (ml). The slight difference in capitalization between 'ml' and 'ML' is not significant for matching purposes."
730,KVI-FMCG-0025,1.0,match,"The competitor product titled 'Singha Drinking Water 600ml' matches exactly with the master item 'Singha Drinking Water 600ml'. Both share the same brand 'Singha', model 'Water', and size of 600ml, confirming it's a true match without discrepancies."
729,KVI-ELEC-0032,0.9196,match,"The competitor product 'Sony WH-1000XM5 1pcs' matches exactly with the master KVI item 'Sony WH-1000XM5 1pcs' in terms of brand (Sony), model (WH1000XM5), size (1pcs), and unit (pcs). The similarity score is high enough to confirm a match."
1234,KVI-HARD-0035,0.8539,match,"The competitor product 'Baygon Mosquito Coil 10pcs BIG SALE' matches the master entry 'Baygon Mosquito Coil 10pcs' exactly in brand ('Baygon'), model ('Original'), size ('10pcs'), and unit ('pcs'). No discrepancies found, and the promotional phrase 'BIG SALE' does not alter the product identity."
1375,KVI-FMCG-0026,0.835,match,"The competitor product 'Singh Singha Drinking Water 1.5L' matches with the master KVI product 'Singha Drinking Water 1.5L'. Both have the same brand 'Singha', model 'Water', and pack size of 1.5L. The descriptions are identical in flavor and size."
1850,,0.0,no_match,"The competitor product is a 'Cooking apron floral pattern' which does not match any of the physical metrics, brand, or model of the master KVI candidates that are all related to fabric softeners and cleaning sponges."
1177,KVI-FMCG-0073,0.9596,match,"The competitor product 'Meiji Fresh Milk 200ML' matches the master KVI product 'Meiji Fresh Milk 200ml' in terms of brand (Meiji), model (Fresh), size (200ml), and units (ml). The only difference is the capitalization of 'ml', which does not signify a variation in the product."
1457,KVI-FMCG-0043,1.0,match,"Matched competitor product 'Nescafe Original 180ml Hot Deal' with master list item 'Nescafe Original 180ml'. Brand: Nescafe, Model: Original, Pack Size: 180ml, Unit: ml match exactly."
1693,KVI-FMCG-0098,0.963,match,"The competitor product 'Nivea Body Lotion Whitening 200ML' exactly matches the master KVI candidate 'Nivea Body Lotion Whitening 200ml' in brand 'Nivea', model 'Whitening', size 200.0, and unit 'ml'."
156,KVI-FMCG-0083,0.8246,match,"The competitor product is 'Pantene Shampoo Smooth Silky 300ml GIFT SET', which matches with the master list product 'Pantene Shampoo Smooth Silky 300ml' in brand, model, size, and unit."
502,KVI-FMCG-0057,0.9436,match,"The competitor product 'Tasto Potato Chips 75g' matches exactly with the master KVI candidate 'Tasto Potato Chips 75g'. Both have the same brand 'Tasto', model 'Salted', pack size of 75g, and unit in grams."
1933,,0.0,no_match,"The competitor product is a 'Generic phone case clear silicone', whereas the master list entries are all unrelated electronic items (Samsung Galaxy Buds and SanDisk Ultra SD cards). There is no match in terms of brand, model, or product type."
885,KVI-FMCG-0009,0.8476,match,"The competitor product 'Pepsi Cola 1.5L' matches our master KVI entry 'Pepsi Cola 1.5L' exactly in brand ('Pepsi'), model ('Original'), size (1.5L), and unit (L). No discrepancies in flavor or variant."
5,KVI-ELEC-0012,0.95,match,"The competitor product 'Anker Pow. 10000 1pcs' matches with the master product 'Anker PowerCore 10000 1pcs' in terms of brand (Anker), model (A1263), size quantity (1), and unit (pcs). The names are also sufficiently similar, confirming it as a match."
1403,KVI-HARD-0007,0.89,match,"The competitor product 'Bosch Drill GSB 550 1pcs' matches the master KVI candidate 'Bosch Drill GSB 550 1pcs' in brand (Bosch), model (GSB550), pack size (1.0), and unit (pcs), confirming it is the same product."
527,KVI-ELEC-0030,0.8439,no_match,"The competitor product cites 'Kin' as the brand, while the master candidate's brand is 'Kingston'. Although the model and size are similar, the brand mismatch leads to a decision of 'no_match'."
1445,KVI-FMCG-0073,0.8715,match,"The competitor product 'Meiji Fresh Milk 200ml' matches exactly with the available master KVI candidate 'Meiji Fresh Milk 200ml' in terms of brand (Meiji), model (Fresh), size (200ml), and units (ml). Therefore, it qualifies as a match."
16,KVI-FMCG-0087,1.0,match,"The competitor product 'Sansilk Sunsilk Shampoo Bla. Shine 320ml' matches exactly with KVI product 'Sunsilk Shampoo Black Shine 320ml' based on the following criteria: Brand: 'Sunsilk', Model: 'Black', Size: 320ml, and Unit: 'ml' all align perfectly."
1498,KVI-HARD-0034,0.953,match,"The competitor product 'Glade Air Freshener Lavender 400ml' has the same brand 'Glade', model 'Lavender', size of 400ml, and matches the physical metric units. No discrepancies found."
1940,,0.0,no_match,"The competitor product is a USED iPhone 8 with 64GB storage, whereas the KVI candidates are all memory storage products (SD cards) by different brands (SanDisk, Kingston). No brand, model, or product type match is found."
1025,KVI-FMCG-0095,0.924,match,"Competitor product 'Sensodyne Toothpste Original 75g' matches master item 'Sensodyne Toothpaste Original 75g' in brand 'Sensodyne', model 'Original', pack size '75g', and unit 'g'."
1087,KVI-FMCG-0046,0.9,match,"The competitor product 'Ly's Classic Salted 50g' matches the master KVI product 'Lay's Classic Salted 50g' based on brand 'Lay's', model 'Classic', and the pack size of 50g, which are identical."
554,KVI-FMCG-0054,0.95,match,"The competitor product 'Pringles Sour Crea. 110g' matches exactly with the master KVI candidate 'Pringles Sour Cream 110g' in terms of brand (Pringles), model (Sour Cream), pack size (110g), and unit (g). There are no discrepancies in flavor, variant, or size."
1250,KVI-HARD-0040,0.969,match,"The competitor product 'Karcher Garden Hose 20m' matches the master list item with standardizedItemId 'KVI-HARD-0040'. Both have the same brand 'Karcher', exact size of 20m, and match on product name with no variant differences."
1060,KVI-HARD-0045,0.8439,match,"The competitor product 'บ๊อช Bosch Drill Bit St 15pcs' matches with the master KVI candidate 'Bosch Drill Bit Set 15pcs' in brand (Bosch), model (PRO), size quantity (15pcs), and unit (pcs). All identifiers correspond accurately."
1722,KVI-FMCG-0099,0.966,match,"The competitor product 'Nivea Body Lotion Whitening 400ML' matches exactly with the master item 'Nivea Body Lotion Whitening 400ml' as both have the same brand (Nivea), model (Whitening), and pack size (400 ml)."
1262,KVI-FMCG-0078,0.95,match,"The competitor product 'Dutch Mll UHT Milk 1L' matches with master entry 'Dutch Mill UHT Milk 1L'. Both have the same brand 'Dutch Mill', the same model 'UHT', the same size quantity of 1L, and use the unit 'L'. All identifiers align perfectly."
1354,KVI-FMCG-0039,0.95,match,"The competitor product 'Red Bull Ene. Drink 150ml' matches the master item 'Red Bull Energy Drink 150ml' exactly on brand ('Red Bull'), model ('Classic'), size (150ml), and unit (ml)."
475,KVI-FMCG-0029,0.9,match,"The competitor product 'Crystal Drinking Water 600. x12 PACK' matches the master item 'Crystal Drinking Water 600ml' based on brand (Crystal), model (Water), and size (600ml), with unit 'ml'. The pack count of 12 does not affect the match, as the size and brand identifiers match exactly."
925,KVI-FMCG-0009,0.8476,match,"The competitor product 'Pepsi Cola 1.5L' matches the master KVI candidate 'Pepsi Cola 1.5L' in brand (Pepsi), model (Original), size (1.5L), and unit (L). All identifiers align exactly."
1494,KVI-FMCG-0053,0.95,match,"The competitor product 'Pri. Original 147g' matches the master KVI product 'Pringles Original 147g' in brand ('Pringles'), model ('Original'), size (147g) and unit (g). All identifiers are consistent and no variations in flavor, size, or other attributes were detected."
539,KVI-ELEC-0026,0.96,match,"The brand 'Philips', model 'Essential', size 3pcs, and unit 'pcs' match exactly with the competitor product 'Philips LED Bulb 9W Warm White 3pcs'."
542,KVI-ELEC-0020,1.0,match,"The competitor product 'Energizer Max AAA 8pcs' matches exactly with the master item 'Energizer Max AAA 8pcs'. Both items have the same brand 'Energizer', model 'Max', pack size of 8.0, and unit 'pcs', confirming a true match."
715,KVI-HARD-0009,0.95,match,"The competitor product 'Scotch-Brite Sponge Multi-Purpose 5pcs' exactly matches the master product in brand (Scotch-Brite), product name, size (5pcs), and metrics. There are no differences in flavor, size, or variants."
1133,KVI-FMCG-0013,0.9,no_match,"The brand 'Fanta' matches, but the model 'Ora' does not match the model 'Orange' in the KVI entry, indicating a different flavor."
1814,,0.0,no_match,"The competitor product 'Random unbranded keychain 5pcs' is unbranded and does not match any of the known brand identifiers (Anker, Kingston) or any model names or size quantities listed in the master list."
1697,KVI-HARD-0027,0.957,no_match,"The competitor product 'Rubber Gloves Yellow 1pcs' does not match the brand 'Scotch-Brite' of the KVI candidate, which is specifically identified as such. The match score is high, but the brand discrepancy leads to a final decision of 'no_match'."
1521,KVI-FMCG-0055,1.0,match,"The competitor product 'Pringles Sour Cream 147g' matches exactly with the master KVI item. Verified details: Brand - Pringles, Model - Sour Cream, Size - 147g."
634,KVI-FMCG-0012,0.95,match,"The competitor product 'Sprite Lemon-Lime 1.5L' matches the master list item 'Sprite Lemon-Lime 1.5L' in terms of brand, model, size (1.5L) and units (L). There are no discrepancies in flavor, size or variants."
1304,KVI-ELEC-0002,0.7547,match,"The competitor product matches the master list entry for 'Apple Lightning USB Cable 2m' based on brand 'Apple', model 'MD818', size '2m', and unit 'm'. All attributes align precisely."
1570,KVI-ELEC-0023,0.8908,match,"The competitor product 'Pan. Eneloop AA 2pcs' matches the master entry 'Panasonic Eneloop AA 2pcs' in brand (Panasonic), model (Eneloop), size quantity (2), and unit (pcs). Therefore, this is a confirmed match."
1603,KVI-HARD-0024,0.8728,match,"The competitor product 'Scotch-Brite Dish Sponge 2pcs GIFT SET' matches the master product 'Scotch-Brite Dish Sponge 2pcs'. Both have the same brand 'Scotch-Brite', model 'Soft', size '2pcs', and unit 'pcs'."
760,KVI-FMCG-0098,0.813,match,"The competitor product 'นีเวีย Nivea Body Lotion Whitening 200ml' matches exactly with the KVI master product 'Nivea Body Lotion Whitening 200ml' in terms of brand (Nivea), model (Whitening), size (200ml), and unit (ml). Therefore, it is a confirmed match."
1477,KVI-FMCG-0102,0.95,match,"The competitor product 'Tide Powder Detergent 3kg' matches exactly in brand ('Tide'), model ('Original'), size quantity (3.0 kg), and unit ('kg') with the master list item 'Tide Powder Detergent 3kg'."
487,KVI-ELEC-0021,1.0,match,"The competitor product 'Duracell Plus Power AA 4pcs' matches the master KVI candidate 'Duracell Plus Power AA 4pcs' in brand (Duracell), model (Plus), size quantity (4pcs), and physical metric unit (pcs)."
95,KVI-FMCG-0050,1.0,match,"The competitor product 'Lay's Sour Cream Onion 50g GIFT SET' matches exactly with the master KVI candidate 'Lay's Sour Cream Onion 50g' in terms of brand ('Lay's'), model ('Sour Cream'), size (50g), and unit (g). The only difference is the addition of 'GIFT SET', which does not affect the match criteria as the primary product characteristics are consistent."
90,KVI-ELEC-0037,0.96,match,"The competitor product 'Logitech Wireless Mouse 1pcs' matches the master product with ID 'KVI-ELEC-0037' because the brand 'Logitech' is the same, the model is specified as 'M331', the pack size is 1.0, and the unit is 'pcs'. All identifiers match exactly."
1692,KVI-FMCG-0012,0.571,no_match,"The competitor product describes 'Sprite Lem. 1.5L PACK 12' which corresponds to a 'Sprite Lemon-Lime 1.5L'. However, we must confirm that the pack information aligns precisely, and since the product is detailed as a 'PACK 12', indicating multiple units, it does not match the expected single unit in the master list. Hence, we conclude with 'no_match'."
465,KVI-FMCG-0115,0.9152,match,"The competitor product 'Magiclean Bathroom Spr. 500ml PROMO -10%' matches the master KVI candidate 'Magiclean Bathroom Spray 500ml' in terms of brand (Magiclean), product name (Bathroom Spray), size (500ml), and unit (ml). Therefore, it is confirmed as a match."
778,KVI-FMCG-0019,0.6486,match,"The competitor product 'Chang Beer 490. GIFT SET' matches with master KVI candidate 'Chang Beer 490ml' as both share the same brand 'Chang', model 'Classic', and the exact size of 490ml. The only difference is the additional description 'GIFT SET', which does not affect the match criteria."
385,KVI-FMCG-0089,0.95,match,"The competitor product 'โดฟ Dove Body Wash Original 200ML' matches the master list entry 'Dove Body Wash Original 200ml' in the following ways: 
- Brand: Both are 'Dove'. 
- Model: Both are 'Original'. 
- Pack Size: Both indicate a size of 200 (the competitor uses ML, but it's a standard representation of 200ml equals 200). 
- Unit: Both refer to 'ml' for milliliters. 
- Cleaned titles confirm the exact match in description. There are no discrepancies in flavor, size, or variant."
248,KVI-HARD-0004,0.8496,match,"The competitor product '3M Duct Tape Silver 50mm Hot Deal' matches the master KVI item '3M Duct Tape Silver 50mm' in brand (3M), model (Heavy), and pack size (50mm). The only difference is the 'Hot Deal' descriptor in the competitor title, which does not affect the core identification of the product."
1051,KVI-HARD-0034,0.875,match,"The competitor product 'Glde Air Freshener Lavender 400ml' matches exactly with the master KVI candidate 'Glade Air Freshener Lavender 400ml' in brand ('Glade'), model ('Lavender'), and pack size (400ml). The competitor product has a minor typo in the brand name ('Glde' instead of 'Glade'), but the rest matches perfectly."
738,KVI-ELEC-0022,0.95,match,"The competitor product 'Duracell Plus Power AA 8pcs SET 6 ขวด' matches the master item 'Duracell Plus Power AA 8pcs' exactly in brand 'Duracell', model 'Plus', and size '8pcs'. There are no discrepancies in identifying features."
1523,KVI-HARD-0002,0.971,match,"The competitor product '3M Scotch Magic Tape 25mm' exactly matches the master KVI candidate '3M Scotch Magic Tape 25mm' in brand, model, size (25mm), and unit (mm). The similarity score indicates a high confidence in the match."
1618,KVI-FMCG-0074,0.9594,match,"The competitor product 'Meiji Fresh Milk 450ml' matches the master KVI candidate 'Meiji Fresh Milk 450ml' in brand ('Meiji'), model ('Fresh'), size quantity (450.0), and physical metric unit ('ml') exactly."
1614,KVI-HARD-0031,0.928,match,"The competitor product 'Windex Glass Cleaner 500ml' matches exactly with the master list item 'Windex Glass Cleaner 500ml' in terms of brand 'Windex', model 'Original', size 500ml, and unit 'ml'."
1546,KVI-ELEC-0038,0.9461,no_match,"The competitor product is a 'Razer BlackWidow Keyboard', but its model is not 'BW-V3', which is specifically listed in the master catalog. Therefore, despite the product name, the lack of a matching model indicates a no match."
610,KVI-ELEC-0017,0.95,match,"The competitor product 'Energizer Mx AA 8pcs' matches the brand 'Energizer', model 'Max', quantity '8pcs' and unit 'pcs' exactly with the master product 'Energizer Max AA 8pcs'."
437,KVI-FMCG-0022,0.8863,match,"The competitor product 'Heineken Lger 500ml' matches the master product 'Heineken Lager 500ml' in brand 'Heineken', model, size 500ml, and unit. All descriptors align precisely."
1268,KVI-ELEC-0032,0.9196,match,"The competitor product 'Sony WH-1000XM5 1pcs' matches the master entry with the same brand 'Sony', model 'WH1000XM5', pack size of 1.0, and unit 'pcs'."
1524,KVI-FMCG-0018,0.9,match,"The competitor product 'ช้าง Chang Beer 320ml x12 PACK' matches the master KVI candidate 'Chang Beer 320ml' in brand (Chang), size (320ml), and packaging (included in the term 'x12 PACK', signifying a pack of the referenced size). The decision is supported by the identical brand, model, and size."
1358,KVI-FMCG-0087,1.0,match,"The competitor product 'Sunsilk Shampoo Black Shine 320ml' matches exactly with the master entry 'Sunsilk Shampoo Black Shine 320ml' in terms of brand ('Sunsilk'), model ('Black'), size (320ml), and units (ml). Everything aligns precisely, indicating a perfect match."
361,KVI-ELEC-0013,0.8416,match,"The competitor product 'เสี่ยวมี่ Xiaomi Mi Power Bank 20000 1pcs' matches exactly with the master list item 'Xiaomi Mi Power Bank 20000 1pcs' in terms of brand 'Xiaomi', model 'PLM18ZM', size '1pcs', and packaging unit 'pcs'. All descriptors are consistent with the canonical master entry."
206,KVI-FMCG-0048,1.0,match,"The competitor product 'Lay's Classic Salted 160g' matches exactly with the master KVI candidate 'Lay's Classic Salted 160g' in terms of brand, model, and size (160g). The metrics and identifiers are consistent."
1490,KVI-HARD-0019,0.9524,match,"The competitor product 'WD-40 Multi-Use Spray 191g' matches the master product by exact brand 'WD-40', model 'Original', size '191g', and units 'g'."
426,KVI-ELEC-0029,0.8503,match,"The brand 'SanDisk' matches, the model 'Ultra' matches, the size is '128GB', the quantity is '1pcs', and the unit 'pcs' matches exactly with the master list entry. Therefore, the competitor product matches the corresponding master item."
1706,KVI-FMCG-0098,0.907,match,"The competitor product 'Nive Body Lotion Whitening 200ml' matches the master KVI candidate 'Nivea Body Lotion Whitening 200ml' in brand (Nivea), model (Whitening), size (200ml), and unit (ml). The only variation is in the branding spelling 'Nive' vs 'Nivea', which is considered a related match due to likely typographical error."
1770,,0.0,no_match,"The competitor product 'Cooking apron floral pattern' does not match any items in the master list. It describes an entirely different product category (apron vs. fabric softeners) and does not share any brand identifiers, model names, size quantities, or physical metric units."
1581,KVI-ELEC-0016,0.8526,match,"The competitor product 'เอเนอร์ไจเซอร์ Energizer Max AA 4pcs' matches the master product 'Energizer Max AA 4pcs' in brand, model, pack size (4 pcs), and unit (pcs) exactly."
1170,KVI-HARD-0024,0.9649,match,"The competitor product ""Scotch-Brite Dish Sponge 2pcs SUPER SAVE"" matches with the master KVI candidate ""Scotch-Brite Dish Sponge 2pcs"". Both have the same brand 'Scotch-Brite', model 'Soft', pack size of '2' pcs, and the same product name."
1585,KVI-FMCG-0093,0.9493,match,"The competitor product 'Colgate Toothpaste Total 100g' matches exactly with the master candidate with ID 'KVI-FMCG-0093' in terms of brand ('Colgate'), model ('Total'), size (100g), and unit ('g')."
586,KVI-FMCG-0019,0.83,match,"The competitor product 'ช้าง Chng Beer 490ml' exactly matches the KVI candidate 'Chang Beer 490ml'. The brand 'Chang' is present in both, the model is not specified but can be inferred as 'Classic' uniformly. The pack size is '490ml' which is identical in both cases."
743,KVI-FMCG-0069,0.95,match,"The competitor product title 'For. Fresh Milk 225ml' matches with the master product 'Foremost Fresh Milk 225ml'. The brand 'Foremost' matches exactly, the model 'Fresh' matches, the size is '225ml' which is the same as in the master list. All identifiers are consistent."
1760,KVI-HARD-0027,0.9578,match,"The competitor product 'Rubber Gloves Yellow 1pcs' matches the master item 'Rubber Gloves Yellow 1pcs'. Both have the same product name, brand ('Scotch-Brite'), model ('Heavy'), and pack size (1.0 pcs). There are no discrepancies in flavor, size, or variant."
974,KVI-HARD-0008,0.957,match,"The competitor product 'Scotch-Brite Sponge Multi-Purpose 3pcs' matches exactly with the master item 'Scotch-Brite Sponge Multi-Purpose 3pcs' in terms of brand 'Scotch-Brite', model 'Heavy', size quantity of 3pcs, and units 'pcs'. Both descriptions are consistent with no differences in flavors or variants."
677,KVI-FMCG-0027,0.95,match,"The competitor product 'Singha Drinking Wat. 6L' matches the master candidate 'Singha Drinking Water 6L' based on exact brand 'Singha', matching model 'Water', and exact size of 6L."
1535,KVI-FMCG-0061,1.0,match,"The competitor product 'MAMA Tom Yum Goong 60g' exactly matches the master item with the same name, brand 'MAMA', model 'Tom Yum', and pack size of 60g."
205,KVI-ELEC-0001,0.9538,match,"The competitor product 'Apple Lightning USB Cable 1m' matches exactly with the master product 'Apple Lightning USB Cable 1m' in brand, model name (MD818), size (1m), and unit (m). The comparison confirms all required identifiers are consistent and valid."
1420,KVI-FMCG-0106,0.94,match,"The competitor product 'Downy Concentrate Lavender 600ml' matches the master list item 'Downy Concentrate Lavender 600ml' in terms of brand (Downy), model (Lavender), size (600ml), and unit (ml). All identifiers match exactly."
960,KVI-HARD-0031,0.928,match,"The competitor product 'Windex Glass Cleaner 500ml' matches the master KVI candidate 'Windex Glass Cleaner 500ml'. Both have the same brand 'Windex', model 'Original', size of 500ml, and matching unit 'ml'."
1161,KVI-FMCG-0001,0.8349,match,"The competitor product 'Coca-Cola Original Taste 330ml BUNDLE' matches the master list item 'Coca-Cola Original Taste 330ml' in brand ('Coca-Cola'), model ('Classic'), size (330ml), and units (ml). The only difference is that the competitor product includes 'BUNDLE', which is not a variant that affects matching."
387,KVI-HARD-0010,0.9708,match,"The competitor product '3M Microfiber Cloth Yellow 2pcs' matches exactly with the master list item '3M Microfiber Cloth Yellow 2pcs' in terms of brand (3M), model (Microfiber), size (2 pcs), and unit (pcs)."
1271,KVI-FMCG-0001,0.907,match,"The competitor product 'Coc-Cola Original Taste 330ml' matches exactly with the master KVI candidate 'Coca-Cola Original Taste 330ml' in terms of brand ('Coca-Cola'), size (330ml), and the model ('Classic'). There is no difference in flavor, size, or variant."
1043,KVI-FMCG-0064,0.9179,match,"The competitor product 'MAMA Pork Flavor 60g' matches the master KVI candidate 'MAMA Pork Flavor 60g' in brand (MAMA), model (Pork), size (60g), and unit (g) exactly."
1247,KVI-FMCG-0019,1.0,match,"The competitor product 'ช้าง Chang Beer 490ml Limited!' matches the master entry 'Chang Beer 490ml' exactly. Both have the same brand 'Chang', the model is not specified in the competitor entry but matches the generic category, and the size is 490ml which is the same unit and size as the master entry."
302,KVI-HARD-0018,0.937,match,"The competitor product 'Super Glue Loctite Original 5g' matches exactly with the master KVI candidate 'Super Glue Loctite Original 5g' in terms of brand (Loctite), model (Super), size (5g), and unit (g)."
404,KVI-FMCG-0084,0.9584,match,"The competitor product 'Pantene Shampoo Smooth Silky 480ML' matches the master product 'Pantene Shampoo Smooth Silky 480ml' on brand, model, size (480ml), and unit (ml). Exact match in all required attributes confirmed."
226,KVI-HARD-0007,0.9426,match,"The brand 'Bosch' matches exactly with the KVI entry. The model 'GSB550' corresponds with the cleaned title 'Bosch Drill GSB 550 1pcs'. The pack size is 1.0 which matches '1pcs' and the unit 'pcs' is consistent. There are no discrepancies in flavor, size, or variant confirming it as a true match."
459,KVI-HARD-0042,0.9546,match,"The competitor product 'Watering Can Plastic 10L' matches the master item 'Watering Can Plastic 10L' with identical brand 'Generic', model 'Plastic', size '10L', and unit 'L'. All identifiers are consistent."
1045,KVI-FMCG-0076,0.9419,match,"The competitor product 'Dutch Mill UHT Milk 180ml' matches the master product 'Dutch Mill UHT Milk 180ml' exactly in terms of brand, model, size (180ml), and unit (ml). There are no discrepancies in flavor, size, or variant. All identifiers match."
857,KVI-HARD-0031,0.9,match,"The competitor product 'Windex Glass Cleaner 500ML ใหม่!' matches the master list item 'Windex Glass Cleaner 500ml' based on exact brand identification (Windex), model correlation (Original), and a precise match on size (500ml). The units also coincide perfectly, confirming a match."
1111,KVI-ELEC-0033,0.9354,match,"The competitor product 'Belkin HDMI Cable 2m' matches exactly with the master item 'Belkin HDMI Cable 2m' in brand (Belkin), size (2.0m), and model (F3Y023). The product name and description are consistent."
1315,KVI-ELEC-0025,1.0,match,"The competitor product's brand, model, size, quantity, and unit all match exactly with the master KVI candidate. The competitor item 'Philips LED Bulb 9W Warm White 1pcs' corresponds exactly to 'Philips LED Bulb 9W Warm White 1pcs' in the master list."
1272,KVI-HARD-0022,0.8829,match,"The competitor product 'IKEA SAMLA Box Clear 11L BUNDLE' matches the master entry 'IKEA SAMLA Box Clear 11L'. The brand is 'IKEA', the model is 'SAMLA', the size is 11L, and the units are consistent. The addition of 'BUNDLE' does not alter the fundamental attributes required for a match."
1964,,0.0,no_match,"The competitor product 'Generic phone case clear silicone' does not match any item from the KVI master list; it has a different category and lacks the necessary brand identifiers, model names, and specific attributes that are present in the master candidates."
1728,KVI-ELEC-0001,0.95,match,"The competitor product 'Apple Lig. USB Cable 1m' matches the master list product 'Apple Lightning USB Cable 1m' in brand 'Apple', model 'MD818', size '1m', and unit 'm'."
1078,KVI-HARD-0005,0.9504,match,"The competitor product 'Stanley Hammer Claw 16oz 1pcs' matches exactly with the master product 'Stanley Hammer Claw 16oz 1pcs' in terms of brand 'Stanley', model 'STHT51512', pack size '1.0', and unit 'pcs'."
1798,null,0.0,no_match,"The competitor product 'Yoga mat 6mm thick blue' does not match any of the KVI candidates. None of the candidates are yoga mats; they are all microfiber cloths and duct tape with different brands, models, and sizes."
431,KVI-HARD-0009,0.8845,match,"The competitor product 'Scotch-Brite Sponge Multi-Purpose 5pcs BIG SALE' matches with the master product 'Scotch-Brite Sponge Multi-Purpose 5pcs' by the same brand 'Scotch-Brite,' with identical pack size of 5 pcs. There are no discrepancies in flavor, size, or variant."
24,KVI-ELEC-0007,0.89,match,"The competitor product has the same brand (Anker), product name (PowerLine USB-C 3m), size (3m), and unit (m) as the master candidate, confirming a direct match."
1630,KVI-ELEC-0005,1.0,match,"The competitor product 'Anker PowerLine USB-C 0.9m' matches exactly with the master KVI candidate 'Anker PowerLine USB-C 0.9m'. The brand 'Anker' is the same, the model corresponds to 'A8187', and both the size quantity is '0.9' and the unit 'm' are identical."
1785,,0.0,no_match,"The competitor product is a keychain with 5 pieces, while all master KVI candidates are electronic devices with 1 piece each and different brands and models. There is no match in brand, product type, or pack size."
687,KVI-FMCG-0024,0.7994,match,"The competitor product 'Singh Drinking Water 330ML' matches the master KVI candidate 'Singha Drinking Water 330ml' based on the identical brand 'Singha', the exact model 'Water', and the matching size '330ml'."
443,KVI-ELEC-0028,0.953,match,"The brand 'SanDisk' and model 'Ultra' match exactly with the competitor product. The size is '64GB' and the quantity is '1pcs', which also aligns perfectly. Therefore, this is a valid match."
1063,KVI-FMCG-0091,1.0,match,"The competitor product 'Dove Body Wash Original 1L' exactly matches the KVI candidate 'Dove Body Wash Original 1L' in terms of brand, model, pack size (1L), and unit (L)."
1547,KVI-HARD-0028,0.9541,match,"The competitor product 'Rubber Gloves Yellow 2pcs' matches our master list item 'Rubber Gloves Yellow 2pcs' in brand (Scotch-Brite), model (Heavy), size quantity (2 pcs), and unit (pcs)."
640,KVI-FMCG-0038,0.911,match,"The competitor product 'M-150 Enrgy Drink 250ml' matches with the master list entry 'M-150 Energy Drink 250ml'. The brand 'M-150' is identical, both products have the same size of 250ml, and there is no indication of a different flavor or variant."
726,KVI-FMCG-0080,1.0,match,"The competitor product 'Anchor Butter Salted 227g PROMOTION' matches exactly with the master item 'Anchor Butter Salted 227g' on brand (Anchor), model (Salted), size (227g), and unit (g). There are no discrepancies in flavor, size, or variant."
544,,0.0,no_match,"The competitor product 'Vix. Toilet Cleaner 900ml Hot Deal' does not match any item from the master list. The brand 'Vix' is not the same as 'Vixol', even though the sizes (900ml) match. Variants and branding must align exactly, and since they do not, therefore it is a 'no_match'."
476,KVI-HARD-0009,0.7934,match,"The competitor product 'Sco. Sponge Multi-Purpose 5pcs' matches with the master KVI product 'Scotch-Brite Sponge Multi-Purpose 5pcs' on brand (Scotch-Brite), product name (Multi-Purpose), and quantity (5pcs). All identifiers align exactly."
827,KVI-FMCG-0005,0.85,match,"The competitor product is 'Coca-Cola Original Taste 2L x12 PACK' which matches with the master KVI candidate 'Coca-Cola Original Taste 2L' in terms of brand (Coca-Cola), model (Classic), and size (2L). The competitor product refers to a pack of 12 x 2L bottles, which is a larger quantity but still represents the same product size and type."
40,KVI-ELEC-0001,0.8294,match,"The competitor product 'Apple Lightning USB Cable 1m BIG SALE' matches exactly with master product 'Apple Lightning USB Cable 1m' in terms of brand 'Apple', model 'MD818', size '1m', and unit 'm'. The only difference is the promotional phrase 'BIG SALE', which does not affect the match."
1919,,0.0,no_match,"The competitor product 'Cooking apron floral pattern' does not match with any of the master KVI candidates. The competitor product is an apron, while the KVI products are fabric softeners and dish sponges. No brand, model, size, or unit corresponds."
306,KVI-FMCG-0031,0.9479,match,"The cleaned title matches exactly with the product name from the master list. The brand 'Sprinkle', size of '330ml', and unit of 'ml' all align perfectly with the master item. There are no discrepancies in flavor, size, or variant."
1441,KVI-FMCG-0025,0.867,match,"The competitor product 'Singha Dri. Water 600ml' matches the master item 'Singha Drinking Water 600ml' with exact brand 'Singha', model 'Water', size '600ml', and unit 'ml'."
901,,0.0,no_match,"The competitor product describes 'Fresh Milk 830ml', but the brand is 'Mei.', while the master candidates have the brand 'Meiji'. As the brands do not match, it cannot be considered a match."
312,KVI-FMCG-0110,0.95,match,Brand matches: Dettol. Product name matches: Dettol Antibacterial Liquid. Size quantity matches: 500ML (500.0 mL). The competitor product refers to the same model without any flavor or variant discrepancies.
843,KVI-HARD-0012,0.7823,match,"The competitor product 'Magic Mop Spin 360 1pcs ใหม่!' matches the master product 'Magic Mop Spin 360 1pcs' in terms of brand ('Magic'), model ('Spin360'), size ('1pcs'), and physical metric units ('pcs'). It is a direct match with no differing flavor, size, variant, or unlisted product description."
1438,KVI-FMCG-0105,0.8994,match,"The competitor product 'Comfor Comfort Fabric Softener Pink 3.2L' matches exactly with the master KVI candidate 'Comfort Fabric Softener Pink 3.2L'. Both have the same brand 'Comfort', the same model 'Pink', and the pack size of 3.2L, which is the same size and unit."
1458,KVI-HARD-0036,0.9,match,"The competitor product 'Baygon Insect Spray Multi 300ml Free Delivery' matches perfectly with the master list item 'Baygon Insect Spray Multi 300ml'. The brand 'Baygon', model 'Multi', and the size '300ml' all match exactly with the standardized item."
1627,KVI-FMCG-0100,0.8573,match,"The competitor product 'Tid Powder Detergent 900g' matches the master list item 'Tide Powder Detergent 900g' with exact brand 'Tide', model 'Original', size of 900g, and unit 'g'."
597,KVI-HARD-0015,0.873,match,"The competitor product 'Ziploc Storage Bag Gallon 15pcs' matches exactly with the master product 'Ziploc Storage Bag Gallon 15pcs' in terms of brand 'Ziploc', model 'Storage', and pack size '15pcs'. Both items have identical product specifications."
96,KVI-ELEC-0010,0.8328,match,Brand 'Samsung' matches. Model name is not explicitly mentioned in the competitor product but matches the product description of the KVI candidate. Size (25W Fast Charger) and unit (1pcs) match exactly.
1865,,0.0,no_match,"The competitor product is a 'Plastic flower pot 6 inch', which does not match any item in the master KVI candidates that include watering cans and dish sponges with different specifications and categories."
1288,KVI-FMCG-0020,0.7585,match,"The competitor product 'Chang Beer 620ml Free Delivery' matches the master entry 'Chang Beer 620ml' based on identical brand 'Chang', model unspecified but assumed 'Classic', and pack size of 620ml. All attributes align perfectly in terms of brand, size, and units."
1644,KVI-HARD-0012,0.99,match,"The competitor product 'Magic Mop Spin 360 1pcs BUNDLE' matches the master item 'Magic Mop Spin 360 1pcs' in terms of brand (Magic), model (Spin 360), pack size (1.0), and unit (pcs). The minor difference in 'BUNDLE' does not indicate a different variant or flavor. Therefore, it is considered a match."
65,KVI-FMCG-0071,0.9603,match,Brand (Foremost) matches; Model (Fresh) matches; Pack Size (830ml) matches; Unit (ml) matches.
1554,KVI-FMCG-0005,1.0,match,"The competitor product 'Coca-Cola Original Taste 2L' matches the master item with identical brand 'Coca-Cola', model 'Classic', size '2L', and units 'L'."
767,KVI-FMCG-0066,0.9398,match,"The competitor product 'WaiWai Original 90g PROMO -10%' matches exactly with the master item 'WaiWai Original 90g'. Both the brand 'WaiWai', model 'Original', size quantity '90g', and physical metric units 'g' are identical."
32,KVI-FMCG-0023,0.9,match,"The cleaned title 'Heinekn Heineken ลิตรager 620ml' matches the master entry 'Heineken Lager 620ml' in brand (Heineken), size (620ml), and product type (Lager). The product details align without discrepancies in flavor, size, or variant."
801,KVI-FMCG-0035,0.95,match,"The competitor product 'Nestle Pure Life Water 600ml' matches exactly with the master KVI candidate 'Nestle Pure Life Water 600ml' in terms of brand 'Nestle', model 'Pure Life', size '600ml', and unit 'ml'."
1631,KVI-HARD-0011,0.9709,match,"The competitor product '3M Microfiber Cloth Yellow 4pcs Limited!' matches exactly with the master KVI item '3M Microfiber Cloth Yellow 4pcs'. Both have the same brand '3M', model 'Microfiber', pack size of 4pcs, and unit 'pcs'. There are no differences in flavor, size, or variant."
232,KVI-ELEC-0012,0.8365,match,"The competitor product 'Anker PowerCore 10000 1pcs' matches with the master item 'Anker PowerCore 10000 1pcs'. Both the brand 'Anker', model 'A1263', size '1.0', and unit 'pcs' are identical."
1872,,0.0,no_match,"The competitor product 'Cute cat ear hairband' does not match any item in the master list. It is a completely different product category than the listed electronic items (mice and earbuds) and does not correspond to any brand, model, or pack size within the KVI candidates."
97,KVI-HARD-0024,0.9649,match,"The competitor product 'Scotch-Brite Dish Sponge 2pcs' matches the master KVI entry for 'Scotch-Brite Dish Sponge 2pcs' with the same brand 'Scotch-Brite', identical quantity (2 pcs), and corresponding model 'Soft', confirming an exact match."
1993,,0.0,no_match,"The competitor product is 'USED iPhone 8 64GB unlocked', which does not match any items in the KVI master list based on brand, model, size, and description. The master candidates are SD cards with different brands and models, and do not correspond to a phone product."
927,KVI-FMCG-0072,0.9518,match,"The competitor product 'Foremost Fresh Milk 2L' matches the master KVI product 'Foremost Fresh Milk 2L' in brand, model, size (2L), and unit (L)."
349,KVI-FMCG-0018,0.8339,match,"The competitor product 'Chang Beer 320ml' matches the master item 'Chang Beer 320ml' with exact brand identifier 'Chang', model 'Classic', size quantity of 320ml, and units in milliliters."
816,KVI-FMCG-0072,0.95,match,"The competitor product 'โฟร์โมสต์ Foremost Fre. Milk 2L' matches with the KVI product 'Foremost Fresh Milk 2L'. Both products have the same brand 'Foremost', model 'Fresh', size of 2.0L which corresponds to 2L, and are identified as the same product despite minor differences in titles."
1804,,0.0,no_match,"The competitor product is a USED iPhone 8 64GB unlocked, which does not match any of the master KVI candidates that are all related to SD cards by SanDisk and Kingston, differing in product type, brand, and model."
763,KVI-ELEC-0012,0.7249,match,"The competitor product 'Anker PowerCore 10000 1pcs' matches exactly with the master entry for 'Anker PowerCore 10000 1pcs'. Both share the same brand 'Anker', have the same model designation as part of the product name, and specify a pack size of 1.0 pcs."
1146,KVI-FMCG-0013,0.9637,match,"The competitor product 'Fanta Orange 325ml' matches exactly with the master list item - brand 'Fanta', model 'Orange', size 325ml, and units 'ml' are all consistent."
478,KVI-FMCG-0115,0.9,match,"The competitor product 'Mgiclean Bathroom Spray 500ml' matches the master product 'Magiclean Bathroom Spray 500ml' by exact brand (Magiclean), model (Original), size (500ml), and unit (ml). This confirms it is the same item."
1069,KVI-ELEC-0007,1.0,match,"The competitor product 'Anker PowerLine USB-C 3m' matches exactly with the master candidate 'Anker PowerLine USB-C 3m' in terms of brand (Anker), model (A8187), size (3.0 m), and unit (m). No discrepancies in flavor, size, variant or unlisted products."
798,KVI-FMCG-0072,0.8495,match,"The competitor product 'Foremost Fresh Milk 2L BIG SALE' matches exactly with the master KVI item 'Foremost Fresh Milk 2L'. Both have the same brand 'Foremost', same model name 'Fresh', and identical size of 2L."
230,KVI-FMCG-0042,0.816,match,"The competitor product 'Lip. Lemon Tea 450ML' matches the master item 'Lipton Lemon Tea 450ml' on all criteria: brand is 'Lipton', model is 'Lemon', size is 450ml, and the unit is 'ml'. No discrepancies found."
1336,KVI-ELEC-0021,0.9538,match,"The competitor product 'Duracell Plus Power AA 4pcs' matches exactly with the master entry 'Duracell Plus Power AA 4pcs' in brand (Duracell), model (Plus), size (4pcs), and physical metric units (pcs)."
1803,,0.0,no_match,"The competitor product 'DIY craft glue gun mini' does not match any item from the master list. No comparable brand, model, or size is present among the KVI candidates. All KVI candidates relate to different products (glues in different sizes or types, and a drill), thus confirming it as a no match."
697,KVI-FMCG-0011,0.9349,match,"The competitor product 'Sprite Lemon-Lime 1.25L' matches exactly with master KVI candidate 'Sprite Lemon-Lime 1.25L'. The brand 'Sprite' and pack size '1.25L' are consistent, therefore confirming a match."
150,KVI-ELEC-0030,0.8219,match,"The competitor product 'Kingston DataTraveler 64GB 1pcs' matches exactly with the KVI master entry in terms of brand ('Kingston'), size ('64GB'), quantity ('1pcs'), and model ('DT100'). The physical metric units are also consistent."
271,KVI-FMCG-0097,0.95,match,"The competitor product 'นีเวีย Nivea Body ลิตรotion Whitening 100ml' matches the master list item 'Nivea Body Lotion Whitening 100ml' on brand (Nivea), model (Whitening), size (100ml), and units (ml). All identifiers correspond exactly."
777,KVI-FMCG-0095,1.0,match,"The competitor product 'Sensodyne Toothpaste Original 75g' matches the master list entry 'Sensodyne Toothpaste Original 75g'. The brand is 'Sensodyne', model is 'Original', size is 75g, and units are 'g', all of which correspond exactly with the master item."
859,KVI-ELEC-0033,0.9354,match,"The brand 'Belkin' matches, the product name 'HDMI Cable' matches, the model 'F3Y023' is not compared as the model was not present in the competitor entry, the size 2m matches, and the unit 'm' matches."
664,KVI-FMCG-0057,0.9436,match,"The competitor product 'Tasto Potato Chips 75g' matches the master entry 'Tasto Potato Chips 75g' based on exact brand ('Tasto'), model ('Salted'), pack size (75.0g), and unit ('g')."
1849,,0.0,no_match,"The competitor product 'Yoga mat 6mm thick blue' does not match any items in the master KVI candidates. There are no entries for yoga mats, and the brand, model, and product type do not correspond to the available products."
266,KVI-HARD-0011,0.8967,match,"The competitor product '3M Microfibr Cloth Yellow 4pcs' matches the master KVI candidate '3M Microfiber Cloth Yellow 4pcs' in brand (3M), model (Microfiber), size (4pcs), and unit (pcs). The only difference is the spelling of 'Microfibr' vs. 'Microfiber', which is minor and likely a typographical error."
1506,KVI-FMCG-0027,0.95,match,"The brand 'Singha', model 'Water', product name 'Singha Drinking Water 6L', and pack size of '6L' match exactly with the master KVI candidate."
773,KVI-FMCG-0042,0.8,match,"The competitor product 'Lipton Lemon Tea 450.' matches the master KVI candidate 'Lipton Lemon Tea 450ml' in brand (Lipton), model (Lemon), and size (450ml). Both items refer to the same product quantity and physical units."
368,KVI-FMCG-0045,0.95,match,"The competitor product 'Lay's Classic Salted 28g' matches exactly with the master KVI candidate 'Lay's Classic Salted 28g' in terms of brand (Lay's), model (Classic), and pack size (28g). There are no discrepancies in flavor or any other characteristics."
788,KVI-ELEC-0022,0.9528,match,"The competitor product 'Duracell Plus Power AA 8pcs' matches exactly with the master list entry for 'Duracell Plus Power AA 8pcs'. Both have the same brand (Duracell), model (Plus), pack size (8pcs), and unit (pcs)."
602,KVI-FMCG-0053,1.0,match,"The competitor product 'Pringles Original 147g' matches exactly with the master item 'Pringles Original 147g' in terms of brand (Pringles), model (Original), size (147g) and unit (g). All identifiers are consistent."
1887,,0.0,no_match,"The competitor product is a 'Generic phone case clear silicone', which does not match any of the available master KVI candidates, which are all electronic items (Samsung Galaxy Buds and SanDisk Ultra SD cards). The categories do not correspond and there is no similar product in the master list."
523,KVI-ELEC-0028,0.9101,match,"The competitor product 'SnDisk Ultra SD 64GB 1pcs' matches exactly with the KVI product 'SanDisk Ultra SD 64GB 1pcs' in terms of brand ('SanDisk'), model ('Ultra'), size (64GB), quantity (1pcs), and unit ('pcs'). The only difference is a misspelling in the brand name 'SnDisk', which should be 'SanDisk', but contextually they refer to the same product."
363,KVI-ELEC-0006,0.8299,match,"Brand matches (Anker), model matches (A8187), size matches (1.8m)."
1530,KVI-FMCG-0111,0.9,match,"The competitor product 'Dettol Antibacterial ลิตรiq. 1.2 L' matches with the master candidate 'Dettol Antibacterial Liquid 1.2L' in terms of brand name 'Dettol', exact model 'Original', and size quantity of '1.2L'. The unit of measurement also aligns as both are in liters. No discrepancies were found, confirming the match."
1637,KVI-FMCG-0083,0.95,match,"The competitor product 'Pantene Shampoo Smooth Silky 300ml' exactly matches the master list product 'Pantene Shampoo Smooth Silky 300ml' in terms of brand 'Pantene', model 'Smooth', size '300ml', and unit 'ml'. The match is confirmed."
615,KVI-ELEC-0022,1.0,match,"The cleaned title 'Duracell Plus Power AA 8pcs' exactly matches the product name from the master list. Both refer to the same brand 'Duracell', model 'Plus', and have a pack size of 8 pcs which matches the unit of measure. Therefore, this item is a confirmed match."
1619,KVI-HARD-0019,0.9524,match,"The competitor product 'WD-40 Multi-Use Spray 191g' matches exactly with the master KVI candidate 'WD-40 Multi-Use Spray 191g'. Both have the same brand 'WD-40', model 'Original', and the same size of 191g."
1947,,0.0,no_match,"The competitor product 'Yoga mat 6mm thick blue' does not match any of the items in the master list, which all pertain to '3M Microfiber Cloth' and '3M Duct Tape', with different brands, models, and categories."
358,KVI-ELEC-0016,1.0,match,"The competitor product 'Energizer Max AA 4pcs' matches exactly with the master KVI candidate. Both have the same brand 'Energizer', model 'Max', and pack size of 4 pcs. No discrepancies in flavor, size, or variant."
652,KVI-ELEC-0008,0.9117,match,"The competitor product matches the master KVI candidate by brand (Anker), product name (Anker USB-C 20W Charger), pack size (1 pcs), and unit (pcs). The model is not specifically mentioned in the competitor product but confirms the match with regards to the product specifications."
663,KVI-FMCG-0038,0.91,match,"The competitor product 'M-150 Enrgy Drink 250ml SET 6 ขวด' is compared against the master list. It matches the brand 'M-150' and the product name 'M-150 Energy Drink 250ml', which matches the exact size of 250ml. The model is not specified in the competitor product, but it can be inferred as 'Original' based on the master candidate. No discrepancies in flavor or variants detected."
125,KVI-HARD-0016,0.95,match,"The competitor product 'Ziploc Storage Bag Gallon 38pcs' matches exactly with the master list item: 'Ziploc Storage Bag Gallon 38pcs'. Both have the same brand 'Ziploc', model type is 'Storage', and the pack size is 38pcs. Therefore, all identifiers match precisely."
1163,KVI-FMCG-0074,0.9594,match,"The competitor product 'Meiji Fresh Milk 450ml PROMO -10%' matches with the master KVI candidate 'Meiji Fresh Milk 450ml' in terms of brand 'Meiji', model 'Fresh', pack size of 450ml, and unit 'ml'. All identifiers align perfectly."
353,KVI-HARD-0002,0.886,match,"The competitor product '3M Scotch Magic Tape 25mm Free Delivery' matches the KVI master list entry '3M Scotch Magic Tape 25mm'. Brand (3M), model (Magic), size (25mm), and unit (mm) all match exactly."
1808,,0.0,no_match,"The competitor product 'Cooking apron floral pattern' refers to an apron, while the master list contains fabric softeners, dish sponges, and other unrelated products. Therefore, there is no match based on brand identifiers, model names, size quantities, or physical metric units."
1511,KVI-HARD-0006,0.8474,match,"The competitor product 'Stanley Screwdriver Set 6pcs' matches with the master item 'Stanley Screwdriver Set 6pcs' in brand, model, size, and units (6 pcs), confirming it is the same product."
895,KVI-FMCG-0085,0.95,match,Brand identifiers match ('Pantene'). Model name matches ('Smooth'). Size quantity matches exactly (650 ml). Physical metric units match (ml). The product is the same variant.
1742,KVI-ELEC-0040,0.868,match,"The competitor product 'Xiaomi Redmi AirDots 3 1pcs x12 PACK' matches the canonical item 'Xiaomi Redmi AirDots 3 1pcs'. Both items are from the brand Xiaomi, carrying the same model name, and both have the same pack size and unit of measurement, which are 1 pcs. The only difference is the quantity in the pack (12 PACK), which does not affect the match as the core product characteristics align perfectly."
1683,KVI-HARD-0038,0.8402,match,"The competitor product 'Karcher Garden Hose 10m Hot Deal' matches exactly with the master item 'Karcher Garden Hose 10m' in brand, size (10m), and model (Standard). The only difference is the additional 'Hot Deal' mention which does not affect the matching criteria."
595,KVI-FMCG-0086,0.95,match,"The competitor product is 'Sunsilk Shampoo Bla. Shine 180ml', and it matches with 'Sunsilk Shampoo Black Shine 180ml' from the master list. The brand 'Sunsilk' and model 'Black' match exactly, as well as the pack size of 180ml."
1138,KVI-HARD-0013,0.9414,match,"The competitor product 'Glad Trash Bag Black 30 Gallon 15pcs' matches exactly with the master list item 'Glad Trash Bag Black 30 Gallon 15pcs' in brand (Glad), model (Strong), size quantity (15), and physical metric units (pcs). The product details are identical."
1605,KVI-ELEC-0011,0.846,match,"The competitor product 'Xiaomi 33W Charger 1pcs GIFT SET' matches with the master product 'Xiaomi 33W Charger 1pcs' based on brand (Xiaomi), model (MDY-11-EX), size (1pcs), and unit (pcs), with only the addition of 'GIFT SET' that does not alter the core product specification."
543,KVI-HARD-0039,0.9,match,"The competitor product 'Karcher Garden Hose 15m GIFT SET' exactly matches the brand 'Karcher', the model 'Standard', the size of 15m, and the unit of measurement 'm' as listed in the master KVI candidate with ID 'KVI-HARD-0039'. There is no variation in flavor or unlisted product attributes."
204,KVI-HARD-0016,0.7832,match,"The competitor product 'Ziploc Storage Bag Gallon 38pcs ใหม่!' exactly matches the master product 'Ziploc Storage Bag Gallon 38pcs' in terms of brand 'Ziploc', model 'Storage', pack size '38', and unit 'pcs'. There are no variations in flavor, size, or unlisted products."
1877,,0.0,no_match,"The competitor product (Yoga mat 6mm thick blue) does not match any of the master list items. There are no yoga mats listed, and the brand, model, and product type are completely different."
683,KVI-FMCG-0038,0.9015,match,"Competitor product is 'M-150 Energy Drink 250.' which corresponds to the master item 'M-150 Energy Drink 250ml'. Both have the same brand 'M-150', model identifier 'Original', and exact size of 250ml."
237,KVI-FMCG-0046,1.0,match,"The competitor product 'Lay's Classic Salted 50g PROMOTION' matches exactly with the master KVI item 'Lay's Classic Salted 50g'. The brand 'Lay's', model 'Classic', size '50g', and unit 'g' all correspond with the master entry, confirming an exact match."
1806,,0.0,no_match,"The competitor product 'DIY craft glue gun mini' does not match with any products in the master list based on product type, brand identifiers, model names, pack sizes, and unit measurements."
1703,KVI-HARD-0039,0.95,match,"The competitor product 'Karcher Garden Hose 15m' matches the master item 'Karcher Garden Hose 15m' perfectly in brand, model, size (15m), and unit (m). No discrepancies found."
530,KVI-FMCG-0002,1.0,match,"The competitor product 'CocaCola Coca-Cola Original Taste 500ml' matches exactly with the master item 'Coca-Cola Original Taste 500ml' in terms of brand 'Coca-Cola', model 'Classic', pack size '500ml', and unit 'ml'. Therefore, a match is confirmed."
1528,KVI-FMCG-0049,1.0,match,"The competitor product 'Lay's Sour Cream Onion 28g' matches exactly with the master KVI entry for 'Lay's Sour Cream Onion 28g' with brand 'Lay's', model 'Sour Cream', size 28g, and unit g. All identifiers are consistent."
1105,KVI-FMCG-0039,0.95,match,"The competitor product 'Red Bull Energy Drink 150ml SET 6 ขวด' matches with the master KVI item 'Red Bull Energy Drink 150ml'. Both have the same brand 'Red Bull', product name 'Red Bull Energy Drink 150ml', and pack size of 150ml. The unit of measurement is also consistent (ml). The only difference is the competitor's entry mentions a set of 6 bottles; however, the core product attributes match exactly."
489,KVI-FMCG-0030,0.8512,match,"The brand 'Crystal' matches with the competitor product 'Crystl Drinking Water', and the size is confirmed to be 1.5L which is identical to the master list entry 'Crystal Drinking Water 1.5L'. The model 'Water' also matches."
448,KVI-FMCG-0049,0.9187,match,"The competitor product 'Lays Lay's Sour Cream Onion 28g' perfectly matches the master item with brand 'Lay's', model 'Sour Cream', size 28g, and unit g."
1917,,0.0,no_match,"The competitor product is a 'Plastic flower pot 6 inch', while the available master candidates are watering cans and sponges, which are completely different products. No brand, model, size, or type matches."
238,KVI-HARD-0022,0.9517,match,"The competitor product 'IKEA SAMLA Box Clear 11L' matches the master product on brand (IKEA), model (SAMLA), size (11L), and physical metric units (L). All identifiers are exact."
519,KVI-HARD-0039,0.97,match,"The competitor product 'Karcher Garden Hose 15m Limited!' matches exactly with the KVI master product 'Karcher Garden Hose 15m' based on brand ('Karcher'), model ('Standard'), size (15m), and unit ('m'). The only difference is the additional 'Limited' in the competitor title, which does not affect the core identifiers."
1489,KVI-FMCG-0106,0.945,match,"The competitor product title 'Downy Concentrate Lavender 600ML' exactly matches the master product 'Downy Concentrate Lavender 600ml'. The brand 'Downy', model 'Lavender', pack size 600.0 and unit 'ml' all match. This confirms a true match."
836,KVI-FMCG-0068,0.8,match,"The competitor product 'Yum Yum Chicken Noo. 90g' matches with the master candidate 'Yum Yum Chicken Noodle 90g' from our canonical master list in brand (Yum Yum), model (Chicken), and size (90g). The only difference is the term 'Noodle' versus 'Noo', which can be seen as a valid variant description, confirming it's the same product."
771,KVI-FMCG-0028,0.95,match,"The competitor product 'Crystal Drinking Wat. 350ml' matches the master item 'Crystal Drinking Water 350ml' in brand (Crystal), model (Water), size (350ml), and unit (ml)."
1348,KVI-ELEC-0040,0.9331,match,"The competitor product 'Xiaomi Redmi AirDots 3 1pcs' matches exactly with the KVI candidate 'Xiaomi Redmi AirDots 3 1pcs' in brand, model, size, quantity, and unit."
1381,KVI-ELEC-0024,1.0,match,"The competitor product 'Panasonic Eneloop AA 4pcs ใหม่!' matches exactly with the master product 'Panasonic Eneloop AA 4pcs'. Both share the same brand 'Panasonic', model 'Eneloop', size '4pcs', and unit 'pcs'."
258,KVI-HARD-0040,0.8,match,"Brand 'Karcher' matches exactly with competitors. The model name 'Standard' is not present in the competitor's description but does not impact the match since brand and size metrics are consistent. Size is confirmed as 20 meters, which is an exact match."
671,KVI-FMCG-0077,0.941,match,"Both the competitor product and the master KVI match on brand (Dutch Mill), model (UHT), and size (225ml). Hence, this confirms the exact match."
1931,,0.0,no_match,"Competitor product 'Random unbranded keychain 5pcs' does not match any items from the master list due to differences in brand, product name, and category. The competitor item is unbranded and appears to be a keychain, while all available master items are electronic products."
326,KVI-FMCG-0042,0.85,match,"The competitor product 'Lipton Lemon Tea 450ml Free Delivery' matches the master list item 'Lipton Lemon Tea 450ml' in brand (Lipton), model (Lemon), size (450ml), and unit (ml). The inclusion of 'Free Delivery' does not affect the match criteria."
215,KVI-ELEC-0040,0.8484,match,"The competitor product 'เสี่ยวมี่ Xiaomi Redmi AirDots 3 1pcs' matches the master product 'Xiaomi Redmi AirDots 3 1pcs' in brand 'Xiaomi', model 'RD3', size '1pcs', and unit 'pcs'. All relevant identifiers align perfectly."
1673,KVI-HARD-0014,0.83,match,"The competitor product matches exactly with 'Glad Trash Bag Black 30 Gallon 30pcs' in brand (Glad), model (Strong), size (30 Gallon), and quantity (30pcs)."
1586,KVI-HARD-0023,0.948,match,"Product title, brand, model, and pack size all match exactly: 'IKEA SAMLA Box Clear 22L' (competitor) matches 'IKEA SAMLA Box Clear 22L' (master list). The brand 'IKEA' is present in both, model 'SAMLA' is consistent, and pack size of '22L' matches perfectly."
1416,KVI-FMCG-0106,0.95,match,"The competitor product 'Downy Con. ลิตรavender 600M ลิตร' matches with the master KVI candidate 'Downy Concentrate Lavender 600ml'. The brand is 'Downy', model name is 'Lavender', size is 600ml (which is equivalent to 600M and matches exactly), and the unit is consistent (ml). All attributes verified and confirmed as matching."
1098,KVI-FMCG-0086,1.0,match,"The competitor product 'ซันซิล Sunsilk Shampoo Black Shine 180ml' exactly matches the master KVI candidate 'Sunsilk Shampoo Black Shine 180ml' in brand (Sunsilk), model (Black), size (180ml), and unit (ml)."
180,KVI-FMCG-0107,1.0,match,"The competitor product 'Downy Concentrate Lavender 1.35L' matches exactly with the master item 'Downy Concentrate Lavender 1.35L' in brand, model, size (1.35L), and unit (L)."
797,KVI-ELEC-0035,0.822,match,"The competitor product 'Apple MagSafe Charger 1pcs Free Delivery' matches the KVI entry 'Apple MagSafe Charger 1pcs' with both the brand 'Apple' and the model being consistent. The size is confirmed as 1pcs, and the unit is also 'pcs', thus fully supporting a match."
806,KVI-HARD-0031,0.928,match,"The brand 'Windex' matches, the product name 'Glass Cleaner' matches, the size is 500 ml and corresponds to the competitor's title, and the model is not specified in the competitor's entry but the master list does not indicate any other conflicting model. Thus, all criteria for a match are satisfied."
1415,KVI-FMCG-0022,0.95,match,"The competitor product 'Heineken Lager 500ml' matches exactly with the master item 'Heineken Lager 500ml' in terms of brand (Heineken), model (Original), size (500ml), and unit (ml). The comparison confirms all identifiers align perfectly."
1033,KVI-FMCG-0030,1.0,match,"The competitor product 'Crystal Drinking Water 1.5L' matches exactly with the master list entry for 'Crystal Drinking Water 1.5L' in terms of brand ('Crystal'), size (1.5L), and product name."
77,KVI-FMCG-0038,0.9696,match,"The competitor product 'M-150 Energy Drink 250ml' matches exactly with 'M-150 Energy Drink 250ml' in the master list under the criteria of brand 'M-150', model 'Original', packaging size of 250ml, and unit of ml."
1526,KVI-FMCG-0049,0.95,match,"The competitor product 'Lay's Sour Cream Onion 28g BIG SALE' matches exactly with the master KVI candidate 'Lay's Sour Cream Onion 28g'. Both have the same brand 'Lay's', model 'Sour Cream', and physical metric units of size being 28g."
1399,KVI-HARD-0014,0.9384,match,"Both the competitor product and the master KVI candidate have the same brand (Glad), the same product name (Glad Trash Bag Black 30 Gallon 30pcs), and identical size and quantity (30 gallons, 30pcs). Therefore, they match exactly with no discrepancies."
138,KVI-FMCG-0037,0.9715,match,"The competitor product 'M-150 Energy Drink 150ML' matches the master product 'M-150 Energy Drink 150ml' with identical brand 'M-150', model 'Original', size 150.0 and unit 'ml'. The slight difference in casing of 'ml' does not affect the match."
269,KVI-FMCG-0074,0.9594,match,"The competitor product 'Meiji Fresh Milk 450ml' matches exactly with the master candidate 'Meiji Fresh Milk 450ml' in terms of brand 'Meiji', model 'Fresh', and pack size of 450ml."
1588,KVI-FMCG-0005,0.9,match,"The competitor product 'โค้ก Coca-Cola Original Taste 2L' matches with the master KVI candidate 'Coca-Cola Original Taste 2L' in terms of brand (Coca-Cola), product name, size (2L), and unit (L). The properties match exactly."
754,KVI-FMCG-0105,0.8496,match,"The competitor product 'Comfor Comfort Fabric Softener Pink 3.2L x12 PACK' matches the master entry 'Comfort Fabric Softener Pink 3.2L'. The brand 'Comfort' matches exactly, the model 'Pink' is the same, and the pack size of 3.2L also matches. The only difference is the quantity in packaging (x12 PACK), which does not affect the core match since the base item is confirmed."
1282,KVI-ELEC-0020,0.95,match,"The competitor product 'Energizer Mx AAA 8pcs' matches with the master product 'Energizer Max AAA 8pcs'. Both have the same brand 'Energizer', model 'Max', pack size of 8 pcs, and unit 'pcs'. There are no discrepancies in flavor or variant, thus confirming a precise match."
1839,,0.0,no_match,"The competitor product entry describes 'Random unbranded keychain 5pcs', which does not match any of the master KVI candidates in terms of brand, model, size, or category."
301,KVI-FMCG-0025,0.8,match,"The competitor product 'สิงห์ Singha Drinking Water 600ML' matches the KVI candidate as both describe 'Singha Drinking Water' at a size of 600ml, with the brand 'Singha' and physical metrics correctly aligned."
1628,KVI-FMCG-0087,0.7842,match,"Matched on brand as 'Sunsilk', model as 'Black', size as 320ml, and units as ml. No flavor or variant discrepancies found."
796,KVI-HARD-0034,0.95,match,"The competitor product 'Glade Air Freshener  ลิตรavender 400ml' matches the master item 'Glade Air Freshener Lavender 400ml' exactly in brand ('Glade'), model ('Lavender'), size quantity (400ml), and physical metric units (ml). The only minor difference is an extra character in the title of the competitor's product, which does not affect the match."
333,KVI-FMCG-0055,0.95,match,"The competitor product 'Pringles Sour Cream 147g' matches the master KVI candidate 'Pringles Sour Cream 147g' exactly in brand, model, size (147g), and unit (g). All identifiers align perfectly."
891,KVI-FMCG-0032,0.9484,match,"The competitor product 'Sprinkle Drinking Water 600ml' matches exactly with the master KVI candidate 'Sprinkle Drinking Water 600ml' in terms of brand ('Sprinkle'), model ('Water'), size (600ml), and unit (ml)."
661,KVI-HARD-0043,0.84,match,"The competitor product is a Bosch Drill Bit Set with a pack size of 5pcs, matching the master KVI candidate's name and brand exactly, and the sizes are also identical."
1290,KVI-HARD-0033,0.8223,match,"The competitor product has brand 'Glade', model 'Lavender', size '250' which corresponds to 250ml from the master list. The unit 'ml' also matches. Therefore, it is a true match."
171,KVI-FMCG-0035,0.949,match,"The competitor product 'Nestle Pure Life Water 600ml' matches exactly with the master list item 'Nestle Pure Life Water 600ml' in brand, model, size, and units. The pack size of 600ml and the brand 'Nestle' correspond exactly without any variants or different flavors."
930,KVI-HARD-0005,0.9504,match,"The competitor product 'Stanley Hammer Claw 16oz 1pcs Limited!' matches the master list entry 'Stanley Hammer Claw 16oz 1pcs' in brand (Stanley), model is consistent with common branding for this type, size (16oz), quantity (1pcs), and the unit (pcs) match exactly. No discrepancies in flavor, size, or product variant were found."
1651,KVI-HARD-0018,0.8895,match,"The competitor product 'Super Glue Loctite Originl 5g' matches the master entry 'Super Glue Loctite Original 5g' based on brand name 'Loctite', model 'Super', size (5g), and quantity (5) being identical. The only difference is a typo in 'Original' which does not affect the match."
1659,KVI-HARD-0009,0.96,match,"The competitor product 'Scotch-Brite Sponge Multi-Purpose 5pcs PROMOTION' matches exactly with the master list item 'Scotch-Brite Sponge Multi-Purpose 5pcs'. The brand 'Scotch-Brite', model presence is not significantly different as it is implied to be a 'Heavy' model, size is 5pcs and unit is pcs. There is no discrepancy in flavor, size, variant, or unlisted product."
1222,KVI-HARD-0045,0.7702,no_match,"Although the competitor product entry shares the brand 'Bosch' and the product name 'Bosch Drill Bit Set 15pcs', the competitor does not specify 'PRO' as the model, which leads to an uncertainty in the exact match between the two products."
413,KVI-HARD-0021,0.902,match,"The competitor product 'Tupperware Mod. Mate 1.7L' matches with the master item 'Tupperware Modular Mate 1.7L' on brand (Tupperware), model (Square), pack size (1.7L), and units (L)."
992,KVI-FMCG-0016,0.95,match,"The competitor product 'Singh Singha Beer 490ML PACK 12' matches with the master item 'Singha Beer 490ml'. Both items have the same brand 'Singha', model 'Lager', size '490ml', and unit 'ml'. The only difference is that the competitor product indicates a pack of 12, which does not affect the core attributes necessary for a match."
764,KVI-HARD-0024,0.9649,match,"The brand 'Scotch-Brite', product name 'Dish Sponge', quantity '2pcs', and the physical metric unit 'pcs' match exactly with the master KVI candidate."
1249,KVI-FMCG-0071,0.8268,match,"Brand 'Foremost' matches. Model 'Fresh' matches. Size '830ML' matches the pack size '830.0' ml. Both titles reference the same product. Therefore, this is a true match."
1059,KVI-FMCG-0090,0.9,match,Checked the brand: 'Dove' matches. Model: 'Original' is identical. Size quantity: 500ml matches exactly. Physical metric units: 'ml' are consistent. No flavor or variant discrepancies noted.
580,KVI-FMCG-0078,0.9,match,"The competitor product 'ดัชมิลล์ Dutch Mill UHT Milk 1L' matches exactly with the master product 'Dutch Mill UHT Milk 1L' in terms of brand ('Dutch Mill'), model ('UHT'), size quantity (1.0 L), and unit ('L'). All identifiers are consistent."
255,KVI-FMCG-0028,0.8306,match,"The competitor product 'Crystal Drinking Water 350ml x12 PACK' matches the master product 'Crystal Drinking Water 350ml'. The brand 'Crystal', size '350ml', and unit 'ml' match exactly despite the competitor product being a pack of 12."
1099,KVI-FMCG-0010,0.95,match,"The competitor product 'Sprit Lemon-Lime 325ml' matches exactly with the master item 'Sprite Lemon-Lime 325ml' in brand, model, size (325ml), and physical unit (ml)."
884,KVI-HARD-0015,0.9211,match,"The competitor product 'Ziploc Storage Bag Gallon 15pcs' matches exactly with the master list entry 'Ziploc Storage Bag Gallon 15pcs' in brand, model, size (15 pcs), and unit (pcs). Both entries refer to the same product."
1532,KVI-ELEC-0002,1.0,match,"The competitor product 'Apple Lightning USB Cable 2m' matches exactly with the master entry 'Apple Lightning USB Cable 2m' in terms of brand ('Apple'), model ('MD818'), pack size (2.0), and unit ('m')."
1084,KVI-ELEC-0020,1.0,match,"The competitor product 'เอเนอร์ไจเซอร์ Energizer Max AAA 8pcs' matches the master item 'Energizer Max AAA 8pcs'. Both items have the same brand 'Energizer', model 'Max', pack size '8', and unit 'pcs', confirming an exact match."
1488,KVI-HARD-0045,0.8859,match,"The competitor product 'Bosch Drill Bit Set 15pcs' matches the master KVI item 'Bosch Drill Bit Set 15pcs' with identical brand 'Bosch', model 'PRO', and pack size '15pcs'. No flavor, size, or variant discrepancies exist."
1312,KVI-FMCG-0006,0.7144,match,"The competitor product 'เป๊ปซี่ Pepsi Cola 325ml BUNDLE' matches with the master item 'Pepsi Cola 325ml'. The brand 'Pepsi' is identical, the model is 'Original', the size is 325ml which is the same, and the unit is 'ml'."
1695,KVI-HARD-0044,0.8,match,"The competitor product has the same brand (Bosch) as the KVI candidate, and both have a product type of 'Drill Bit Set' with a matching pack size of 10pcs. Since all identifiers including size, brand, and product type match exactly, this is confirmed as a match."
362,KVI-FMCG-0112,0.8,match,"The competitor product 'Vixol Toi. Cleaner 450M' matches the master list entry for 'Vixol Toilet Cleaner 450ml'. Both products share the same brand 'Vixol', model 'Original', and the size of 450 ml matches exactly (450M refers to 450 milliliters). No differences in flavor, size, or variant were noted."
1145,KVI-ELEC-0004,0.95,match,"The competitor product 'Apple USB-C to Lightning 2m' matches exactly with the master KVI candidate 'Apple USB-C to Lightning 2m' in brand ('Apple'), model ('MX0K2'), size quantity (2.0), and physical metric unit ('m'). All attributes align perfectly, confirming a direct product match."
1020,KVI-ELEC-0010,0.8978,match,"The competitor product 'Samsung 25W Fast Charger 1pcs BUNDLE' has the same brand 'Samsung', model 'EP-TA800' (implicitly as it's a 25W charger), size '1pcs', and unit type 'pcs' that exactly match with the master item. The only difference is 'BUNDLE' in the title, which does not alter the characteristics that are used for matching."
2000,,0.0,no_match,"The competitor product entry is an iPhone 8, which has different brand, model, and product category compared to any items in the master KVI candidates (SanDisk and Kingston memory cards). There is no match on brand, model, or product type."
600,KVI-FMCG-0073,0.9596,match,"The competitor product 'Meiji Fresh Milk 200ml' matches with the master KVI candidate 'Meiji Fresh Milk 200ml' in terms of brand (Meiji), model (Fresh), size (200ml), and units (ml)."
163,KVI-FMCG-0107,0.9399,match,"The competitor product 'Downy Concentrate Lavender 1.35L' matches exactly with the master product entry 'Downy Concentrate Lavender 1.35L' in terms of brand 'Downy', model 'Lavender', size '1.35L', and unit 'L'. All identifiers correspond, confirming a true match."
1118,KVI-FMCG-0108,1.0,match,"The competitor product 'Downy Concentrate Lavender 2.8L' matches the master list item 'Downy Concentrate Lavender 2.8L'. Both products share the same brand 'Downy', model 'Lavender', pack size of 2.8L, and units, confirming an exact match."
1625,KVI-FMCG-0025,0.9364,match,"The competitor product 'Singha Drinking Water 600ml' matches exactly with the master KVI candidate 'Singha Drinking Water 600ml' in terms of brand 'Singha', model 'Water', size 600ml, and unit 'ml'."
1251,KVI-ELEC-0008,0.9,match,"The competitor product 'Anker USB-C 20W Charger 1pcs' matches the master list entry 'Anker USB-C 20W Charger 1pcs' exactly in terms of brand (Anker), product name, pack size (1.0), and unit (pcs). No discrepancies were found."
518,KVI-FMCG-0072,0.6957,match,"The competitor product (Formost Fresh Milk 2L) and the master KVI candidate (Foremost Fresh Milk 2L) have identical brand identifiers and model names. The pack size of 2L in both entries is also a direct match, fulfilling the criteria for a match."
254,KVI-FMCG-0073,0.8716,match,"The competitor product 'เมจิ Meiji Fresh Milk 200ml' matches the master item 'Meiji Fresh Milk 200ml' with identical brand 'Meiji', model 'Fresh', size '200ml', and unit 'ml'."
953,KVI-ELEC-0002,0.955,match,"The competitor product 'Apple Lightning USB Cable 2m SET 6 ขวด' matches the master entry 'Apple Lightning USB Cable 2m' in terms of brand (Apple), model and type (Lightning USB Cable), size (2m), and unit (m). The presence of additional text 'SET 6 ขวด' does not change the actual matching product specifications."
1548,KVI-FMCG-0099,0.8156,match,"The competitor product entry 'นีเวีย Nivea Body Lotion Whitening 400ml' exactly matches the master KVI product 'Nivea Body Lotion Whitening 400ml' in the following aspects: brand 'Nivea', model 'Whitening', size '400ml', and physical metrics 'ml'. Therefore, this is a confirmed match."
337,KVI-ELEC-0011,1.0,match,"The competitor product 'Xiaomi 33W Charger 1pcs' matches exactly with the KVI master item with ID 'KVI-ELEC-0011'. Brand 'Xiaomi' matches, model 'MDY-11-EX' is compatible as it refers to the charger model, size is 1 piece (1pcs) and unit is 'pcs' which are consistent."
1167,KVI-HARD-0045,0.8859,match,"The competitor product 'Bosch Drill Bit Set 15pcs BUY1GET1!!!' matches with the master product 'Bosch Drill Bit Set 15pcs'. Both share the same brand (Bosch), product name, model ('PRO' implicitly common), and size quantity (15 pcs). The main identifier for match evaluation is consistent across brand, product name, and size. Therefore, they are considered a match."
91,KVI-FMCG-0095,0.9642,match,"The competitor product 'Sensodyne Toothpaste Original 75g' matches the master list entry in all aspects: brand 'Sensodyne', model 'Original', size 75g, and unit 'g'. The product is identical in name and specifications."
807,KVI-FMCG-0025,0.9364,match,"The competitor product 'Singha Drinking Water 600ml' has an exact match with the master KVI candidate 'Singha Drinking Water 600ml'. Both entries have the same brand 'Singha', model 'Water', pack size of 600ml, and identical product naming."
1083,KVI-HARD-0030,0.963,match,"The competitor product 'Clorox Disinfecting Wipes 75pcs' matches exactly with the KVI master item 'Clorox Disinfecting Wipes 75pcs' in terms of brand ('Clorox'), model ('Original'), size (75 pcs), and unit ('pcs'), confirming it as a true match."
504,KVI-FMCG-0042,0.9195,match,"The competitor product 'Lipton Lemon Tea 450ml' matches exactly with the master item 'Lipton Lemon Tea 450ml' in terms of brand (Lipton), model (Lemon), size (450ml), and unit (ml)."
416,KVI-FMCG-0100,0.8573,match,"The competitor product 'Tid Powder Detergent 900g' matches the master product 'Tide Powder Detergent 900g' in brand ('Tide'), model ('Original'), and packaging size (900g). Both items share identical physical metric units and product specifications."
1482,KVI-HARD-0020,0.9538,match,"The competitor product 'WD-40 Multi-Use Spray 333g' matches exactly with the KVI master product 'WD-40 Multi-Use Spray 333g' based on the brand 'WD-40', model 'Original', size '333g', and unit 'g'."
285,KVI-FMCG-0011,0.8186,match,"The competitor product 'Spr. Lemon-Lime 1.25L' matches exactly with the master list item 'Sprite Lemon-Lime 1.25L' in brand ('Sprite'), model ('Classic'), size (1.25L), and unit ('L')."
1982,,0.0,no_match,"The competitor product is a 'Cute cat ear hairband', which does not match any of the available categories, brands, models, or descriptions from the KVI master list. All KVI candidates are electronics or hardline products."
185,KVI-HARD-0008,0.8028,no_match,"The competitor product specifies 'Scotch-Brite Sponge Multi-Purpose 3pcs', which matches the name and pack size of KVI-HARD-0008 but lacks clarity on the model being 'Heavy', which creates a match discrepancy."
872,KVI-ELEC-0040,0.95,match,"The competitor product 'เสี่ยวมี่ Xiaomi Redmi AirDots 3 1pcs Free Delivery' matches the master product 'Xiaomi Redmi AirDots 3 1pcs'. The brand 'Xiaomi' is the same, the model corresponds as 'RD3', the size is '1pcs', and the unit is 'pcs', confirming a match."
864,KVI-FMCG-0044,0.8,match,"The competitor product 'Nescafe Ori. 240ML' matches the master KVI candidate 'Nescafe Original 240ml' in terms of brand ('Nescafe'), model ('Original'), size (240ml), and units (ml). All required identifiers and physical metrics are consistent."
190,KVI-ELEC-0029,0.9125,match,"The competitor product matches the master list product in brand (SanDisk), model (Ultra), size (128GB), and pack size (1pcs)."
1455,KVI-FMCG-0005,0.8157,match,"The competitor product 'Coca-Cola Original Taste 2L BUNDLE' matches the master product 'Coca-Cola Original Taste 2L' based on brand (Coca-Cola), model (Classic), and size (2L). The only difference is the 'BUNDLE' descriptor, which does not affect the core product identification."
1254,KVI-ELEC-0032,1.0,match,"The competitor product 'Sony WH-1000XM5 1pcs' matches exactly with the master entry for 'Sony WH-1000XM5 1pcs' in terms of brand, model, size quantity (1pcs), and physical metric units (pcs). All identifiers align perfectly."
659,KVI-FMCG-0095,0.9241,match,"The competitor product 'Sensodyne Toothpste Original 75g' matches exactly with the master entry 'Sensodyne Toothpaste Original 75g' on brand (Sensodyne), model (Original), size (75g), and unit (g). The titles only differ in spelling ('Toothpste' instead of 'Toothpaste') which is not significant enough to constitute a different product."
325,KVI-HARD-0025,0.9643,match,"The competitor product 'Scotch-Brite Dish Sponge 4pcs' matches exactly with 'Scotch-Brite Dish Sponge 4pcs' from the master list. The brand 'Scotch-Brite', model 'Soft', size '4pcs', and unit 'pcs' all match exactly."
1434,KVI-FMCG-0041,0.9124,match,"The competitor product 'Lipton Lemon Tea 250ml SUPER SAVE' matches the master product 'Lipton Lemon Tea 250ml'. Both products are from the brand 'Lipton' and have the same model 'Lemon', size of 250ml, and are measured in milliliters. There are no discrepancies in flavor or variant."
897,KVI-FMCG-0112,0.9,match,"The competitor product is 'Vixol Toi. Cleaner 450ml GIFT SET', which matches the master item 'Vixol Toilet Cleaner 450ml' in brand (Vixol), model (Original), size (450ml), and unit (ml). The description differences do not affect the core matching attributes."
650,KVI-FMCG-0108,0.9,match,"The competitor product 'Downy Concentrate Lavender 2.8L BUNDLE' matches the master KVI entry 'Downy Concentrate Lavender 2.8L' in brand ('Downy'), model ('Lavender'), size (2.8L), and unit (L), confirming it as a true match."
706,KVI-HARD-0010,1.0,match,"The competitor product '3M Microfiber Cloth Yellow 2pcs' matches exactly with the master candidate '3M Microfiber Cloth Yellow 2pcs' in terms of brand ('3M'), model ('Microfiber'), size (2pcs), and unit (pcs). The detailed comparison confirms that there are no discrepancies."
1058,KVI-FMCG-0054,0.99,match,"The competitor product 'Pringles Sour Cream 110g' matches exactly with the master KVI candidate: the brand 'Pringles', model 'Sour Cream', size '110g', and unit 'g' are all identical."
117,KVI-ELEC-0024,0.9577,match,"The competitor product 'Panasonic Eneloop AA 4pcs' matches exactly with the master list item 'Panasonic Eneloop AA 4pcs' based on brand 'Panasonic', model 'Eneloop', size '4 pcs', and includes the same units. There are no discrepancies in flavor, size, or variant."
1459,KVI-ELEC-0040,0.9331,match,"Both competitor and master list entries have identical product names, brands (Xiaomi), models match (RD3), size quantities are the same (1pcs), and the physical metric units match (pcs)."
142,KVI-ELEC-0016,0.8526,match,"The competitor product 'เอเนอร์ไจเซอร์ Energizer Max AA 4pcs' exactly matches the brand 'Energizer', model 'Max', size '4pcs', and physical unit 'pcs' of the master KVI candidate 'Energizer Max AA 4pcs'."
873,KVI-FMCG-0069,0.9,match,"The competitor product, 'For. Fresh Milk 225ml', has a 225ml size, matches the brand 'Foremost', and the model name 'Fresh' is consistent with the master list entry for 'Foremost Fresh Milk 225ml'. Therefore, it is a true match."
499,KVI-HARD-0013,0.9414,match,"The competitor product 'Glad Trash Bag Black 30 Gallon 15pcs' matches exactly with the master KVI product in brand (Glad), model (Strong), size (30 Gallon), and quantity (15pcs) - confirming a true match."
533,KVI-FMCG-0095,0.9642,match,"The competitor product 'Sensodyne Toothpaste Original 75g' matches exactly with 'Sensodyne Toothpaste Original 75g' from the master list in terms of brand (Sensodyne), model (Original), size (75g), and unit (g)."
1766,,0.0,no_match,The competitor product 'Generic phone case clear silicone' does not match any of the master KVI candidates. The brands (Generic vs Samsung or SanDisk) and product types (phone case vs earbuds or SD card) are different.
612,KVI-FMCG-0018,0.9147,match,"The competitor product 'ช้าง Chang Beer 320ml' matches exactly with the master product 'Chang Beer 320ml' in brand, size (320ml), and unit (ml). Therefore, they are determined to be the same product."
170,KVI-FMCG-0075,1.0,match,"Brand 'Meiji', model 'Fresh', size '830ml', and units 'ml' match exactly with the KVI master list."
802,KVI-HARD-0031,0.928,match,"The competitor product 'Windex Glass Cleaner 500ml' matches exactly with the master KVI candidate 'Windex Glass Cleaner 500ml'. Brand identifiers (Windex), model (Original), size quantity (500ml), and unit (ml) are identical."
820,KVI-FMCG-0049,0.8215,match,"The competitor product 'Ly's Sour Cream Onion 28g' matches the master KVI product 'Lay's Sour Cream Onion 28g' in terms of brand (Lay's), model (Sour Cream), and pack size (28g). Only the brand naming format differs slightly, but both refer to the same product."
630,KVI-FMCG-0009,0.95,match,"The competitor product 'Pepsi Cola 1.5L' matches the master KVI candidate 'Pepsi Cola 1.5L' in brand (Pepsi), model (Original), size (1.5L), and unit (L). All identifiers match exactly."
176,KVI-HARD-0004,0.9609,match,"The competitor product '3M Duct Tape Silver 50mm' matches exactly with the master KVI product '3M Duct Tape Silver 50mm'. Brand is '3M', model description matches as 'Heavy', size is 50mm, and unit is 'mm'. Therefore, all identifiers match perfectly."
1730,KVI-FMCG-0037,0.8799,match,"The competitor product 'M-150 Energy Drink 150ml BIG SALE' matches the master KVI product 'M-150 Energy Drink 150ml' with identical brand 'M-150', size '150ml', and no discrepancies in flavor or variant. The only difference noted is the 'BIG SALE' in the competitor's title, which does not affect the matching criteria."
931,KVI-HARD-0003,0.9,match,"The competitor product '3M Duct Tpe Silver 48mm' matches the KVI master entry '3M Duct Tape Silver 48mm' based on the brand '3M', model name 'Heavy', exact size of '48mm', and the physical metric unit 'mm'. Therefore, it is a confirmed match."
107,KVI-FMCG-0098,1.0,match,"The raw and cleaned titles specify 'Nivea Body Lotion Whitening 200ml', which exactly matches the product name, brand, model, size, and unit of the candidate with ID KVI-FMCG-0098."
1512,KVI-FMCG-0034,1.0,match,"The competitor product 'Nestle Pure Life Water 330ml' matches the master KVI candidate 'Nestle Pure Life Water 330ml' in terms of brand 'Nestle', model 'Pure Life', size 330ml, and unit 'ml'."
479,KVI-HARD-0043,0.9393,match,"The competitor product 'Bosch Drill Bit Set 5pcs' matches exactly with the master KVI candidate 'Bosch Drill Bit Set 5pcs' in terms of brand 'Bosch', model 'PRO', size quantity of 5 pcs, and unit of pcs. The product names are identical and no discrepancies were found."
557,KVI-FMCG-0102,0.848,match,"The competitor product title 'ไทด์ Tide Powder Detergent 3kg' matches the master KVI product 'Tide Powder Detergent 3kg'. The brand 'Tide' matches exactly. The size is 3 kg, which aligns with the competitor's offering. Therefore, all identifiers match perfectly."
1435,KVI-FMCG-0036,1.0,match,"The competitor product 'Nestle Pure Life Water 1.5L' matches the master list entry 'Nestle Pure Life Water 1.5L' exactly in brand ('Nestle'), model ('Pure Life'), size ('1.5L'), and unit ('L'). The product descriptions are identical, confirming a true match."
1965,,0.0,no_match,"Product is a phone case while master list items are electronic products (earbuds and SD cards), which do not match by brand, model, or category."
1492,KVI-FMCG-0039,0.9536,match,"The competitor product 'Red Bull Energy Drink 150ml' has exact matches with the master KVI item in terms of brand ('Red Bull'), product name ('Red Bull Energy Drink 150ml'), pack size (150ml), and units (ml). "
1188,KVI-FMCG-0007,0.9,match,"The competitor product 'เป๊ปซี่ Pepsi Cola 500ml' matches exactly with the master KVI item 'Pepsi Cola 500ml'. The brand 'Pepsi', model 'Original', size '500ml' and unit 'ml' are identical."
366,KVI-HARD-0007,0.98,match,"The competitor product 'บ๊อช Bosch Drll GSB 550 1pcs BIG SALE' matches the master product 'Bosch Drill GSB 550 1pcs' based on exact brand 'Bosch', model 'GSB550', pack size (1.0 pcs), and unit (pcs). The minor variation in the string 'Drll' (which seems like a typo for 'Drill') does not affect the overall match since the model and unit are identical."
110,KVI-ELEC-0017,1.0,match,"Exact match found with a competitor product; all attributes (brand 'Energizer', model 'Max', pack size '8', unit 'pcs') are identical to the master item."
792,KVI-ELEC-0033,0.935,match,"The competitor product 'Belkin HDMI Cable 2m' matches exactly with the master product 'Belkin HDMI Cable 2m' in terms of brand (Belkin), model (F3Y023), size (2.0 m), and unit (m). There are no discrepancies in flavor, size, variant, or product type."
1365,KVI-FMCG-0049,0.97,match,"The cleaned title 'Lay's Sour Cream Oni. 28g' matches the product name 'Lay's Sour Cream Onion 28g' exactly in terms of brand, model, pack size (28g), and unit (g). No discrepancies in brand identifiers or physical metrics were found."
1130,KVI-FMCG-0034,0.8533,match,"The competitor product 'Nestle Pure Life Water 330ml Free Delivery' matches exactly with the master KVI candidate 'Nestle Pure Life Water 330ml' in brand ('Nestle'), model ('Pure Life'), size (330ml), and the measurement unit (ml)."
1763,,0.0,no_match,"The competitor product is a 'Generic phone case clear silicone', while all available master KVI candidates are electronics products (e.g., headphones and SD cards). There is no brand, model, or product match, confirming it falls under a different category."
278,KVI-HARD-0018,0.842,match,"The competitor product 'Super Glue Loc. Original 5g' matches the master KVI candidate 'Super Glue Loctite Original 5g' in terms of brand (Loctite), model (Super), size (5g), and unit (g). Therefore, it was confirmed as a match."
400,KVI-HARD-0030,0.9,match,"The competitor product 'Clorox Disinfecting Wipes 75pcs ส่งฟรี' matches the master list item 'Clorox Disinfecting Wipes 75pcs' exactly in brand (Clorox), model (Original), size quantity (75pcs), and unit (pcs). The additional term 'ส่งฟรี' for free shipping does not affect the core product matching."
1758,KVI-ELEC-0034,0.8591,match,"The competitor product 'Anker HDMI Cable 1.8m' matches exactly with the master list entry 'Anker HDMI Cable 1.8m' in terms of brand ('Anker'), model ('A8602'), size (1.8), and unit (m)."
280,KVI-FMCG-0106,1.0,match,"The competitor product 'Downy Concentrate Lavender 600ml' matches exactly with the master item 'Downy Concentrate Lavender 600ml' based on the following criteria: Brand 'Downy' matches, model 'Lavender' matches, size '600ml' matches, and physical units 'ml' match."
638,KVI-FMCG-0039,0.95,match,"The competitor product 'Red Bull Energy Drink 150ml' matches with the master entry 'Red Bull Energy Drink 150ml' from KVI, including same brand 'Red Bull', model 'Classic', pack size '150ml', and same metric unit 'ml'."
1577,KVI-HARD-0012,0.9199,match,"The competitor product matches exactly with the master KVI product in terms of brand (Magic), model (Spin360), size quantity (1 pcs), and unit (pcs)."
780,KVI-FMCG-0002,0.841,match,"The competitor product ""CocaCola Coca-Cola Original Taste 500ML"" matches the master list item ""Coca-Cola Original Taste 500ml"". Both have the same brand ""Coca-Cola"", same model name ""Classic"", same size quantity of 500 with units in ml."
606,KVI-FMCG-0001,0.95,match,"The competitor product is 'Coca-Cola Original Taste 330ml', which matches exactly with the master list entry 'Coca-Cola Original Taste 330ml'. The brand, model, size, and unit also match both items precisely."
6,,0.0,no_match,"The competitor product 'Singh Singh Drinking Water 6L' does not match any items in the master list. The brand 'Singh Singh' does not match 'Singha', and there is no corresponding match for the size and flavor as the competitor entry is not found in the KVI candidates."
1179,KVI-ELEC-0014,0.8596,match,"The competitor product 'Belkin Surge Protector 6-Outlet 1pcs Hot Deal' matches exactly with the master KVI candidate 'Belkin Surge Protector 6-Outlet 1pcs' in terms of brand (Belkin), model (BSV804), size (1 pcs), and unit (pcs). There are no discrepancies in flavor, size, or variant."
1018,KVI-FMCG-0008,0.8621,match,"The competitor product 'Pep. Cola 1.45L' matches the master KVI candidate 'Pepsi Cola 1.45L' with the same brand 'Pepsi', model 'Original', size 1.45L, and unit 'L'. All identifiers are consistent."
878,KVI-HARD-0009,0.8916,match,"The competitor product 'Scotch-Brite Sponge Multi-Purpose 5pcs' exactly matches the master KVI candidate in terms of brand ('Scotch-Brite'), product name, model ('Heavy'), size (5pcs), and unit (pcs). All identifiers match exactly, confirming a valid match."
1544,KVI-ELEC-0006,0.9022,match,"The competitor product 'แอนเกอร์ Anker PowerLine USB-C 1.8m' matches the master list item 'Anker PowerLine USB-C 1.8m' with exact brand 'Anker', model 'A8187', size quantity '1.8', and unit 'm'."
871,KVI-FMCG-0103,0.95,match,"The competitor product 'Comfort Fbric Softener Pink 600ml BUNDLE' matches the master list item 'Comfort Fabric Softener Pink 600ml'. The brand 'Comfort' is the same, the model 'Pink' matches, and the size is exactly 600ml. The only difference is a minor typo in 'Fbric' which we consider acceptable in this context. Thus, the match is confirmed."
1967,,0.0,no_match,"The competitor product 'Yoga mat 6mm thick blue' does not match with any items from the KVI master list as it describes a different product category (yoga mat vs microfiber cloth or tape) and does not share brand identifiers, model names, or any relevant specifications."
574,KVI-FMCG-0014,1.0,match,"The competitor product 'Fanta Orange 1.25L' matches exactly with the master list entry 'Fanta Orange 1.25L' in terms of brand (Fanta), model (Orange), pack size (1.25), and unit (L). All attributes align perfectly."
1681,KVI-FMCG-0067,0.8816,match,"The competitor product 'Yum Yum Chicken Noodle 60g' matches exactly with the master product 'Yum Yum Chicken Noodle 60g' in terms of brand 'Yum Yum', model 'Chicken', pack size '60g', and unit 'g'."
1837,,0.0,no_match,"The competitor product is a 'Generic phone case clear silicone', which does not match with any items in the master list that contain specific brands and models like 'Samsung Galaxy Buds 2' or 'SanDisk Ultra SD cards'. The descriptions and categories are entirely different."
1998,,0.0,no_match,"The competitor product 'Plastic flower pot 6 inch' does not match any items in the KVI master list. The available candidates are watering cans and sponges, which are different product categories and do not match the specified brand, model, or dimensions."
521,KVI-FMCG-0025,0.95,match,"Comparing competitor product 'Singha Dri. Water 600ML ใหม่!' with master candidate 'Singha Drinking Water 600ml':
1. Brand: 'Singha' matches 'Singha'.
2. Model: 'Water' matches 'Water'.
3. Size: '600ML' vs '600ml' (case insensitive match for size).
4. Unit: The competitor's product specifies 'ML' which is equivalent to 'ml', thus units match.
No discrepancies found; strong likelihood of being the same product."
1819,,0.0,no_match,"The competitor product is a 'keychain 5pcs', while the master list items are all electronic products with '1pcs' pack sizes and include specific brands and models that do not match. There is no similarity in product type or specification."
1834,,0.0,no_match,"The competitor product is a Yoga mat with specifications that do not match any available items in the master KVI list, which contains only 3M microfiber cloths and duct tape. Additionally, the product name, brand, and type do not align with any offerings in the master catalog."
689,KVI-HARD-0015,0.9211,match,"The competitor product 'Ziploc Storage Bag Gallon 15pcs' matches exactly with the master product listing 'Ziploc Storage Bag Gallon 15pcs' in terms of brand ('Ziploc'), model ('Storage'), size (15), and unit ('pcs')."
1991,,0.0,no_match,Filtered by local retrieval layer: Similarity score fell well below minimum structural threshold.
1267,KVI-ELEC-0037,0.85,match,"The competitor product 'Logitech Wir. Mouse 1pcs' matches the master KVI candidate 'Logitech Wireless Mouse 1pcs' based on the same brand 'Logitech', identical model (inferred 'M331' for wireless mouse), exact pack size of 1.0 pcs, and unit as 'pcs'. There are no discrepancies in flavor, size, variant, or unlisted product attributes."
1310,KVI-FMCG-0075,1.0,match,"The competitor product 'เมจิ Miji Fresh Milk 830ml SET 6 ขวด' matches exactly with the master item 'Meiji Fresh Milk 830ml' in terms of brand (Meiji), model (Fresh), size (830ml), and unit (ml). No discrepancies in attributes."
1829,,0.0,no_match,"The competitor product 'Generic phone case clear silicone' does not match any of the KVI master candidates. The brand 'Generic' does not match 'Samsung' or 'SanDisk', and the product type 'phone case' is not comparable to the candidates that are electronic accessories (Galaxy Buds 2 and SD cards)."
1629,KVI-HARD-0010,0.9708,match,"The competitor product '3M Microfiber Cloth Yellow 2pcs' exactly matches the master product '3M Microfiber Cloth Yellow 2pcs' in brand (3M), model (Microfiber), and pack size (2pcs). All identifiers are consistent."
1198,KVI-FMCG-0105,1.0,match,"The competitor product 'Comfort Fabric Softener Pink 3.2L' matches exactly with the master product 'Comfort Fabric Softener Pink 3.2L', with matching brand 'Comfort', model 'Pink', pack size 3.2, and unit 'L'."
1793,,0.0,no_match,The competitor product (Plastic flower pot 6 inch) does not match any items in the master list as there are no entries for flower pots and the available candidates are all watering cans or unrelated products.
893,KVI-FMCG-0097,1.0,match,"The competitor product 'Nivea Body Lotion Whitening 100ml' matches exactly with the master KVI candidate 'Nivea Body Lotion Whitening 100ml'. Both have the same brand 'Nivea', model 'Whitening', pack size '100ml', and unit 'ml'."
1047,KVI-HARD-0004,0.8,no_match,"The competitor product '3M Duct Tape Silver 50mm BUNDLE' does not match any item in the master list exactly. The competitor item includes 'BUNDLE' which implies a possible variance or differing packaging configuration. Despite the same size and brand, the inclusion of 'BUNDLE' indicates it's a different variant from '3M Duct Tape Silver 50mm'."
1621,KVI-HARD-0016,0.9199,match,"The competitor product 'Ziploc Storage Bag Gallon 38pcs' exactly matches the master entry with ID 'KVI-HARD-0016', including brand 'Ziploc', model 'Storage', and pack size of 38pcs."
817,KVI-FMCG-0044,0.95,match,"The competitor product 'Nescfe Original 240ml' matches exactly with the master KVI candidate 'Nescafe Original 240ml' on all key attributes: Brand identifier matches ('Nescafe'), Model name matches ('Original'), Size quantity matches (240ml), and physical metric units match (ml)."
59,KVI-FMCG-0045,0.95,match,"The competitor product is 'Lay. Classic Salted 28g' which directly matches the master list item 'Lay's Classic Salted 28g'. Both have the same brand 'Lay's', model 'Classic', pack size 28g, and unit 'g'. No differences in flavor or variants."
1034,KVI-FMCG-0034,0.95,match,"The competitor product 'Nestle Pure Life Water 330ml' matches exactly with the KVI master list entry for 'Nestle Pure Life Water 330ml'. Both the brand 'Nestle', model 'Pure Life', size '330ml', and unit 'ml' are identical."
1,KVI-ELEC-0008,0.9117,match,"Brand matches (Anker), model is not provided but product description is consistent (USB-C 20W Charger), size matches (1pcs), unit matches (pcs)."
235,KVI-ELEC-0039,0.792,match,"The competitor product 'Samsung Galaxy Buds 2 1pcs ใหม่!' matches exactly with the master product 'Samsung Galaxy Buds 2 1pcs' in terms of brand (Samsung), model (Buds2), pack size (1.0), and unit (pcs)."
961,KVI-FMCG-0055,1.0,match,"The competitor product 'Pringles Sour Cream 147g' matches exactly with the master item 'Pringles Sour Cream 147g'. The brand is 'Pringles', model is 'Sour Cream', size is 147g, and the unit is 'g', confirming that all identifiers align perfectly."
1462,KVI-FMCG-0025,0.8347,match,"The competitor product 'Singh Singha Drinking Water 600ML' matches the KVI entry 'Singha Drinking Water 600ml' in brand ('Singha'), model ('Water'), size (600ml). The unit of measurement is also consistent (ml) with no variations in flavor or variant."
1559,KVI-FMCG-0082,1.0,match,"The competitor product 'Pantene Shampoo Smooth Silky 170ML BUNDLE' matches exactly with the master item 'Pantene Shampoo Smooth Silky 170ml' in terms of brand ('Pantene'), model ('Smooth'), size (170ml), and unit (ml). The only difference is the word 'BUNDLE', which does not affect the fundamental product attributes."
375,KVI-FMCG-0098,1.0,match,"The competitor product 'นีเวีย Nive Body Lotion Whitening 200ml' matches exactly with the master KVI candidate 'Nivea Body Lotion Whitening 200ml' in brand 'Nivea', model 'Whitening', size '200ml', and unit 'ml'."
950,KVI-ELEC-0020,0.95,match,"The competitor product 'เอเนอร์ไจเซอร์ Energizer Mx AAA 8pcs' matches the master product 'Energizer Max AAA 8pcs' exactly in brand (Energizer), model (Max), pack size (8 pcs), and unit (pcs)."
1030,,0.0,no_match,"The competitor product 'Clo, Disinfecting Wipes 75pcs BIG SALE' uses the brand 'Clo' whereas the master list contains 'Clorox'. Additionally, the product names are not exact matches. Hence, this is not a confirmed match."
1737,KVI-FMCG-0037,0.8718,match,"The competitor product 'M-150 Enrgy Drink 150ML' matches the master list item 'M-150 Energy Drink 150ml' by brand (M-150), model (Original), size (150ml), and unit (ml). There is an exact match on size and brand."
783,KVI-FMCG-0110,0.6884,match,"The competitor product is ""เดทตอล Dettol Antibacterial Liquid 500ml Save 20฿"" which matches the master list item ""Dettol Antibacterial Liquid 500ml"" in terms of brand (Dettol), model (Original), pack size (500ml), and unit (ml). Therefore, it is determined to be a match."
1622,KVI-ELEC-0036,0.9567,match,"The competitor product 'JBL Tune Wireless Earbuds 1pcs' matches exactly with the master item 'JBL Tune Wireless Earbuds 1pcs' in terms of brand 'JBL', model 'TUNE125', pack size of 1.0 pcs, and unit 'pcs'."
1666,KVI-HARD-0005,0.8826,match,"The competitor product 'Stanley Hammer Claw 16oz 1pcs' matches exactly with the master KVI candidate 'Stanley Hammer Claw 16oz 1pcs' in terms of brand 'Stanley', model is consistent with the product category, size/quantity of '16oz 1pcs', and both are in the unit 'pcs'."
1086,KVI-FMCG-0005,0.95,match,"The competitor product 'โค้ก Coc-Cola Original Taste 2L' matches the master list entry 'Coca-Cola Original Taste 2L' on brand ('Coca-Cola'), model ('Classic'), size (2.0 L), and metric unit ('L'). The values are verified to be identical."
629,KVI-FMCG-0088,0.9753,match,"The competitor product 'Sunsilk Shampoo Black Shine 480ML' matches with the master product 'Sunsilk Shampoo Black Shine 480ml' on brand 'Sunsilk', model 'Black', size '480ml', and unit 'ml'."
888,KVI-HARD-0040,0.9691,match,"The competitor product 'Karcher Garden Hose 20m' exactly matches the master product with ID 'KVI-HARD-0040'. Both products have the same brand 'Karcher', the same model, and the size is 20m, ensuring all specified criteria for matching are met."
1836,,0.0,no_match,"The competitor product 'Yoga mat 6mm thick blue' does not match any of the master KVI candidates, which include 3M Microfiber Cloth and Duct Tape products. There is no match in brand, model, or product type."
1828,,0.0,no_match,"The competitor product 'Cooking apron floral pattern' does not match any items from the master list. There are no relevant brand identifiers, model names, sizes, or units that align with the product details provided."
1077,KVI-FMCG-0036,0.939,match,"The competitor product 'Nestle Pure Life Water 1.5L PROMO -10%' has a brand identifier 'Nestle', a model name 'Pure Life', and the pack size of 1.5L matches exactly with the master KVI candidate 'Nestle Pure Life Water 1.5L'. No discrepancies in size, units, or brand."
1994,,0.0,no_match,"The competitor product is a 'DIY craft glue gun mini' and does not match any of the items in the master list, which feature 'Loctite Super Glue' products with different brand identifiers, model names, and sizes."
1936,,0.0,no_match,"The competitor product is a phone case, while all master KVI candidates are electronic accessories (headphones and SD cards). Therefore, they do not match in product type, brand, model, or category."
84,KVI-FMCG-0053,0.9,match,"The competitor product 'Pringles Original 147g' matches exactly with the master product 'Pringles Original 147g' in brand, model name, size (147g), and unit (g)."
1387,KVI-HARD-0028,0.8504,match,"The competitor product 'Rubber Gloves Yel. 2pcs PACK 12' matches the master product 'Rubber Gloves Yellow 2pcs' in brand ('Scotch-Brite'), model ('Heavy'), size quantity (2), and unit ('pcs'). The only difference is the wording in the title, which does not affect the match."
1393,KVI-FMCG-0054,0.95,match,"The brand 'Pringles' is the same for both the competitor product and the KVI candidate. The model 'Sour Cream' matches, and the size is exactly 110g which is identical in both cases. Thus, all critical identifiers match."
55,KVI-ELEC-0019,0.95,match,"The competitor product is Energizer Max AAA with a pack size of 4pcs, matching the KVI master list entry for Energizer Max AAA 4pcs, with the same brand and model."
669,KVI-HARD-0018,0.8,no_match,"The competitor product 'Super Glue Loc. Original 5g x12 PACK' indicates a pack size that is 12 packs of 5g, whereas the master candidate 'Super Glue Loctite Original 5g' is a single unit of 5g. The pack sizes differ, therefore it cannot be considered a match."
758,KVI-HARD-0042,0.8979,match,"The competitor entry 'Watering Can Plastic 10L' matches exactly with the master KVI candidate 'Watering Can Plastic 10L' in terms of brand ('Generic'), size (10L), and model ('Plastic'). All relevant identifiers align perfectly, making it a valid match."
1061,KVI-FMCG-0111,0.9,match,"The competitor product 'Dettol Antibacterial Liquid 1.2L' matches the master entry 'Dettol Antibacterial Liquid 1.2L' with the identical brand 'Dettol', model 'Original', pack size of 1.2 liters, and unit 'L'. All attributes align perfectly, hence it is a confirmed match."
790,KVI-HARD-0022,0.9517,match,"The product from the competitor is 'IKEA SAMLA Box Clear 11L' which matches exactly with the master candidate 'IKEA SAMLA Box Clear 11L'. Both the brand 'IKEA', model 'SAMLA', size '11L', and units 'L' are identical."
114,KVI-ELEC-0014,0.8393,match,"The competitor product 'Belkin Surge Protector 6-Outlet 1pcs' matches the master listing in brand (Belkin), product name, and physical metric unit (1 pcs). Size and variant are also consistent."
1006,KVI-HARD-0019,0.9524,match,"The competitor product 'WD-40 Multi-Use Spray 191g' matches exactly with the master KVI candidate 'WD-40 Multi-Use Spray 191g' in terms of brand (WD-40), size (191g), and model (Original)."
1519,KVI-HARD-0010,0.9708,match,"The product from the competitor is '3M Microfiber Cloth Yellow 2pcs' which exactly matches the master list item with standardizedItemId 'KVI-HARD-0010', including brand '3M', model 'Microfiber', and the pack size of 2pcs. All parameters align perfectly, confirming a true match."
1507,KVI-FMCG-0035,0.949,match,"The competitor product 'Nestle Pure Life Water 600ml' matches exactly with the master product 'Nestle Pure Life Water 600ml' in terms of brand 'Nestle', model 'Pure Life', pack size '600ml', and unit 'ml'."
277,KVI-ELEC-0029,0.9125,match,"The competitor product 'SnDisk Ultra SD 128GB 1pcs' matches exactly with the master product 'SanDisk Ultra SD 128GB 1pcs' on brand (SanDisk), model (Ultra), size (128GB), and unit (1pcs)."
1244,KVI-FMCG-0056,0.8232,match,"The competitor product 'Tasto Potato Chips 27g GIFT SET' matches the master KVI candidate 'Tasto Potato Chips 27g'. The brand identifier is 'Tasto', the model indicates it is 'Salted', and both products share the same size quantity of 27g. The units are consistent (grams), confirming a match."
1700,KVI-ELEC-0012,0.8365,match,"The competitor product 'Anker PowerCore 10000 1pcs' matches the master entry 'Anker PowerCore 10000 1pcs' in brand (Anker), model presence (similar product without specific model mentioned), size (1 pcs), and units (pcs). No discrepancies found."
444,KVI-FMCG-0036,0.9,match,"The product 'Nestle Pure Life Water 1.5L' from the competitor entry matches exactly with the master KVI candidate. The brand 'Nestle' is identical, the model is 'Pure Life', and the size is '1.5L' which aligns perfectly. This confirms a direct match."
1341,KVI-FMCG-0012,0.95,match,"The competitor product is 'Sprite Lemon-Lime 1,5L' which matches exactly with 'Sprite Lemon-Lime 1.5L'. Both have the same brand 'Sprite', and their sizes (1.5L) match exactly. Flavors and model names are also in agreement."
772,KVI-FMCG-0007,0.6731,match,"Matched brand 'Pepsi', model 'Original', size 500ml matches exactly with the master list (packSize: 500.0, unit: ml). The title and descriptors indicate a valid gift set variant but do not conflict with the standard item."
957,KVI-FMCG-0013,0.9637,match,"The brand is 'Fanta', the model is 'Orange', the size is 325ml, and the unit is 'ml'. All identifiers match exactly with the canonical master list."
1212,KVI-FMCG-0083,0.8195,match,"The competitor product 'Pan, Shampoo Smooth Silky 300ml' matches with the master list item 'Pantene Shampoo Smooth Silky 300ml' in terms of brand (Pantene), model (Smooth), size (300ml), and units (ml), matching exactly without any discrepancies."
315,KVI-ELEC-0032,0.95,match,"The brand 'Sony', model 'WH1000XM5', pack size '1', and unit 'pcs' all match exactly with the competitor product entry."
1089,KVI-FMCG-0015,0.95,match,"The competitor product 'สิงห์ Sin. Beer 320ml BUNDLE' matches the item from the master list 'Singha Beer 320ml' on brand (Singha), model (Lager), pack size (320ml), and unit (ml). The only difference is that the competitor product has 'BUNDLE' in the title, which does not affect the core identification of the product."
832,KVI-FMCG-0056,0.7898,match,"The competitor product 'Tasto Potato Chips 27g' matches with the master entry 'Tasto Potato Chips 27g'. The brand 'Tasto' is identical. The model 'Salted' is implied as it matches the KVI listing, pack size is 27g, and unit is grams, all of which are exact matches."
1876,,0.0,no_match,"The competitor product 'Plastic flower pot 6 inch' does not match any items from the canonical master list. The available candidates are watering cans and a sponge, which do not correspond to the competitor's product type (flower pot). Additionally, there are no matching brand or size details."
1159,KVI-FMCG-0069,0.9588,match,"The competitor product 'Foremost Fresh Milk 225ml' matches exactly with the master KVI candidate 'Foremost Fresh Milk 225ml' with brand 'Foremost', model 'Fresh', pack size '225.0 ml', and unit 'ml'."
1643,KVI-HARD-0041,0.953,match,"The competitor product 'Watering Can Plastic 5L' matches the master product 'Watering Can Plastic 5L' exactly in terms of brand (Generic), model (Plastic), size (5L), and unit (L). Therefore, it is confirmed as a match."
1213,KVI-ELEC-0033,1.0,match,"The competitor product 'Belkin HDMI Cable 2m' matches exactly with the KVI item 'Belkin HDMI Cable 2m' in brand 'Belkin', model 'F3Y023', size '2m', and unit 'm'. All identifiers are consistent and there are no differences in flavor, size, or variant."
1054,KVI-FMCG-0081,0.925,match,"Competitor product 'Anchor Butter Salted 454g' matches exactly with master entry 'Anchor Butter Salted 454g' in all attributes: brand 'Anchor', model 'Salted', pack size '454g', and unit 'g'."
1430,KVI-FMCG-0015,0.7999,match,"The competitor product is 'Singh Singha Beer 320ml BIG SALE'. The brand 'Singha' matches the master list. The model is implicitly 'Lager' in both entries, and the pack size of 320ml is exactly the same in both, confirming an exact match."
1514,KVI-HARD-0044,0.938,match,"The competitor product 'Bosch Drill Bit Set 10pcs' matches the master list entry 'Bosch Drill Bit Set 10pcs' with the same brand 'Bosch', model 'PRO', size '10pcs', and unit 'pcs'."
350,KVI-ELEC-0006,1.0,match,"The competitor product 'Anker PowerLine USB-C 1.8m' exactly matches the master product 'Anker PowerLine USB-C 1.8m' in brand (Anker), model type (A8187), pack size (1.8), and unit (m). All attributes are consistent."
1369,KVI-HARD-0029,0.9654,match,"The competitor product 'Clorox Disinfecting Wipes 35pcs' matches exactly with the master item. Brand (Clorox), model (Original), size (35 pcs), and unit (pcs) are all identical."
841,KVI-FMCG-0066,0.9398,match,"The competitor product 'WaiWai Original 90g' matches exactly with the master list item 'WaiWai Original 90g' in terms of brand ('WaiWai'), model ('Original'), size (90g), and physical metric units (grams)."
1332,KVI-FMCG-0021,0.95,match,"The competitor product title refers to 'Heineken Lager 330M' which corresponds to the KVI product 'Heineken Lager 330ml'. The brand 'Heineken' matches exactly, and both items have a pack size of 330ml, confirming an exact match."
881,KVI-FMCG-0052,0.95,match,"The competitor product 'Pringles Original 110g BIG SALE' matches with master item 'Pringles Original 110g'. Both have the same brand 'Pringles', model 'Original', size 110g, and unit 'g'. The additional text 'BIG SALE' does not affect the match."
447,KVI-ELEC-0027,0.9,match,"The competitor product 'Osram LED Bulb 12W Cool 1pcs ใหม่!' matches the master list product 'Osram LED Bulb 12W Cool 1pcs' in brand (Osram), model (Value), size (12W), quantity (1), and unit (pcs)."
522,KVI-FMCG-0080,0.9229,match,"The competitor product 'Anchor Butter Salted 227g' matches the master candidate 'Anchor Butter Salted 227g' in brand, model, size, and unit. Exact match found with identical details."
485,KVI-FMCG-0084,0.9584,match,"The competitor product 'Pantene Shampoo Smooth Silky 480ml' exactly matches the master KVI candidate 'Pantene Shampoo Smooth Silky 480ml' in brand, model, size (480ml), and units (ml)."
1602,KVI-HARD-0027,0.9578,match,"Identical brand 'Scotch-Brite', model 'Heavy', and exact pack size of 1pcs match the cleaned title 'Rubber Gloves Yellow 1pcs'."
334,KVI-FMCG-0042,0.9195,match,"The competitor product 'Lipton Lemon Tea 450ml' matches exactly with the master list entry 'Lipton Lemon Tea 450ml' in terms of brand 'Lipton', model 'Lemon', size '450ml', and unit 'ml'."
1199,KVI-FMCG-0070,1.0,match,"Competitor product 'โฟร์โมสต์ Foremost Fresh Milk 450ml' matches exactly with master KVI candidate 'Foremost Fresh Milk 450ml' in all criteria: brand 'Foremost', model 'Fresh', size '450ml', and unit 'ml'."
1230,KVI-FMCG-0064,0.9,match,"The competitor product 'มาม่า MAMA Pork Flavor 60g BUY1GET1!!!' matches the master KVI entry 'MAMA Pork Flavor 60g' exactly in terms of brand ('MAMA'), model ('Pork'), and size (60g). The only differences are promotional text ('BUY1GET1!!!') in the competitor's title, which does not affect the core product attributes. Therefore, it is considered a match."
126,KVI-FMCG-0090,1.0,match,"The competitor product 'Dove Body Wash Original 500ml' exactly matches with the master candidate 'Dove Body Wash Original 500ml'. Both have the same brand 'Dove', model 'Original', size '500ml', and units in 'ml'."
1225,KVI-FMCG-0014,1.0,match,"The competitor product 'Fanta Orange 1.25L' exactly matches with the master KVI candidate 'Fanta Orange 1.25L' in terms of brand ('Fanta'), model ('Orange'), pack size (1.25), and unit ('L') as well as identical product names."
561,KVI-ELEC-0026,0.8465,match,"The competitor product 'Phi. LED Bulb 9W Warm White 3pcs' matches exactly with the master list item 'Philips LED Bulb 9W Warm White 3pcs' in brand, model, size (3pcs), and unit (pcs)."
1243,KVI-FMCG-0024,0.9,match,"The competitor product 'Singh Drinking Water 330ml' matches the master product 'Singha Drinking Water 330ml' based on exact brand identifier 'Singha', model 'Water', size quantity '330ml', and physical metric unit 'ml'."
367,KVI-ELEC-0026,0.96,match,"The competitor product 'Philips LED Bulb 9W Warm White 3pcs' matches exactly with the master KVI candidate 'Philips LED Bulb 9W Warm White 3pcs'. The brand 'Philips', model 'Essential', size '3pcs', and units 'pcs' all match perfectly."
1196,KVI-HARD-0019,0.95,match,"The competitor product 'WD-40 Multi-Use Spray 191g' matches exactly with the master list item 'WD-40 Multi-Use Spray 191g' by brand, model, size (191g), and unit (g). All relevant attributes are identical."
1301,KVI-FMCG-0028,0.9,match,"The competitor product 'Crystal Drinking Water 350ml' matches exactly with the KVI master entry 'Crystal Drinking Water 350ml' in terms of brand ('Crystal'), model ('Water'), size (350ml), and unit (ml). The context of 'Promotion' does not affect the identity of the product."
976,KVI-FMCG-0039,0.95,match,"The competitor product 'Red Bull Energy Drink 150ML' matches the master KVI candidate 'Red Bull Energy Drink 150ml' in terms of brand 'Red Bull', model 'Classic', pack size of 150.0 ml, and has the same product type."
1974,,0.0,no_match,"The competitor product 'Cute cat ear hairband' does not match any items from the master list based on brand identifiers, model names, size quantities, and physical metric units. The competitor item is a hairband, while the master candidates are categorized as electronics and hardline products and do not relate to hair accessories."
434,KVI-FMCG-0042,0.9195,match,"The competitor product 'Lipton Lemon Tea 450ml' matches exactly with the master item 'Lipton Lemon Tea 450ml'. The brand 'Lipton', model 'Lemon', size 450ml, and units are identical. No discrepancies noted."
1765,,0.0,no_match,"The competitor product 'Cute cat ear hairband' does not match any item in the master list due to different product category, brand, model, and no exact match in product description."
1973,,0.0,no_match,"The competitor product is a 'Plastic flower pot 6 inch' which does not match any available master KVI candidates in terms of product type, brand, model, or size. The top candidates are watering cans and a sponge product, which are entirely different categories and do not correspond to the competitor's offering."
1549,KVI-FMCG-0080,0.95,match,"The competitor product 'Anchor Butter Slted 227g' matches exactly with the master product 'Anchor Butter Salted 227g'. The brand 'Anchor', model 'Salted', size '227g' and unit 'g' are identical."
1861,,0.0,no_match,Filtered by local retrieval layer: Similarity score fell well below minimum structural threshold.
188,KVI-FMCG-0039,0.9,match,"The competitor product is 'Redbull Rd Bull Energy Drink 150ml' which matches the brand 'Red Bull' and the exact pack size of '150ml' with the KVI Master product 'Red Bull Energy Drink 150ml'. There are no mismatches in flavor, size, or variant, confirming a true match."
943,KVI-FMCG-0087,0.95,match,"The competitor product 'Sunsilk Shampoo Black Shine 320ML' matches exactly with the master product 'Sunsilk Shampoo Black Shine 320ml' in brand (Sunsilk), model (Black), pack size (320ml), and unit (ml). The only difference is in the capitalization of 'ml', which does not affect the match."
1181,KVI-HARD-0007,0.9,match,"The competitor product 'Bosch Dri. GSB 550 1pcs' matches with the master item 'Bosch Drill GSB 550 1pcs' in terms of brand (Bosch), model (GSB550), size quantity (1), and unit (pcs). The description indicates no variation in flavor, size, or product type."
1912,,0.0,no_match,"The competitor product is a 'Generic phone case clear silicone', while the available candidates are electronic products (Samsung Galaxy Buds, SanDisk Ultra SD). There is no match in brand, product type, or category. Therefore, it is confirmed that this is a 'no_match'."
118,KVI-FMCG-0066,0.9398,match,"The competitor product 'WaiWai Original 90g' exactly matches the master list entry 'WaiWai Original 90g' in terms of brand, model, size (90g), and unit (g). The match has a high similarity score, confirming it as a true match."
409,KVI-FMCG-0065,0.9344,match,"Both the competitor product 'WaiWai Original 60g' and the master list item 'WaiWai Original 60g' have the same brand 'WaiWai', the same model 'Original', and match exactly on size and unit (60g). Therefore, they are considered a match."
1280,KVI-FMCG-0036,1.0,match,"The competitor product 'Nestle Pure Life Water 1.5L' exactly matches the master KVI candidate with ID 'KVI-FMCG-0036'. The brand 'Nestle' is the same, the model 'Pure Life' is the same, the pack size of 1.5L is the same, and the unit 'L' is also the same."
1013,KVI-FMCG-0091,1.0,match,"The competitor product 'Dove Body Wash Original 1L' matches exactly with the master KVI candidate 'Dove Body Wash Original 1L'. The brand 'Dove' is identical, the model 'Original' is the same, the size is 1 liter (1L), and the units are also consistent."
1851,,0.0,no_match,"The competitor product is a plastic flower pot of size 6 inch, while the available KVI candidates are different products (watering cans and a dish sponge) with no matching brand, model, or size."
833,KVI-FMCG-0062,0.8468,match,"The competitor product title matches exactly with the master KVI candidate for MAMA Tom Yum Goong 90g in terms of brand (MAMA), model (Tom Yum), size (90g), and unit (g). The matching is confirmed with no variations in flavor or size."
570,KVI-HARD-0031,0.928,match,"The competitor product 'Windex Glass Cleaner 500ML' has a matching brand 'Windex' and a matching size of 500 ml. Both the product name and brand identifiers are identical, confirming a true match."
